Year,Month,NetID,Latitude,Longitude,depth_m,GEBCO_old_m,depth_JEGG500_IDW_m,JEGG_quality,net_name,net_label,date,target_date,Jday,SST,SST_climatology,SST_anomaly,core_risk,core_percentile,core_risk_class,relative_risk_percentile,relative_risk_class,period_label,model_main,forecast_ocean_mode,ocean_forecast_source,note
2016,5,16,33.302961,134.204049,83.4,60,83.4,A,三津,三津 / NetID 16,2016-05-15,2016-05-15,137,21.12677406451613,21.204137346129166,-0.07736328161303507,0.2591391282881547,0.8598533724340176,High,0.8598533724340176,High,2016-05,GAM: cyclic Jday + SST anomaly + J-EGG500 IDW depth,historical_oisst_monthly_mean,NOAA OISST historical,Monthly mean of fixed-reference relative percentiles; not an absolute probability.
2016,5,19,33.456354,134.256776,49.8,40,49.8,A,東洋,東洋 / NetID 19,2016-05-15,2016-05-15,137,21.31903206451613,21.204137346129166,0.1148947183869649,0.20378646755075575,0.8212414467253177,High,0.8212414467253177,High,2016-05,GAM: cyclic Jday + SST anomaly + J-EGG500 IDW depth,historical_oisst_monthly_mean,NOAA OISST historical,Monthly mean of fixed-reference relative percentiles; not an absolute probability.
2016,5,17,33.428671,134.243505,50.7,45,50.7,A,佐喜浜,佐喜浜 / NetID 17,2016-05-15,2016-05-15,137,21.12677406451613,21.204137346129166,-0.07736328161303507,0.20117875242603275,0.8196383186705768,High,0.8196383186705768,High,2016-05,GAM: cyclic Jday + SST anomaly + J-EGG500 IDW depth,historical_oisst_monthly_mean,NOAA OISST historical,Monthly mean of fixed-reference relative percentiles; not an absolute probability.
2016,5,18,33.455525,134.256103,49.3,44,49.3,A,野根,野根 / NetID 18,2016-05-15,2016-05-15,137,21.31903206451613,21.204137346129166,0.1148947183869649,0.19893253109831163,0.8177712609970674,High,0.8177712609970674,High,2016-05,GAM: cyclic Jday + SST anomaly + J-EGG500 IDW depth,historical_oisst_monthly_mean,NOAA OISST historical,Monthly mean of fixed-reference relative percentiles; not an absolute probability.
2016,5,14,33.311308,134.201197,35.8,30,35.8,A,椎名,椎名 / NetID 14,2016-05-15,2016-05-15,137,21.12677406451613,21.204137346129166,-0.07736328161303507,0.17966793712539594,0.802316715542522,High,0.802316715542522,High,2016-05,GAM: cyclic Jday + SST anomaly + J-EGG500 IDW depth,historical_oisst_monthly_mean,NOAA OISST historical,Monthly mean of fixed-reference relative percentiles; not an absolute probability.
2016,5,3,32.812774,132.642032,54.7,44,54.7,A,橘浦,橘浦 / NetID 3,2016-05-15,2016-05-15,137,21.66483841935484,21.204137346129166,0.46070107322567466,0.17669721077820813,0.800674486803519,High,0.800674486803519,High,2016-05,GAM: cyclic Jday + SST anomaly + J-EGG500 IDW depth,historical_oisst_monthly_mean,NOAA OISST historical,Monthly mean of fixed-reference relative percentiles; not an absolute probability.
2016,5,11,32.77052,133.019357,47.4,28,47.4,B,窪津,窪津 / NetID 11,2016-05-15,2016-05-15,137,21.923548258064518,21.204137346129166,0.7194109119353522,0.17033231819367933,0.7964613880742913,High,0.7964613880742913,High,2016-05,GAM: cyclic Jday + SST anomaly + J-EGG500 IDW depth,historical_oisst_monthly_mean,NOAA OISST historical,Monthly mean of fixed-reference relative percentiles; not an absolute probability.
2016,5,2,32.802579,132.633563,56,41,56,C,安満地,安満地 / NetID 2,2016-05-15,2016-05-15,137,21.66483841935484,21.204137346129166,0.46070107322567466,0.16261512268099207,0.7879863147605083,High,0.7879863147605083,High,2016-05,GAM: cyclic Jday + SST anomaly + J-EGG500 IDW depth,historical_oisst_monthly_mean,NOAA OISST historical,Monthly mean of fixed-reference relative percentiles; not an absolute probability.
2016,5,20,33.593837,134.379416,36.1,33,36.1,A,鞆浦,鞆浦 / NetID 20,2016-05-15,2016-05-15,137,20.876773806451613,21.204137346129166,-0.32736353967755155,0.1496739949626689,0.77455522971652,High,0.77455522971652,High,2016-05,GAM: cyclic Jday + SST anomaly + J-EGG500 IDW depth,historical_oisst_monthly_mean,NOAA OISST historical,Monthly mean of fixed-reference relative percentiles; not an absolute probability.
2016,5,15,33.269809,134.202371,56.9,47,56.9,A,高岡,高岡 / NetID 15,2016-05-15,2016-05-15,137,21.12677406451613,21.204137346129166,-0.07736328161303507,0.14386647622917434,0.7692375366568915,High,0.7692375366568915,High,2016-05,GAM: cyclic Jday + SST anomaly + J-EGG500 IDW depth,historical_oisst_monthly_mean,NOAA OISST historical,Monthly mean of fixed-reference relative percentiles; not an absolute probability.
2016,5,10,33.35765,133.337593,6.1,19,6.1,A,双子,双子 / NetID 10,2016-05-15,2016-05-15,137,20.676128645161292,21.204137346129166,-0.5280087009678737,0.09133220296352756,0.7090127077223851,Moderate,0.7090127077223851,Moderate,2016-05,GAM: cyclic Jday + SST anomaly + J-EGG500 IDW depth,historical_oisst_monthly_mean,NOAA OISST historical,Monthly mean of fixed-reference relative percentiles; not an absolute probability.
2016,5,12,33.400017,134.011099,23.7,26,23.7,A,奈半利,奈半利 / NetID 12,2016-05-15,2016-05-15,137,21.12677406451613,21.204137346129166,-0.07736328161303507,0.05996308107412928,0.6373020527859238,Moderate,0.6373020527859238,Moderate,2016-05,GAM: cyclic Jday + SST anomaly + J-EGG500 IDW depth,historical_oisst_monthly_mean,NOAA OISST historical,Monthly mean of fixed-reference relative percentiles; not an absolute probability.
2016,5,8,32.734923,133.029438,42.8,49,42.8,A,伊佐,伊佐 / NetID 8,2016-05-15,2016-05-15,137,22.75193529032258,21.204137346129166,1.5477979441934167,0.056508623552185805,0.6314956011730205,Moderate,0.6314956011730205,Moderate,2016-05,GAM: cyclic Jday + SST anomaly + J-EGG500 IDW depth,historical_oisst_monthly_mean,NOAA OISST historical,Monthly mean of fixed-reference relative percentiles; not an absolute probability.
2016,5,9,33.159542,133.224963,42,34,42,A,窪川,窪川 / NetID 9,2016-05-15,2016-05-15,137,21.340322354838708,21.204137346129166,0.1361850087095456,0.03660309928245933,0.563743890518084,Moderate,0.563743890518084,Moderate,2016-05,GAM: cyclic Jday + SST anomaly + J-EGG500 IDW depth,historical_oisst_monthly_mean,NOAA OISST historical,Monthly mean of fixed-reference relative percentiles; not an absolute probability.
2016,5,1,32.793914,132.628975,40,30,40,A,一切,一切 / NetID 1,2016-05-15,2016-05-15,137,21.66483841935484,21.204137346129166,0.46070107322567466,0.03558047901419025,0.555229716520039,Moderate,0.555229716520039,Moderate,2016-05,GAM: cyclic Jday + SST anomaly + J-EGG500 IDW depth,historical_oisst_monthly_mean,NOAA OISST historical,Monthly mean of fixed-reference relative percentiles; not an absolute probability.
2016,5,4,32.784353,132.703013,40.3,45,40.3,B,古満目,古満目 / NetID 4,2016-05-15,2016-05-15,137,21.66483841935484,21.204137346129166,0.46070107322567466,0.03452063516874833,0.5502346041055719,Moderate,0.5502346041055719,Moderate,2016-05,GAM: cyclic Jday + SST anomaly + J-EGG500 IDW depth,historical_oisst_monthly_mean,NOAA OISST historical,Monthly mean of fixed-reference relative percentiles; not an absolute probability.
2016,5,13,33.360612,134.043999,17.1,23,17.1,A,羽根,羽根 / NetID 13,2016-05-15,2016-05-15,137,21.12677406451613,21.204137346129166,-0.07736328161303507,0.020062746288322785,0.4625122189638319,Low,0.4625122189638319,Low,2016-05,GAM: cyclic Jday + SST anomaly + J-EGG500 IDW depth,historical_oisst_monthly_mean,NOAA OISST historical,Monthly mean of fixed-reference relative percentiles; not an absolute probability.
2016,6,16,33.302961,134.204049,83.4,60,83.4,A,三津,三津 / NetID 16,2016-06-15,2016-06-15,168,23.8789997,23.443751009489777,0.43524869051022513,0.5173138943697664,0.9731515151515152,Very high,0.9731515151515152,Very high,2016-06,GAM: cyclic Jday + SST anomaly + J-EGG500 IDW depth,historical_oisst_monthly_mean,NOAA OISST historical,Monthly mean of fixed-reference relative percentiles; not an absolute probability.
2016,6,17,33.428671,134.243505,50.7,45,50.7,A,佐喜浜,佐喜浜 / NetID 17,2016-06-15,2016-06-15,168,23.8789997,23.443751009489777,0.43524869051022513,0.430020198111407,0.950010101010101,Very high,0.950010101010101,Very high,2016-06,GAM: cyclic Jday + SST anomaly + J-EGG500 IDW depth,historical_oisst_monthly_mean,NOAA OISST historical,Monthly mean of fixed-reference relative percentiles; not an absolute probability.
2016,6,19,33.456354,134.256776,49.8,40,49.8,A,東洋,東洋 / NetID 19,2016-06-15,2016-06-15,168,23.708666433333335,23.443751009489777,0.26491542384355793,0.41821951655666023,0.9457676767676768,Very high,0.9457676767676768,Very high,2016-06,GAM: cyclic Jday + SST anomaly + J-EGG500 IDW depth,historical_oisst_monthly_mean,NOAA OISST historical,Monthly mean of fixed-reference relative percentiles; not an absolute probability.
2016,6,18,33.455525,134.256103,49.3,44,49.3,A,野根,野根 / NetID 18,2016-06-15,2016-06-15,168,23.708666433333335,23.443751009489777,0.26491542384355793,0.4104507759931366,0.9424242424242424,Very high,0.9424242424242424,Very high,2016-06,GAM: cyclic Jday + SST anomaly + J-EGG500 IDW depth,historical_oisst_monthly_mean,NOAA OISST historical,Monthly mean of fixed-reference relative percentiles; not an absolute probability.
2016,6,14,33.311308,134.201197,35.8,30,35.8,A,椎名,椎名 / NetID 14,2016-06-15,2016-06-15,168,23.8789997,23.443751009489777,0.43524869051022513,0.3941964875662122,0.935979797979798,Very high,0.935979797979798,Very high,2016-06,GAM: cyclic Jday + SST anomaly + J-EGG500 IDW depth,historical_oisst_monthly_mean,NOAA OISST historical,Monthly mean of fixed-reference relative percentiles; not an absolute probability.
2016,6,11,32.77052,133.019357,47.4,28,47.4,B,窪津,窪津 / NetID 11,2016-06-15,2016-06-15,168,24.3989997,23.443751009489777,0.9552486905102249,0.37043344639213616,0.9258989898989899,Very high,0.9258989898989899,Very high,2016-06,GAM: cyclic Jday + SST anomaly + J-EGG500 IDW depth,historical_oisst_monthly_mean,NOAA OISST historical,Monthly mean of fixed-reference relative percentiles; not an absolute probability.
2016,6,3,32.812774,132.642032,54.7,44,54.7,A,橘浦,橘浦 / NetID 3,2016-06-15,2016-06-15,168,23.579999733333334,23.443751009489777,0.13624872384355852,0.3557480125731934,0.9184141414141413,Very high,0.9184141414141413,Very high,2016-06,GAM: cyclic Jday + SST anomaly + J-EGG500 IDW depth,historical_oisst_monthly_mean,NOAA OISST historical,Monthly mean of fixed-reference relative percentiles; not an absolute probability.
2016,6,2,32.802579,132.633563,56,41,56,C,安満地,安満地 / NetID 2,2016-06-15,2016-06-15,168,23.579999733333334,23.443751009489777,0.13624872384355852,0.33205355726709046,0.9064040404040404,Very high,0.9064040404040404,Very high,2016-06,GAM: cyclic Jday + SST anomaly + J-EGG500 IDW depth,historical_oisst_monthly_mean,NOAA OISST historical,Monthly mean of fixed-reference relative percentiles; not an absolute probability.
2016,6,15,33.269809,134.202371,56.9,47,56.9,A,高岡,高岡 / NetID 15,2016-06-15,2016-06-15,168,23.8789997,23.443751009489777,0.43524869051022513,0.3299774177765135,0.9051919191919192,Very high,0.9051919191919192,Very high,2016-06,GAM: cyclic Jday + SST anomaly + J-EGG500 IDW depth,historical_oisst_monthly_mean,NOAA OISST historical,Monthly mean of fixed-reference relative percentiles; not an absolute probability.
2016,6,20,33.593837,134.379416,36.1,33,36.1,A,鞆浦,鞆浦 / NetID 20,2016-06-15,2016-06-15,168,23.147666333333333,23.443751009489777,-0.29608467615644213,0.320501817259547,0.9005555555555556,Very high,0.9005555555555556,Very high,2016-06,GAM: cyclic Jday + SST anomaly + J-EGG500 IDW depth,historical_oisst_monthly_mean,NOAA OISST historical,Monthly mean of fixed-reference relative percentiles; not an absolute probability.
2016,6,10,33.35765,133.337593,6.1,19,6.1,A,双子,双子 / NetID 10,2016-06-15,2016-06-15,168,23.734666433333334,23.443751009489777,0.29091542384355834,0.2398337336876602,0.8601919191919192,High,0.8601919191919192,High,2016-06,GAM: cyclic Jday + SST anomaly + J-EGG500 IDW depth,historical_oisst_monthly_mean,NOAA OISST historical,Monthly mean of fixed-reference relative percentiles; not an absolute probability.
2016,6,12,33.400017,134.011099,23.7,26,23.7,A,奈半利,奈半利 / NetID 12,2016-06-15,2016-06-15,168,23.8789997,23.443751009489777,0.43524869051022513,0.15342978484460126,0.7992626262626262,High,0.7992626262626262,High,2016-06,GAM: cyclic Jday + SST anomaly + J-EGG500 IDW depth,historical_oisst_monthly_mean,NOAA OISST historical,Monthly mean of fixed-reference relative percentiles; not an absolute probability.
2016,6,8,32.734923,133.029438,42.8,49,42.8,A,伊佐,伊佐 / NetID 8,2016-06-15,2016-06-15,168,25.0479996,23.443751009489777,1.6042485905102246,0.1381827231452372,0.7837979797979798,High,0.7837979797979798,High,2016-06,GAM: cyclic Jday + SST anomaly + J-EGG500 IDW depth,historical_oisst_monthly_mean,NOAA OISST historical,Monthly mean of fixed-reference relative percentiles; not an absolute probability.
2016,6,9,33.159542,133.224963,42,34,42,A,窪川,窪川 / NetID 9,2016-06-15,2016-06-15,168,23.9643331,23.443751009489777,0.520582090510225,0.0973054931667325,0.7350505050505051,Moderate,0.7350505050505051,Moderate,2016-06,GAM: cyclic Jday + SST anomaly + J-EGG500 IDW depth,historical_oisst_monthly_mean,NOAA OISST historical,Monthly mean of fixed-reference relative percentiles; not an absolute probability.
2016,6,1,32.793914,132.628975,40,30,40,A,一切,一切 / NetID 1,2016-06-15,2016-06-15,168,23.579999733333334,23.443751009489777,0.13624872384355852,0.08286087608073048,0.7117676767676767,Moderate,0.7117676767676767,Moderate,2016-06,GAM: cyclic Jday + SST anomaly + J-EGG500 IDW depth,historical_oisst_monthly_mean,NOAA OISST historical,Monthly mean of fixed-reference relative percentiles; not an absolute probability.
2016,6,4,32.784353,132.703013,40.3,45,40.3,B,古満目,古満目 / NetID 4,2016-06-15,2016-06-15,168,23.579999733333334,23.443751009489777,0.13624872384355852,0.08048361973357246,0.7078585858585859,Moderate,0.7078585858585859,Moderate,2016-06,GAM: cyclic Jday + SST anomaly + J-EGG500 IDW depth,historical_oisst_monthly_mean,NOAA OISST historical,Monthly mean of fixed-reference relative percentiles; not an absolute probability.
2016,6,13,33.360612,134.043999,17.1,23,17.1,A,羽根,羽根 / NetID 13,2016-06-15,2016-06-15,168,23.8789997,23.443751009489777,0.43524869051022513,0.054242492552199977,0.6533030303030303,Moderate,0.6533030303030303,Moderate,2016-06,GAM: cyclic Jday + SST anomaly + J-EGG500 IDW depth,historical_oisst_monthly_mean,NOAA OISST historical,Monthly mean of fixed-reference relative percentiles; not an absolute probability.
2016,7,16,33.302961,134.204049,83.4,60,83.4,A,三津,三津 / NetID 16,2016-07-15,2016-07-15,198,26.251290096774195,26.353649758897514,-0.10235966212332016,0.29522176325147764,0.8890811339198436,High,0.8890811339198436,High,2016-07,GAM: cyclic Jday + SST anomaly + J-EGG500 IDW depth,historical_oisst_monthly_mean,NOAA OISST historical,Monthly mean of fixed-reference relative percentiles; not an absolute probability.
2016,7,17,33.428671,134.243505,50.7,45,50.7,A,佐喜浜,佐喜浜 / NetID 17,2016-07-15,2016-07-15,198,26.251290096774195,26.353649758897514,-0.10235966212332016,0.22794552036134258,0.8526001955034214,High,0.8526001955034214,High,2016-07,GAM: cyclic Jday + SST anomaly + J-EGG500 IDW depth,historical_oisst_monthly_mean,NOAA OISST historical,Monthly mean of fixed-reference relative percentiles; not an absolute probability.
2016,7,19,33.456354,134.256776,49.8,40,49.8,A,東洋,東洋 / NetID 19,2016-07-15,2016-07-15,198,26.149032064516128,26.353649758897514,-0.20461769438138483,0.2215121840960556,0.8489638318670577,High,0.8489638318670577,High,2016-07,GAM: cyclic Jday + SST anomaly + J-EGG500 IDW depth,historical_oisst_monthly_mean,NOAA OISST historical,Monthly mean of fixed-reference relative percentiles; not an absolute probability.
2016,7,18,33.455525,134.256103,49.3,44,49.3,A,野根,野根 / NetID 18,2016-07-15,2016-07-15,198,26.149032064516128,26.353649758897514,-0.20461769438138483,0.21604914325685554,0.8451710654936462,High,0.8451710654936462,High,2016-07,GAM: cyclic Jday + SST anomaly + J-EGG500 IDW depth,historical_oisst_monthly_mean,NOAA OISST historical,Monthly mean of fixed-reference relative percentiles; not an absolute probability.
2016,7,14,33.311308,134.201197,35.8,30,35.8,A,椎名,椎名 / NetID 14,2016-07-15,2016-07-15,198,26.251290096774195,26.353649758897514,-0.10235966212332016,0.20302271178467485,0.8369696969696969,High,0.8369696969696969,High,2016-07,GAM: cyclic Jday + SST anomaly + J-EGG500 IDW depth,historical_oisst_monthly_mean,NOAA OISST historical,Monthly mean of fixed-reference relative percentiles; not an absolute probability.
2016,7,11,32.77052,133.019357,47.4,28,47.4,B,窪津,窪津 / NetID 11,2016-07-15,2016-07-15,198,26.717096258064515,26.353649758897514,0.36344649916700206,0.18455030336464776,0.8251515151515152,High,0.8251515151515152,High,2016-07,GAM: cyclic Jday + SST anomaly + J-EGG500 IDW depth,historical_oisst_monthly_mean,NOAA OISST historical,Monthly mean of fixed-reference relative percentiles; not an absolute probability.
2016,7,3,32.812774,132.642032,54.7,44,54.7,A,橘浦,橘浦 / NetID 3,2016-07-15,2016-07-15,198,25.959031838709677,26.353649758897514,-0.3946179201878366,0.17661356918122198,0.8186901270772239,High,0.8186901270772239,High,2016-07,GAM: cyclic Jday + SST anomaly + J-EGG500 IDW depth,historical_oisst_monthly_mean,NOAA OISST historical,Monthly mean of fixed-reference relative percentiles; not an absolute probability.
2016,7,2,32.802579,132.633563,56,41,56,C,安満地,安満地 / NetID 2,2016-07-15,2016-07-15,198,25.959031838709677,26.353649758897514,-0.3946179201878366,0.1618009304965834,0.8063538611925709,High,0.8063538611925709,High,2016-07,GAM: cyclic Jday + SST anomaly + J-EGG500 IDW depth,historical_oisst_monthly_mean,NOAA OISST historical,Monthly mean of fixed-reference relative percentiles; not an absolute probability.
2016,7,15,33.269809,134.202371,56.9,47,56.9,A,高岡,高岡 / NetID 15,2016-07-15,2016-07-15,198,26.251290096774195,26.353649758897514,-0.10235966212332016,0.16170571265477937,0.804574780058651,High,0.804574780058651,High,2016-07,GAM: cyclic Jday + SST anomaly + J-EGG500 IDW depth,historical_oisst_monthly_mean,NOAA OISST historical,Monthly mean of fixed-reference relative percentiles; not an absolute probability.
2016,7,20,33.593837,134.379416,36.1,33,36.1,A,鞆浦,鞆浦 / NetID 20,2016-07-15,2016-07-15,198,25.66193512903226,26.353649758897514,-0.691714629865256,0.1593866089976888,0.80227761485826,High,0.80227761485826,High,2016-07,GAM: cyclic Jday + SST anomaly + J-EGG500 IDW depth,historical_oisst_monthly_mean,NOAA OISST historical,Monthly mean of fixed-reference relative percentiles; not an absolute probability.
2016,7,10,33.35765,133.337593,6.1,19,6.1,A,双子,双子 / NetID 10,2016-07-15,2016-07-15,198,26.23096735483871,26.353649758897514,-0.1226824040588044,0.11328931912332486,0.753069403714565,High,0.753069403714565,High,2016-07,GAM: cyclic Jday + SST anomaly + J-EGG500 IDW depth,historical_oisst_monthly_mean,NOAA OISST historical,Monthly mean of fixed-reference relative percentiles; not an absolute probability.
2016,7,12,33.400017,134.011099,23.7,26,23.7,A,奈半利,奈半利 / NetID 12,2016-07-15,2016-07-15,198,26.251290096774195,26.353649758897514,-0.10235966212332016,0.06630537660183675,0.6799120234604106,Moderate,0.6799120234604106,Moderate,2016-07,GAM: cyclic Jday + SST anomaly + J-EGG500 IDW depth,historical_oisst_monthly_mean,NOAA OISST historical,Monthly mean of fixed-reference relative percentiles; not an absolute probability.
2016,7,8,32.734923,133.029438,42.8,49,42.8,A,伊佐,伊佐 / NetID 8,2016-07-15,2016-07-15,198,27.305483709677418,26.353649758897514,0.9518339507799055,0.057302190811056516,0.6616617790811339,Moderate,0.6616617790811339,Moderate,2016-07,GAM: cyclic Jday + SST anomaly + J-EGG500 IDW depth,historical_oisst_monthly_mean,NOAA OISST historical,Monthly mean of fixed-reference relative percentiles; not an absolute probability.
2016,7,9,33.159542,133.224963,42,34,42,A,窪川,窪川 / NetID 9,2016-07-15,2016-07-15,198,26.354515903225806,26.353649758897514,8.66144328292598e-4,0.040424453572043786,0.6076539589442815,Moderate,0.6076539589442815,Moderate,2016-07,GAM: cyclic Jday + SST anomaly + J-EGG500 IDW depth,historical_oisst_monthly_mean,NOAA OISST historical,Monthly mean of fixed-reference relative percentiles; not an absolute probability.
2016,7,1,32.793914,132.628975,40,30,40,A,一切,一切 / NetID 1,2016-07-15,2016-07-15,198,25.959031838709677,26.353649758897514,-0.3946179201878366,0.0337416250823923,0.5794721407624633,Moderate,0.5794721407624633,Moderate,2016-07,GAM: cyclic Jday + SST anomaly + J-EGG500 IDW depth,historical_oisst_monthly_mean,NOAA OISST historical,Monthly mean of fixed-reference relative percentiles; not an absolute probability.
2016,7,4,32.784353,132.703013,40.3,45,40.3,B,古満目,古満目 / NetID 4,2016-07-15,2016-07-15,198,25.959031838709677,26.353649758897514,-0.3946179201878366,0.032721776777967754,0.573763440860215,Moderate,0.573763440860215,Moderate,2016-07,GAM: cyclic Jday + SST anomaly + J-EGG500 IDW depth,historical_oisst_monthly_mean,NOAA OISST historical,Monthly mean of fixed-reference relative percentiles; not an absolute probability.
2016,7,13,33.360612,134.043999,17.1,23,17.1,A,羽根,羽根 / NetID 13,2016-07-15,2016-07-15,198,26.251290096774195,26.353649758897514,-0.10235966212332016,0.021972205707870597,0.503704789833822,Moderate,0.503704789833822,Moderate,2016-07,GAM: cyclic Jday + SST anomaly + J-EGG500 IDW depth,historical_oisst_monthly_mean,NOAA OISST historical,Monthly mean of fixed-reference relative percentiles; not an absolute probability.
2016,8,16,33.302961,134.204049,83.4,60,83.4,A,三津,三津 / NetID 16,2016-08-15,2016-08-15,214,27.964999499999998,27.556249891008655,0.4087496089913465,0.2593762831216371,0.8718181818181818,High,0.8718181818181818,High,2016-08,GAM: cyclic Jday + SST anomaly + J-EGG500 IDW depth,historical_oisst_monthly_mean,NOAA OISST historical,Monthly mean of fixed-reference relative percentiles; not an absolute probability.
2016,8,17,33.428671,134.243505,50.7,45,50.7,A,佐喜浜,佐喜浜 / NetID 17,2016-08-15,2016-08-15,214,27.964999499999998,27.556249891008655,0.4087496089913465,0.19721322025793012,0.8366666666666667,High,0.8366666666666667,High,2016-08,GAM: cyclic Jday + SST anomaly + J-EGG500 IDW depth,historical_oisst_monthly_mean,NOAA OISST historical,Monthly mean of fixed-reference relative percentiles; not an absolute probability.
2016,8,19,33.456354,134.256776,49.8,40,49.8,A,東洋,東洋 / NetID 19,2016-08-15,2016-08-15,214,27.825,27.556249891008655,0.26875010899134644,0.19045355401985148,0.8322727272727273,High,0.8322727272727273,High,2016-08,GAM: cyclic Jday + SST anomaly + J-EGG500 IDW depth,historical_oisst_monthly_mean,NOAA OISST historical,Monthly mean of fixed-reference relative percentiles; not an absolute probability.
2016,8,18,33.455525,134.256103,49.3,44,49.3,A,野根,野根 / NetID 18,2016-08-15,2016-08-15,214,27.825,27.556249891008655,0.26875010899134644,0.18551771777852505,0.8284848484848485,High,0.8284848484848485,High,2016-08,GAM: cyclic Jday + SST anomaly + J-EGG500 IDW depth,historical_oisst_monthly_mean,NOAA OISST historical,Monthly mean of fixed-reference relative percentiles; not an absolute probability.
2016,8,14,33.311308,134.201197,35.8,30,35.8,A,椎名,椎名 / NetID 14,2016-08-15,2016-08-15,214,27.964999499999998,27.556249891008655,0.4087496089913465,0.1746284564077033,0.8213636363636363,High,0.8213636363636363,High,2016-08,GAM: cyclic Jday + SST anomaly + J-EGG500 IDW depth,historical_oisst_monthly_mean,NOAA OISST historical,Monthly mean of fixed-reference relative percentiles; not an absolute probability.
2016,8,3,32.812774,132.642032,54.7,44,54.7,A,橘浦,橘浦 / NetID 3,2016-08-15,2016-08-15,214,27.6349995,27.556249891008655,0.0787496089913482,0.1511374001750573,0.7980303030303031,High,0.7980303030303031,High,2016-08,GAM: cyclic Jday + SST anomaly + J-EGG500 IDW depth,historical_oisst_monthly_mean,NOAA OISST historical,Monthly mean of fixed-reference relative percentiles; not an absolute probability.
2016,8,11,32.77052,133.019357,47.4,28,47.4,B,窪津,窪津 / NetID 11,2016-08-15,2016-08-15,214,27.7699995,27.556249891008655,0.21374960899134798,0.14369302220362884,0.79,High,0.79,High,2016-08,GAM: cyclic Jday + SST anomaly + J-EGG500 IDW depth,historical_oisst_monthly_mean,NOAA OISST historical,Monthly mean of fixed-reference relative percentiles; not an absolute probability.
2016,8,2,32.802579,132.633563,56,41,56,C,安満地,安満地 / NetID 2,2016-08-15,2016-08-15,214,27.6349995,27.556249891008655,0.0787496089913482,0.13802652829286557,0.786060606060606,High,0.786060606060606,High,2016-08,GAM: cyclic Jday + SST anomaly + J-EGG500 IDW depth,historical_oisst_monthly_mean,NOAA OISST historical,Monthly mean of fixed-reference relative percentiles; not an absolute probability.
2016,8,15,33.269809,134.202371,56.9,47,56.9,A,高岡,高岡 / NetID 15,2016-08-15,2016-08-15,214,27.964999499999998,27.556249891008655,0.4087496089913465,0.13772762909116618,0.7856060606060606,High,0.7856060606060606,High,2016-08,GAM: cyclic Jday + SST anomaly + J-EGG500 IDW depth,historical_oisst_monthly_mean,NOAA OISST historical,Monthly mean of fixed-reference relative percentiles; not an absolute probability.
2016,8,20,33.593837,134.379416,36.1,33,36.1,A,鞆浦,鞆浦 / NetID 20,2016-08-15,2016-08-15,214,27.4399995,27.556249891008655,-0.11625039100865209,0.13717362976559866,0.7854545454545454,High,0.7854545454545454,High,2016-08,GAM: cyclic Jday + SST anomaly + J-EGG500 IDW depth,historical_oisst_monthly_mean,NOAA OISST historical,Monthly mean of fixed-reference relative percentiles; not an absolute probability.
2016,8,10,33.35765,133.337593,6.1,19,6.1,A,双子,双子 / NetID 10,2016-08-15,2016-08-15,214,28.194999,27.556249891008655,0.6387491089913464,0.0984938974852184,0.738939393939394,Moderate,0.738939393939394,Moderate,2016-08,GAM: cyclic Jday + SST anomaly + J-EGG500 IDW depth,historical_oisst_monthly_mean,NOAA OISST historical,Monthly mean of fixed-reference relative percentiles; not an absolute probability.
2016,8,12,33.400017,134.011099,23.7,26,23.7,A,奈半利,奈半利 / NetID 12,2016-08-15,2016-08-15,214,27.964999499999998,27.556249891008655,0.4087496089913465,0.05516039613095697,0.6581818181818182,Moderate,0.6581818181818182,Moderate,2016-08,GAM: cyclic Jday + SST anomaly + J-EGG500 IDW depth,historical_oisst_monthly_mean,NOAA OISST historical,Monthly mean of fixed-reference relative percentiles; not an absolute probability.
2016,8,8,32.734923,133.029438,42.8,49,42.8,A,伊佐,伊佐 / NetID 8,2016-08-15,2016-08-15,214,27.935000000000002,27.556249891008655,0.37875010899134764,0.03979687984347469,0.6116666666666667,Moderate,0.6116666666666667,Moderate,2016-08,GAM: cyclic Jday + SST anomaly + J-EGG500 IDW depth,historical_oisst_monthly_mean,NOAA OISST historical,Monthly mean of fixed-reference relative percentiles; not an absolute probability.
2016,8,9,33.159542,133.224963,42,34,42,A,窪川,窪川 / NetID 9,2016-08-15,2016-08-15,214,27.775,27.556249891008655,0.2187501089913475,0.031924654152973186,0.5734848484848485,Moderate,0.5734848484848485,Moderate,2016-08,GAM: cyclic Jday + SST anomaly + J-EGG500 IDW depth,historical_oisst_monthly_mean,NOAA OISST historical,Monthly mean of fixed-reference relative percentiles; not an absolute probability.
2016,8,1,32.793914,132.628975,40,30,40,A,一切,一切 / NetID 1,2016-08-15,2016-08-15,214,27.6349995,27.556249891008655,0.0787496089913482,0.02799744778069748,0.5503030303030303,Moderate,0.5503030303030303,Moderate,2016-08,GAM: cyclic Jday + SST anomaly + J-EGG500 IDW depth,historical_oisst_monthly_mean,NOAA OISST historical,Monthly mean of fixed-reference relative percentiles; not an absolute probability.
2016,8,4,32.784353,132.703013,40.3,45,40.3,B,古満目,古満目 / NetID 4,2016-08-15,2016-08-15,214,27.6349995,27.556249891008655,0.0787496089913482,0.027145133196524184,0.5448484848484848,Moderate,0.5448484848484848,Moderate,2016-08,GAM: cyclic Jday + SST anomaly + J-EGG500 IDW depth,historical_oisst_monthly_mean,NOAA OISST historical,Monthly mean of fixed-reference relative percentiles; not an absolute probability.
2016,8,13,33.360612,134.043999,17.1,23,17.1,A,羽根,羽根 / NetID 13,2016-08-15,2016-08-15,214,27.964999499999998,27.556249891008655,0.4087496089913465,0.018073422007455722,0.4762121212121212,Low,0.4762121212121212,Low,2016-08,GAM: cyclic Jday + SST anomaly + J-EGG500 IDW depth,historical_oisst_monthly_mean,NOAA OISST historical,Monthly mean of fixed-reference relative percentiles; not an absolute probability.
2017,5,16,33.302961,134.204049,83.4,60,83.4,A,三津,三津 / NetID 16,2017-05-15,2017-05-15,146,22.2229997,21.859701580567794,0.36329811943220636,0.4019391632504333,0.9397272727272727,Very high,0.9397272727272727,Very high,2017-05,GAM: cyclic Jday + SST anomaly + J-EGG500 IDW depth,historical_oisst_monthly_mean,NOAA OISST historical,Monthly mean of fixed-reference relative percentiles; not an absolute probability.
2017,5,17,33.428671,134.243505,50.7,45,50.7,A,佐喜浜,佐喜浜 / NetID 17,2017-05-15,2017-05-15,146,22.2229997,21.859701580567794,0.36329811943220636,0.3209171416964711,0.9008484848484849,Very high,0.9008484848484849,Very high,2017-05,GAM: cyclic Jday + SST anomaly + J-EGG500 IDW depth,historical_oisst_monthly_mean,NOAA OISST historical,Monthly mean of fixed-reference relative percentiles; not an absolute probability.
2017,5,19,33.456354,134.256776,49.8,40,49.8,A,東洋,東洋 / NetID 19,2017-05-15,2017-05-15,146,22.1729999,21.859701580567794,0.3132983194322069,0.31481947690558804,0.8975757575757576,High,0.8975757575757576,High,2017-05,GAM: cyclic Jday + SST anomaly + J-EGG500 IDW depth,historical_oisst_monthly_mean,NOAA OISST historical,Monthly mean of fixed-reference relative percentiles; not an absolute probability.
2017,5,18,33.455525,134.256103,49.3,44,49.3,A,野根,野根 / NetID 18,2017-05-15,2017-05-15,146,22.1729999,21.859701580567794,0.3132983194322069,0.30791956621430355,0.894060606060606,High,0.894060606060606,High,2017-05,GAM: cyclic Jday + SST anomaly + J-EGG500 IDW depth,historical_oisst_monthly_mean,NOAA OISST historical,Monthly mean of fixed-reference relative percentiles; not an absolute probability.
2017,5,14,33.311308,134.201197,35.8,30,35.8,A,椎名,椎名 / NetID 14,2017-05-15,2017-05-15,146,22.2229997,21.859701580567794,0.36329811943220636,0.28946575396189356,0.8854242424242424,High,0.8854242424242424,High,2017-05,GAM: cyclic Jday + SST anomaly + J-EGG500 IDW depth,historical_oisst_monthly_mean,NOAA OISST historical,Monthly mean of fixed-reference relative percentiles; not an absolute probability.
2017,5,11,32.77052,133.019357,47.4,28,47.4,B,窪津,窪津 / NetID 11,2017-05-15,2017-05-15,146,21.9409998,21.859701580567794,0.08129821943220641,0.24075754322518989,0.861909090909091,High,0.861909090909091,High,2017-05,GAM: cyclic Jday + SST anomaly + J-EGG500 IDW depth,historical_oisst_monthly_mean,NOAA OISST historical,Monthly mean of fixed-reference relative percentiles; not an absolute probability.
2017,5,15,33.269809,134.202371,56.9,47,56.9,A,高岡,高岡 / NetID 15,2017-05-15,2017-05-15,146,22.2229997,21.859701580567794,0.36329811943220636,0.23550927250610093,0.8580606060606061,High,0.8580606060606061,High,2017-05,GAM: cyclic Jday + SST anomaly + J-EGG500 IDW depth,historical_oisst_monthly_mean,NOAA OISST historical,Monthly mean of fixed-reference relative percentiles; not an absolute probability.
2017,5,3,32.812774,132.642032,54.7,44,54.7,A,橘浦,橘浦 / NetID 3,2017-05-15,2017-05-15,146,20.9759997,21.859701580567794,-0.8837018805677939,0.225273222817833,0.8524545454545455,High,0.8524545454545455,High,2017-05,GAM: cyclic Jday + SST anomaly + J-EGG500 IDW depth,historical_oisst_monthly_mean,NOAA OISST historical,Monthly mean of fixed-reference relative percentiles; not an absolute probability.
2017,5,20,33.593837,134.379416,36.1,33,36.1,A,鞆浦,鞆浦 / NetID 20,2017-05-15,2017-05-15,146,21.1559998,21.859701580567794,-0.7037017805677934,0.21706267253721168,0.8480909090909091,High,0.8480909090909091,High,2017-05,GAM: cyclic Jday + SST anomaly + J-EGG500 IDW depth,historical_oisst_monthly_mean,NOAA OISST historical,Monthly mean of fixed-reference relative percentiles; not an absolute probability.
2017,5,2,32.802579,132.633563,56,41,56,C,安満地,安満地 / NetID 2,2017-05-15,2017-05-15,146,20.9759997,21.859701580567794,-0.8837018805677939,0.20738839673584067,0.8416363636363636,High,0.8416363636363636,High,2017-05,GAM: cyclic Jday + SST anomaly + J-EGG500 IDW depth,historical_oisst_monthly_mean,NOAA OISST historical,Monthly mean of fixed-reference relative percentiles; not an absolute probability.
2017,5,10,33.35765,133.337593,6.1,19,6.1,A,双子,双子 / NetID 10,2017-05-15,2017-05-15,146,21.3069996,21.859701580567794,-0.5527019805677937,0.1460414522567404,0.792969696969697,High,0.792969696969697,High,2017-05,GAM: cyclic Jday + SST anomaly + J-EGG500 IDW depth,historical_oisst_monthly_mean,NOAA OISST historical,Monthly mean of fixed-reference relative percentiles; not an absolute probability.
2017,5,12,33.400017,134.011099,23.7,26,23.7,A,奈半利,奈半利 / NetID 12,2017-05-15,2017-05-15,146,22.2229997,21.859701580567794,0.36329811943220636,0.1015793764563413,0.7413636363636363,Moderate,0.7413636363636363,Moderate,2017-05,GAM: cyclic Jday + SST anomaly + J-EGG500 IDW depth,historical_oisst_monthly_mean,NOAA OISST historical,Monthly mean of fixed-reference relative percentiles; not an absolute probability.
2017,5,8,32.734923,133.029438,42.8,49,42.8,A,伊佐,伊佐 / NetID 8,2017-05-15,2017-05-15,146,22.7369998,21.859701580567794,0.8772982194322061,0.08089341245699866,0.709939393939394,Moderate,0.709939393939394,Moderate,2017-05,GAM: cyclic Jday + SST anomaly + J-EGG500 IDW depth,historical_oisst_monthly_mean,NOAA OISST historical,Monthly mean of fixed-reference relative percentiles; not an absolute probability.
2017,5,9,33.159542,133.224963,42,34,42,A,窪川,窪川 / NetID 9,2017-05-15,2017-05-15,146,21.3959997,21.859701580567794,-0.46370188056779293,0.05355097905553714,0.6542727272727272,Moderate,0.6542727272727272,Moderate,2017-05,GAM: cyclic Jday + SST anomaly + J-EGG500 IDW depth,historical_oisst_monthly_mean,NOAA OISST historical,Monthly mean of fixed-reference relative percentiles; not an absolute probability.
2017,5,1,32.793914,132.628975,40,30,40,A,一切,一切 / NetID 1,2017-05-15,2017-05-15,146,20.9759997,21.859701580567794,-0.8837018805677939,0.04516289532409553,0.6286969696969698,Moderate,0.6286969696969698,Moderate,2017-05,GAM: cyclic Jday + SST anomaly + J-EGG500 IDW depth,historical_oisst_monthly_mean,NOAA OISST historical,Monthly mean of fixed-reference relative percentiles; not an absolute probability.
2017,5,4,32.784353,132.703013,40.3,45,40.3,B,古満目,古満目 / NetID 4,2017-05-15,2017-05-15,146,20.9759997,21.859701580567794,-0.8837018805677939,0.04381334736672044,0.6236666666666666,Moderate,0.6236666666666666,Moderate,2017-05,GAM: cyclic Jday + SST anomaly + J-EGG500 IDW depth,historical_oisst_monthly_mean,NOAA OISST historical,Monthly mean of fixed-reference relative percentiles; not an absolute probability.
2017,5,13,33.360612,134.043999,17.1,23,17.1,A,羽根,羽根 / NetID 13,2017-05-15,2017-05-15,146,22.2229997,21.859701580567794,0.36329811943220636,0.034489809300442535,0.5843939393939394,Moderate,0.5843939393939394,Moderate,2017-05,GAM: cyclic Jday + SST anomaly + J-EGG500 IDW depth,historical_oisst_monthly_mean,NOAA OISST historical,Monthly mean of fixed-reference relative percentiles; not an absolute probability.
2017,6,16,33.302961,134.204049,83.4,60,83.4,A,三津,三津 / NetID 16,2017-06-15,2017-06-15,166,23.9993331,23.36632223983202,0.6330108601679789,0.5277809404113187,0.9766464646464647,Very high,0.9766464646464647,Very high,2017-06,GAM: cyclic Jday + SST anomaly + J-EGG500 IDW depth,historical_oisst_monthly_mean,NOAA OISST historical,Monthly mean of fixed-reference relative percentiles; not an absolute probability.
2017,6,17,33.428671,134.243505,50.7,45,50.7,A,佐喜浜,佐喜浜 / NetID 17,2017-06-15,2017-06-15,166,23.9993331,23.36632223983202,0.6330108601679789,0.439738480647816,0.9550707070707071,Very high,0.9550707070707071,Very high,2017-06,GAM: cyclic Jday + SST anomaly + J-EGG500 IDW depth,historical_oisst_monthly_mean,NOAA OISST historical,Monthly mean of fixed-reference relative percentiles; not an absolute probability.
2017,6,19,33.456354,134.256776,49.8,40,49.8,A,東洋,東洋 / NetID 19,2017-06-15,2017-06-15,166,23.619999633333332,23.36632223983202,0.2536773935013124,0.41863523865125596,0.9475353535353536,Very high,0.9475353535353536,Very high,2017-06,GAM: cyclic Jday + SST anomaly + J-EGG500 IDW depth,historical_oisst_monthly_mean,NOAA OISST historical,Monthly mean of fixed-reference relative percentiles; not an absolute probability.
2017,6,18,33.455525,134.256103,49.3,44,49.3,A,野根,野根 / NetID 18,2017-06-15,2017-06-15,166,23.619999633333332,23.36632223983202,0.2536773935013124,0.4108147910389721,0.9443030303030303,Very high,0.9443030303030303,Very high,2017-06,GAM: cyclic Jday + SST anomaly + J-EGG500 IDW depth,historical_oisst_monthly_mean,NOAA OISST historical,Monthly mean of fixed-reference relative percentiles; not an absolute probability.
2017,6,14,33.311308,134.201197,35.8,30,35.8,A,椎名,椎名 / NetID 14,2017-06-15,2017-06-15,166,23.9993331,23.36632223983202,0.6330108601679789,0.40344497089721304,0.9414242424242424,Very high,0.9414242424242424,Very high,2017-06,GAM: cyclic Jday + SST anomaly + J-EGG500 IDW depth,historical_oisst_monthly_mean,NOAA OISST historical,Monthly mean of fixed-reference relative percentiles; not an absolute probability.
2017,6,11,32.77052,133.019357,47.4,28,47.4,B,窪津,窪津 / NetID 11,2017-06-15,2017-06-15,166,24.271666333333332,23.36632223983202,0.9053440935013127,0.36952684575221473,0.9247171717171717,Very high,0.9247171717171717,Very high,2017-06,GAM: cyclic Jday + SST anomaly + J-EGG500 IDW depth,historical_oisst_monthly_mean,NOAA OISST historical,Monthly mean of fixed-reference relative percentiles; not an absolute probability.
2017,6,15,33.269809,134.202371,56.9,47,56.9,A,高岡,高岡 / NetID 15,2017-06-15,2017-06-15,166,23.9993331,23.36632223983202,0.6330108601679789,0.3381773137276851,0.9092626262626262,Very high,0.9092626262626262,Very high,2017-06,GAM: cyclic Jday + SST anomaly + J-EGG500 IDW depth,historical_oisst_monthly_mean,NOAA OISST historical,Monthly mean of fixed-reference relative percentiles; not an absolute probability.
2017,6,3,32.812774,132.642032,54.7,44,54.7,A,橘浦,橘浦 / NetID 3,2017-06-15,2017-06-15,166,22.9439998,23.36632223983202,-0.422322439832021,0.33443815475648503,0.907979797979798,Very high,0.907979797979798,Very high,2017-06,GAM: cyclic Jday + SST anomaly + J-EGG500 IDW depth,historical_oisst_monthly_mean,NOAA OISST historical,Monthly mean of fixed-reference relative percentiles; not an absolute probability.
2017,6,2,32.802579,132.633563,56,41,56,C,安満地,安満地 / NetID 2,2017-06-15,2017-06-15,166,22.9439998,23.36632223983202,-0.422322439832021,0.3114748904172114,0.8962525252525253,High,0.8962525252525253,High,2017-06,GAM: cyclic Jday + SST anomaly + J-EGG500 IDW depth,historical_oisst_monthly_mean,NOAA OISST historical,Monthly mean of fixed-reference relative percentiles; not an absolute probability.
2017,6,20,33.593837,134.379416,36.1,33,36.1,A,鞆浦,鞆浦 / NetID 20,2017-06-15,2017-06-15,166,22.5756664,23.36632223983202,-0.7906558398320207,0.30200869735315833,0.8906565656565657,High,0.8906565656565657,High,2017-06,GAM: cyclic Jday + SST anomaly + J-EGG500 IDW depth,historical_oisst_monthly_mean,NOAA OISST historical,Monthly mean of fixed-reference relative percentiles; not an absolute probability.
2017,6,10,33.35765,133.337593,6.1,19,6.1,A,双子,双子 / NetID 10,2017-06-15,2017-06-15,166,23.8043331,23.36632223983202,0.4380108601679794,0.24549120764796103,0.8637474747474747,High,0.8637474747474747,High,2017-06,GAM: cyclic Jday + SST anomaly + J-EGG500 IDW depth,historical_oisst_monthly_mean,NOAA OISST historical,Monthly mean of fixed-reference relative percentiles; not an absolute probability.
2017,6,12,33.400017,134.011099,23.7,26,23.7,A,奈半利,奈半利 / NetID 12,2017-06-15,2017-06-15,166,23.9993331,23.36632223983202,0.6330108601679789,0.1576709841497231,0.8045555555555556,High,0.8045555555555556,High,2017-06,GAM: cyclic Jday + SST anomaly + J-EGG500 IDW depth,historical_oisst_monthly_mean,NOAA OISST historical,Monthly mean of fixed-reference relative percentiles; not an absolute probability.
2017,6,8,32.734923,133.029438,42.8,49,42.8,A,伊佐,伊佐 / NetID 8,2017-06-15,2017-06-15,166,24.574999633333334,23.36632223983202,1.2086773935013126,0.1303691564250254,0.7756565656565656,High,0.7756565656565656,High,2017-06,GAM: cyclic Jday + SST anomaly + J-EGG500 IDW depth,historical_oisst_monthly_mean,NOAA OISST historical,Monthly mean of fixed-reference relative percentiles; not an absolute probability.
2017,6,9,33.159542,133.224963,42,34,42,A,窪川,窪川 / NetID 9,2017-06-15,2017-06-15,166,23.937666366666665,23.36632223983202,0.5713441268346459,0.0987530909592754,0.7365959595959596,Moderate,0.7365959595959596,Moderate,2017-06,GAM: cyclic Jday + SST anomaly + J-EGG500 IDW depth,historical_oisst_monthly_mean,NOAA OISST historical,Monthly mean of fixed-reference relative percentiles; not an absolute probability.
2017,6,1,32.793914,132.628975,40,30,40,A,一切,一切 / NetID 1,2017-06-15,2017-06-15,166,22.9439998,23.36632223983202,-0.422322439832021,0.07595810470605603,0.6996363636363636,Moderate,0.6996363636363636,Moderate,2017-06,GAM: cyclic Jday + SST anomaly + J-EGG500 IDW depth,historical_oisst_monthly_mean,NOAA OISST historical,Monthly mean of fixed-reference relative percentiles; not an absolute probability.
2017,6,4,32.784353,132.703013,40.3,45,40.3,B,古満目,古満目 / NetID 4,2017-06-15,2017-06-15,166,22.9439998,23.36632223983202,-0.422322439832021,0.07376280781084894,0.6959191919191919,Moderate,0.6959191919191919,Moderate,2017-06,GAM: cyclic Jday + SST anomaly + J-EGG500 IDW depth,historical_oisst_monthly_mean,NOAA OISST historical,Monthly mean of fixed-reference relative percentiles; not an absolute probability.
2017,6,13,33.360612,134.043999,17.1,23,17.1,A,羽根,羽根 / NetID 13,2017-06-15,2017-06-15,166,23.9993331,23.36632223983202,0.6330108601679789,0.05579184457764304,0.6594242424242425,Moderate,0.6594242424242425,Moderate,2017-06,GAM: cyclic Jday + SST anomaly + J-EGG500 IDW depth,historical_oisst_monthly_mean,NOAA OISST historical,Monthly mean of fixed-reference relative percentiles; not an absolute probability.
2017,7,16,33.302961,134.204049,83.4,60,83.4,A,三津,三津 / NetID 16,2017-07-15,2017-07-15,197,26.842257677419354,26.26363836824131,0.5786193091780447,0.32605179179586735,0.9028054740957967,Very high,0.9028054740957967,Very high,2017-07,GAM: cyclic Jday + SST anomaly + J-EGG500 IDW depth,historical_oisst_monthly_mean,NOAA OISST historical,Monthly mean of fixed-reference relative percentiles; not an absolute probability.
2017,7,17,33.428671,134.243505,50.7,45,50.7,A,佐喜浜,佐喜浜 / NetID 17,2017-07-15,2017-07-15,197,26.842257677419354,26.26363836824131,0.5786193091780447,0.2541699109965005,0.8679178885630499,High,0.8679178885630499,High,2017-07,GAM: cyclic Jday + SST anomaly + J-EGG500 IDW depth,historical_oisst_monthly_mean,NOAA OISST historical,Monthly mean of fixed-reference relative percentiles; not an absolute probability.
2017,7,19,33.456354,134.256776,49.8,40,49.8,A,東洋,東洋 / NetID 19,2017-07-15,2017-07-15,197,26.682903,26.26363836824131,0.41926463175868933,0.24542667592953332,0.8631378299120235,High,0.8631378299120235,High,2017-07,GAM: cyclic Jday + SST anomaly + J-EGG500 IDW depth,historical_oisst_monthly_mean,NOAA OISST historical,Monthly mean of fixed-reference relative percentiles; not an absolute probability.
2017,7,18,33.455525,134.256103,49.3,44,49.3,A,野根,野根 / NetID 18,2017-07-15,2017-07-15,197,26.682903,26.26363836824131,0.41926463175868933,0.2395458178532522,0.8596676441837732,High,0.8596676441837732,High,2017-07,GAM: cyclic Jday + SST anomaly + J-EGG500 IDW depth,historical_oisst_monthly_mean,NOAA OISST historical,Monthly mean of fixed-reference relative percentiles; not an absolute probability.
2017,7,14,33.311308,134.201197,35.8,30,35.8,A,椎名,椎名 / NetID 14,2017-07-15,2017-07-15,197,26.842257677419354,26.26363836824131,0.5786193091780447,0.2271883444564661,0.8526881720430107,High,0.8526881720430107,High,2017-07,GAM: cyclic Jday + SST anomaly + J-EGG500 IDW depth,historical_oisst_monthly_mean,NOAA OISST historical,Monthly mean of fixed-reference relative percentiles; not an absolute probability.
2017,7,11,32.77052,133.019357,47.4,28,47.4,B,窪津,窪津 / NetID 11,2017-07-15,2017-07-15,197,26.668386967741935,26.26363836824131,0.40474859950062525,0.19029826466256247,0.8280156402737048,High,0.8280156402737048,High,2017-07,GAM: cyclic Jday + SST anomaly + J-EGG500 IDW depth,historical_oisst_monthly_mean,NOAA OISST historical,Monthly mean of fixed-reference relative percentiles; not an absolute probability.
2017,7,20,33.593837,134.379416,36.1,33,36.1,A,鞆浦,鞆浦 / NetID 20,2017-07-15,2017-07-15,197,26.390322258064515,26.26363836824131,0.1266838898232058,0.18232160567145103,0.8243206256109482,High,0.8243206256109482,High,2017-07,GAM: cyclic Jday + SST anomaly + J-EGG500 IDW depth,historical_oisst_monthly_mean,NOAA OISST historical,Monthly mean of fixed-reference relative percentiles; not an absolute probability.
2017,7,3,32.812774,132.642032,54.7,44,54.7,A,橘浦,橘浦 / NetID 3,2017-07-15,2017-07-15,197,26.025483451612903,26.26363836824131,-0.23815491662840704,0.1868328537739296,0.8238318670576735,High,0.8238318670576735,High,2017-07,GAM: cyclic Jday + SST anomaly + J-EGG500 IDW depth,historical_oisst_monthly_mean,NOAA OISST historical,Monthly mean of fixed-reference relative percentiles; not an absolute probability.
2017,7,15,33.269809,134.202371,56.9,47,56.9,A,高岡,高岡 / NetID 15,2017-07-15,2017-07-15,197,26.842257677419354,26.26363836824131,0.5786193091780447,0.18203187773021254,0.8218084066471163,High,0.8218084066471163,High,2017-07,GAM: cyclic Jday + SST anomaly + J-EGG500 IDW depth,historical_oisst_monthly_mean,NOAA OISST historical,Monthly mean of fixed-reference relative percentiles; not an absolute probability.
2017,7,2,32.802579,132.633563,56,41,56,C,安満地,安満地 / NetID 2,2017-07-15,2017-07-15,197,26.025483451612903,26.26363836824131,-0.23815491662840704,0.17144978587265342,0.8125513196480938,High,0.8125513196480938,High,2017-07,GAM: cyclic Jday + SST anomaly + J-EGG500 IDW depth,historical_oisst_monthly_mean,NOAA OISST historical,Monthly mean of fixed-reference relative percentiles; not an absolute probability.
2017,7,10,33.35765,133.337593,6.1,19,6.1,A,双子,双子 / NetID 10,2017-07-15,2017-07-15,197,26.87387077419355,26.26363836824131,0.610232405952238,0.12846129972654596,0.7729423264907136,High,0.7729423264907136,High,2017-07,GAM: cyclic Jday + SST anomaly + J-EGG500 IDW depth,historical_oisst_monthly_mean,NOAA OISST historical,Monthly mean of fixed-reference relative percentiles; not an absolute probability.
2017,7,12,33.400017,134.011099,23.7,26,23.7,A,奈半利,奈半利 / NetID 12,2017-07-15,2017-07-15,197,26.842257677419354,26.26363836824131,0.5786193091780447,0.07568603779608676,0.6983479960899316,Moderate,0.6983479960899316,Moderate,2017-07,GAM: cyclic Jday + SST anomaly + J-EGG500 IDW depth,historical_oisst_monthly_mean,NOAA OISST historical,Monthly mean of fixed-reference relative percentiles; not an absolute probability.
2017,7,8,32.734923,133.029438,42.8,49,42.8,A,伊佐,伊佐 / NetID 8,2017-07-15,2017-07-15,197,26.713225483870968,26.26363836824131,0.4495871156296577,0.05407026282025005,0.6523460410557185,Moderate,0.6523460410557185,Moderate,2017-07,GAM: cyclic Jday + SST anomaly + J-EGG500 IDW depth,historical_oisst_monthly_mean,NOAA OISST historical,Monthly mean of fixed-reference relative percentiles; not an absolute probability.
2017,7,9,33.159542,133.224963,42,34,42,A,窪川,窪川 / NetID 9,2017-07-15,2017-07-15,197,26.727419032258066,26.26363836824131,0.46378066401675416,0.04493870354524556,0.624535679374389,Moderate,0.624535679374389,Moderate,2017-07,GAM: cyclic Jday + SST anomaly + J-EGG500 IDW depth,historical_oisst_monthly_mean,NOAA OISST historical,Monthly mean of fixed-reference relative percentiles; not an absolute probability.
2017,7,1,32.793914,132.628975,40,30,40,A,一切,一切 / NetID 1,2017-07-15,2017-07-15,197,26.025483451612903,26.26363836824131,-0.23815491662840704,0.03631657924559313,0.586891495601173,Moderate,0.586891495601173,Moderate,2017-07,GAM: cyclic Jday + SST anomaly + J-EGG500 IDW depth,historical_oisst_monthly_mean,NOAA OISST historical,Monthly mean of fixed-reference relative percentiles; not an absolute probability.
2017,7,4,32.784353,132.703013,40.3,45,40.3,B,古満目,古満目 / NetID 4,2017-07-15,2017-07-15,197,26.025483451612903,26.26363836824131,-0.23815491662840704,0.035223588179956876,0.5815835777126099,Moderate,0.5815835777126099,Moderate,2017-07,GAM: cyclic Jday + SST anomaly + J-EGG500 IDW depth,historical_oisst_monthly_mean,NOAA OISST historical,Monthly mean of fixed-reference relative percentiles; not an absolute probability.
2017,7,13,33.360612,134.043999,17.1,23,17.1,A,羽根,羽根 / NetID 13,2017-07-15,2017-07-15,197,26.842257677419354,26.26363836824131,0.5786193091780447,0.02524664273848036,0.5273900293255132,Moderate,0.5273900293255132,Moderate,2017-07,GAM: cyclic Jday + SST anomaly + J-EGG500 IDW depth,historical_oisst_monthly_mean,NOAA OISST historical,Monthly mean of fixed-reference relative percentiles; not an absolute probability.
2017,8,16,33.302961,134.204049,83.4,60,83.4,A,三津,三津 / NetID 16,2017-08-15,2017-08-15,228,28.45741883870968,27.902151713155565,0.5552671255541132,0.22687283158935823,0.8543499511241447,High,0.8543499511241447,High,2017-08,GAM: cyclic Jday + SST anomaly + J-EGG500 IDW depth,historical_oisst_monthly_mean,NOAA OISST historical,Monthly mean of fixed-reference relative percentiles; not an absolute probability.
2017,8,17,33.428671,134.243505,50.7,45,50.7,A,佐喜浜,佐喜浜 / NetID 17,2017-08-15,2017-08-15,228,28.45741883870968,27.902151713155565,0.5552671255541132,0.1708662877274337,0.8159530791788856,High,0.8159530791788856,High,2017-08,GAM: cyclic Jday + SST anomaly + J-EGG500 IDW depth,historical_oisst_monthly_mean,NOAA OISST historical,Monthly mean of fixed-reference relative percentiles; not an absolute probability.
2017,8,19,33.456354,134.256776,49.8,40,49.8,A,東洋,東洋 / NetID 19,2017-08-15,2017-08-15,228,28.173548,27.902151713155565,0.27139628684443595,0.16129423499989076,0.8082013685239492,High,0.8082013685239492,High,2017-08,GAM: cyclic Jday + SST anomaly + J-EGG500 IDW depth,historical_oisst_monthly_mean,NOAA OISST historical,Monthly mean of fixed-reference relative percentiles; not an absolute probability.
2017,8,18,33.455525,134.256103,49.3,44,49.3,A,野根,野根 / NetID 18,2017-08-15,2017-08-15,228,28.173548,27.902151713155565,0.27139628684443595,0.15697894698853132,0.8040664711632454,High,0.8040664711632454,High,2017-08,GAM: cyclic Jday + SST anomaly + J-EGG500 IDW depth,historical_oisst_monthly_mean,NOAA OISST historical,Monthly mean of fixed-reference relative percentiles; not an absolute probability.
2017,8,14,33.311308,134.201197,35.8,30,35.8,A,椎名,椎名 / NetID 14,2017-08-15,2017-08-15,228,28.45741883870968,27.902151713155565,0.5552671255541132,0.15078450824662085,0.7972238514173998,High,0.7972238514173998,High,2017-08,GAM: cyclic Jday + SST anomaly + J-EGG500 IDW depth,historical_oisst_monthly_mean,NOAA OISST historical,Monthly mean of fixed-reference relative percentiles; not an absolute probability.
2017,8,11,32.77052,133.019357,47.4,28,47.4,B,窪津,窪津 / NetID 11,2017-08-15,2017-08-15,228,28.441289967741934,27.902151713155565,0.5391382545863712,0.12678935333580652,0.7735092864125123,High,0.7735092864125123,High,2017-08,GAM: cyclic Jday + SST anomaly + J-EGG500 IDW depth,historical_oisst_monthly_mean,NOAA OISST historical,Monthly mean of fixed-reference relative percentiles; not an absolute probability.
2017,8,20,33.593837,134.379416,36.1,33,36.1,A,鞆浦,鞆浦 / NetID 20,2017-08-15,2017-08-15,228,28.036774,27.902151713155565,0.13462228684443586,0.119953843980385,0.7647702834799609,High,0.7647702834799609,High,2017-08,GAM: cyclic Jday + SST anomaly + J-EGG500 IDW depth,historical_oisst_monthly_mean,NOAA OISST historical,Monthly mean of fixed-reference relative percentiles; not an absolute probability.
2017,8,3,32.812774,132.642032,54.7,44,54.7,A,橘浦,橘浦 / NetID 3,2017-08-15,2017-08-15,228,27.559999612903226,27.902151713155565,-0.34215210025233844,0.11881392235209977,0.7639589442815249,High,0.7639589442815249,High,2017-08,GAM: cyclic Jday + SST anomaly + J-EGG500 IDW depth,historical_oisst_monthly_mean,NOAA OISST historical,Monthly mean of fixed-reference relative percentiles; not an absolute probability.
2017,8,15,33.269809,134.202371,56.9,47,56.9,A,高岡,高岡 / NetID 15,2017-08-15,2017-08-15,228,28.45741883870968,27.902151713155565,0.5552671255541132,0.11826926964682,0.7632160312805474,High,0.7632160312805474,High,2017-08,GAM: cyclic Jday + SST anomaly + J-EGG500 IDW depth,historical_oisst_monthly_mean,NOAA OISST historical,Monthly mean of fixed-reference relative percentiles; not an absolute probability.
2017,8,2,32.802579,132.633563,56,41,56,C,安満地,安満地 / NetID 2,2017-08-15,2017-08-15,228,27.559999612903226,27.902151713155565,-0.34215210025233844,0.10816870275505874,0.7504985337243402,High,0.7504985337243402,High,2017-08,GAM: cyclic Jday + SST anomaly + J-EGG500 IDW depth,historical_oisst_monthly_mean,NOAA OISST historical,Monthly mean of fixed-reference relative percentiles; not an absolute probability.
2017,8,10,33.35765,133.337593,6.1,19,6.1,A,双子,双子 / NetID 10,2017-08-15,2017-08-15,228,28.681289967741936,27.902151713155565,0.7791382545863712,0.08401447895019853,0.7146236559139785,Moderate,0.7146236559139785,Moderate,2017-08,GAM: cyclic Jday + SST anomaly + J-EGG500 IDW depth,historical_oisst_monthly_mean,NOAA OISST historical,Monthly mean of fixed-reference relative percentiles; not an absolute probability.
2017,8,12,33.400017,134.011099,23.7,26,23.7,A,奈半利,奈半利 / NetID 12,2017-08-15,2017-08-15,228,28.45741883870968,27.902151713155565,0.5552671255541132,0.04679910386415856,0.634731182795699,Moderate,0.634731182795699,Moderate,2017-08,GAM: cyclic Jday + SST anomaly + J-EGG500 IDW depth,historical_oisst_monthly_mean,NOAA OISST historical,Monthly mean of fixed-reference relative percentiles; not an absolute probability.
2017,8,8,32.734923,133.029438,42.8,49,42.8,A,伊佐,伊佐 / NetID 8,2017-08-15,2017-08-15,228,28.56967693548387,27.902151713155565,0.6675252223283067,0.03440771529685002,0.5857282502443792,Moderate,0.5857282502443792,Moderate,2017-08,GAM: cyclic Jday + SST anomaly + J-EGG500 IDW depth,historical_oisst_monthly_mean,NOAA OISST historical,Monthly mean of fixed-reference relative percentiles; not an absolute probability.
2017,8,9,33.159542,133.224963,42,34,42,A,窪川,窪川 / NetID 9,2017-08-15,2017-08-15,228,28.382902870967744,27.902151713155565,0.4807511578121781,0.027479717719655336,0.5457478005865103,Moderate,0.5457478005865103,Moderate,2017-08,GAM: cyclic Jday + SST anomaly + J-EGG500 IDW depth,historical_oisst_monthly_mean,NOAA OISST historical,Monthly mean of fixed-reference relative percentiles; not an absolute probability.
2017,8,1,32.793914,132.628975,40,30,40,A,一切,一切 / NetID 1,2017-08-15,2017-08-15,228,27.559999612903226,27.902151713155565,-0.34215210025233844,0.021384609573587142,0.5013782991202346,Moderate,0.5013782991202346,Moderate,2017-08,GAM: cyclic Jday + SST anomaly + J-EGG500 IDW depth,historical_oisst_monthly_mean,NOAA OISST historical,Monthly mean of fixed-reference relative percentiles; not an absolute probability.
2017,8,4,32.784353,132.703013,40.3,45,40.3,B,古満目,古満目 / NetID 4,2017-08-15,2017-08-15,228,27.559999612903226,27.902151713155565,-0.34215210025233844,0.020729554555566108,0.49630498533724343,Low,0.49630498533724343,Low,2017-08,GAM: cyclic Jday + SST anomaly + J-EGG500 IDW depth,historical_oisst_monthly_mean,NOAA OISST historical,Monthly mean of fixed-reference relative percentiles; not an absolute probability.
2017,8,13,33.360612,134.043999,17.1,23,17.1,A,羽根,羽根 / NetID 13,2017-08-15,2017-08-15,228,28.45741883870968,27.902151713155565,0.5552671255541132,0.01525259973355059,0.4460312805474096,Low,0.4460312805474096,Low,2017-08,GAM: cyclic Jday + SST anomaly + J-EGG500 IDW depth,historical_oisst_monthly_mean,NOAA OISST historical,Monthly mean of fixed-reference relative percentiles; not an absolute probability.
2017,9,16,33.302961,134.204049,83.4,60,83.4,A,三津,三津 / NetID 16,2017-09-15,2017-09-15,258,27.1116663,27.246868919497366,-0.13520261949736595,0.10671376304453843,0.7434646464646465,Moderate,0.7434646464646465,Moderate,2017-09,GAM: cyclic Jday + SST anomaly + J-EGG500 IDW depth,historical_oisst_monthly_mean,NOAA OISST historical,Monthly mean of fixed-reference relative percentiles; not an absolute probability.
2017,9,17,33.428671,134.243505,50.7,45,50.7,A,佐喜浜,佐喜浜 / NetID 17,2017-09-15,2017-09-15,258,27.1116663,27.246868919497366,-0.13520261949736595,0.07756572800497225,0.6989090909090909,Moderate,0.6989090909090909,Moderate,2017-09,GAM: cyclic Jday + SST anomaly + J-EGG500 IDW depth,historical_oisst_monthly_mean,NOAA OISST historical,Monthly mean of fixed-reference relative percentiles; not an absolute probability.
2017,9,19,33.456354,134.256776,49.8,40,49.8,A,東洋,東洋 / NetID 19,2017-09-15,2017-09-15,258,27.0179995,27.246868919497366,-0.22886941949736628,0.0748000275339469,0.6944848484848485,Moderate,0.6944848484848485,Moderate,2017-09,GAM: cyclic Jday + SST anomaly + J-EGG500 IDW depth,historical_oisst_monthly_mean,NOAA OISST historical,Monthly mean of fixed-reference relative percentiles; not an absolute probability.
2017,9,18,33.455525,134.256103,49.3,44,49.3,A,野根,野根 / NetID 18,2017-09-15,2017-09-15,258,27.0179995,27.246868919497366,-0.22886941949736628,0.07260873307474558,0.6903030303030303,Moderate,0.6903030303030303,Moderate,2017-09,GAM: cyclic Jday + SST anomaly + J-EGG500 IDW depth,historical_oisst_monthly_mean,NOAA OISST historical,Monthly mean of fixed-reference relative percentiles; not an absolute probability.
2017,9,14,33.311308,134.201197,35.8,30,35.8,A,椎名,椎名 / NetID 14,2017-09-15,2017-09-15,258,27.1116663,27.246868919497366,-0.13520261949736595,0.06760480358639596,0.679969696969697,Moderate,0.679969696969697,Moderate,2017-09,GAM: cyclic Jday + SST anomaly + J-EGG500 IDW depth,historical_oisst_monthly_mean,NOAA OISST historical,Monthly mean of fixed-reference relative percentiles; not an absolute probability.
2017,9,11,32.77052,133.019357,47.4,28,47.4,B,窪津,窪津 / NetID 11,2017-09-15,2017-09-15,258,27.578666433333332,27.246868919497366,0.33179751383596734,0.06101283168151161,0.6644747474747474,Moderate,0.6644747474747474,Moderate,2017-09,GAM: cyclic Jday + SST anomaly + J-EGG500 IDW depth,historical_oisst_monthly_mean,NOAA OISST historical,Monthly mean of fixed-reference relative percentiles; not an absolute probability.
2017,9,3,32.812774,132.642032,54.7,44,54.7,A,橘浦,橘浦 / NetID 3,2017-09-15,2017-09-15,258,26.959332966666665,27.246868919497366,-0.28753595283069966,0.05845515991085071,0.661070707070707,Moderate,0.661070707070707,Moderate,2017-09,GAM: cyclic Jday + SST anomaly + J-EGG500 IDW depth,historical_oisst_monthly_mean,NOAA OISST historical,Monthly mean of fixed-reference relative percentiles; not an absolute probability.
2017,9,2,32.802579,132.633563,56,41,56,C,安満地,安満地 / NetID 2,2017-09-15,2017-09-15,258,26.959332966666665,27.246868919497366,-0.28753595283069966,0.052903928075522064,0.6462727272727273,Moderate,0.6462727272727273,Moderate,2017-09,GAM: cyclic Jday + SST anomaly + J-EGG500 IDW depth,historical_oisst_monthly_mean,NOAA OISST historical,Monthly mean of fixed-reference relative percentiles; not an absolute probability.
2017,9,20,33.593837,134.379416,36.1,33,36.1,A,鞆浦,鞆浦 / NetID 20,2017-09-15,2017-09-15,258,26.7586662,27.246868919497366,-0.4882027194973657,0.05279952909340621,0.6457070707070707,Moderate,0.6457070707070707,Moderate,2017-09,GAM: cyclic Jday + SST anomaly + J-EGG500 IDW depth,historical_oisst_monthly_mean,NOAA OISST historical,Monthly mean of fixed-reference relative percentiles; not an absolute probability.
2017,9,15,33.269809,134.202371,56.9,47,56.9,A,高岡,高岡 / NetID 15,2017-09-15,2017-09-15,258,27.1116663,27.246868919497366,-0.13520261949736595,0.05198849812361268,0.6407878787878788,Moderate,0.6407878787878788,Moderate,2017-09,GAM: cyclic Jday + SST anomaly + J-EGG500 IDW depth,historical_oisst_monthly_mean,NOAA OISST historical,Monthly mean of fixed-reference relative percentiles; not an absolute probability.
2017,9,10,33.35765,133.337593,6.1,19,6.1,A,双子,双子 / NetID 10,2017-09-15,2017-09-15,258,26.8983328,27.246868919497366,-0.34853611949736596,0.03395563029208334,0.5703838383838384,Moderate,0.5703838383838384,Moderate,2017-09,GAM: cyclic Jday + SST anomaly + J-EGG500 IDW depth,historical_oisst_monthly_mean,NOAA OISST historical,Monthly mean of fixed-reference relative percentiles; not an absolute probability.
2017,9,12,33.400017,134.011099,23.7,26,23.7,A,奈半利,奈半利 / NetID 12,2017-09-15,2017-09-15,258,27.1116663,27.246868919497366,-0.13520261949736595,0.01972416096080065,0.4814949494949495,Low,0.4814949494949495,Low,2017-09,GAM: cyclic Jday + SST anomaly + J-EGG500 IDW depth,historical_oisst_monthly_mean,NOAA OISST historical,Monthly mean of fixed-reference relative percentiles; not an absolute probability.
2017,9,8,32.734923,133.029438,42.8,49,42.8,A,伊佐,伊佐 / NetID 8,2017-09-15,2017-09-15,258,28.216666366666665,27.246868919497366,0.9697974471693007,0.017100225458919892,0.4585353535353535,Low,0.4585353535353535,Low,2017-09,GAM: cyclic Jday + SST anomaly + J-EGG500 IDW depth,historical_oisst_monthly_mean,NOAA OISST historical,Monthly mean of fixed-reference relative percentiles; not an absolute probability.
2017,9,9,33.159542,133.224963,42,34,42,A,窪川,窪川 / NetID 9,2017-09-15,2017-09-15,258,27.143666266666667,27.246868919497366,-0.10320265283069917,0.011792542280347824,0.39866666666666667,Low,0.39866666666666667,Low,2017-09,GAM: cyclic Jday + SST anomaly + J-EGG500 IDW depth,historical_oisst_monthly_mean,NOAA OISST historical,Monthly mean of fixed-reference relative percentiles; not an absolute probability.
2017,9,1,32.793914,132.628975,40,30,40,A,一切,一切 / NetID 1,2017-09-15,2017-09-15,258,26.959332966666665,27.246868919497366,-0.28753595283069966,0.009979002956559933,0.37596969696969695,Low,0.37596969696969695,Low,2017-09,GAM: cyclic Jday + SST anomaly + J-EGG500 IDW depth,historical_oisst_monthly_mean,NOAA OISST historical,Monthly mean of fixed-reference relative percentiles; not an absolute probability.
2017,9,4,32.784353,132.703013,40.3,45,40.3,B,古満目,古満目 / NetID 4,2017-09-15,2017-09-15,258,26.959332966666665,27.246868919497366,-0.28753595283069966,0.009669975042280739,0.37138383838383837,Low,0.37138383838383837,Low,2017-09,GAM: cyclic Jday + SST anomaly + J-EGG500 IDW depth,historical_oisst_monthly_mean,NOAA OISST historical,Monthly mean of fixed-reference relative percentiles; not an absolute probability.
2017,9,13,33.360612,134.043999,17.1,23,17.1,A,羽根,羽根 / NetID 13,2017-09-15,2017-09-15,258,27.1116663,27.246868919497366,-0.13520261949736595,0.00631369119761887,0.30876767676767675,Low,0.30876767676767675,Low,2017-09,GAM: cyclic Jday + SST anomaly + J-EGG500 IDW depth,historical_oisst_monthly_mean,NOAA OISST historical,Monthly mean of fixed-reference relative percentiles; not an absolute probability.
2017,10,16,33.302961,134.204049,83.4,60,83.4,A,三津,三津 / NetID 16,2017-10-15,2017-10-15,278,24.946666555555556,25.91957336731287,-0.9729068117573169,0.052328207292837645,0.6508417508417509,Moderate,0.6508417508417509,Moderate,2017-10,GAM: cyclic Jday + SST anomaly + J-EGG500 IDW depth,historical_oisst_monthly_mean,NOAA OISST historical,Monthly mean of fixed-reference relative percentiles; not an absolute probability.
2017,10,17,33.428671,134.243505,50.7,45,50.7,A,佐喜浜,佐喜浜 / NetID 17,2017-10-15,2017-10-15,278,24.946666555555556,25.91957336731287,-0.9729068117573169,0.03729942364532159,0.5987878787878788,Moderate,0.5987878787878788,Moderate,2017-10,GAM: cyclic Jday + SST anomaly + J-EGG500 IDW depth,historical_oisst_monthly_mean,NOAA OISST historical,Monthly mean of fixed-reference relative percentiles; not an absolute probability.
2017,10,19,33.456354,134.256776,49.8,40,49.8,A,東洋,東洋 / NetID 19,2017-10-15,2017-10-15,278,24.90999988888889,25.91957336731287,-1.0095734784239834,0.03643883195187492,0.5948484848484848,Moderate,0.5948484848484848,Moderate,2017-10,GAM: cyclic Jday + SST anomaly + J-EGG500 IDW depth,historical_oisst_monthly_mean,NOAA OISST historical,Monthly mean of fixed-reference relative percentiles; not an absolute probability.
2017,10,18,33.455525,134.256103,49.3,44,49.3,A,野根,野根 / NetID 18,2017-10-15,2017-10-15,278,24.90999988888889,25.91957336731287,-1.0095734784239834,0.03532108406527005,0.5894949494949495,Moderate,0.5894949494949495,Moderate,2017-10,GAM: cyclic Jday + SST anomaly + J-EGG500 IDW depth,historical_oisst_monthly_mean,NOAA OISST historical,Monthly mean of fixed-reference relative percentiles; not an absolute probability.
2017,10,14,33.311308,134.201197,35.8,30,35.8,A,椎名,椎名 / NetID 14,2017-10-15,2017-10-15,278,24.946666555555556,25.91957336731287,-0.9729068117573169,0.0322943613587355,0.5735690235690236,Moderate,0.5735690235690236,Moderate,2017-10,GAM: cyclic Jday + SST anomaly + J-EGG500 IDW depth,historical_oisst_monthly_mean,NOAA OISST historical,Monthly mean of fixed-reference relative percentiles; not an absolute probability.
2017,10,11,32.77052,133.019357,47.4,28,47.4,B,窪津,窪津 / NetID 11,2017-10-15,2017-10-15,278,25.358888555555556,25.91957336731287,-0.560684811757317,0.02846839583133963,0.553063973063973,Moderate,0.553063973063973,Moderate,2017-10,GAM: cyclic Jday + SST anomaly + J-EGG500 IDW depth,historical_oisst_monthly_mean,NOAA OISST historical,Monthly mean of fixed-reference relative percentiles; not an absolute probability.
2017,10,3,32.812774,132.642032,54.7,44,54.7,A,橘浦,橘浦 / NetID 3,2017-10-15,2017-10-15,278,24.79888888888889,25.91957336731287,-1.1206844784239844,0.028011622907287925,0.5493602693602694,Moderate,0.5493602693602694,Moderate,2017-10,GAM: cyclic Jday + SST anomaly + J-EGG500 IDW depth,historical_oisst_monthly_mean,NOAA OISST historical,Monthly mean of fixed-reference relative percentiles; not an absolute probability.
2017,10,20,33.593837,134.379416,36.1,33,36.1,A,鞆浦,鞆浦 / NetID 20,2017-10-15,2017-10-15,278,24.769999555555554,25.91957336731287,-1.1495738117573175,0.026045202514021416,0.5351178451178451,Moderate,0.5351178451178451,Moderate,2017-10,GAM: cyclic Jday + SST anomaly + J-EGG500 IDW depth,historical_oisst_monthly_mean,NOAA OISST historical,Monthly mean of fixed-reference relative percentiles; not an absolute probability.
2017,10,2,32.802579,132.633563,56,41,56,C,安満地,安満地 / NetID 2,2017-10-15,2017-10-15,278,24.79888888888889,25.91957336731287,-1.1206844784239844,0.025264177907252175,0.53,Moderate,0.53,Moderate,2017-10,GAM: cyclic Jday + SST anomaly + J-EGG500 IDW depth,historical_oisst_monthly_mean,NOAA OISST historical,Monthly mean of fixed-reference relative percentiles; not an absolute probability.
2017,10,15,33.269809,134.202371,56.9,47,56.9,A,高岡,高岡 / NetID 15,2017-10-15,2017-10-15,278,24.946666555555556,25.91957336731287,-0.9729068117573169,0.024578336009787666,0.5255218855218855,Moderate,0.5255218855218855,Moderate,2017-10,GAM: cyclic Jday + SST anomaly + J-EGG500 IDW depth,historical_oisst_monthly_mean,NOAA OISST historical,Monthly mean of fixed-reference relative percentiles; not an absolute probability.
2017,10,10,33.35765,133.337593,6.1,19,6.1,A,双子,双子 / NetID 10,2017-10-15,2017-10-15,278,24.876666222222223,25.91957336731287,-1.0429071450906504,0.015997302694190425,0.4550841750841751,Low,0.4550841750841751,Low,2017-10,GAM: cyclic Jday + SST anomaly + J-EGG500 IDW depth,historical_oisst_monthly_mean,NOAA OISST historical,Monthly mean of fixed-reference relative percentiles; not an absolute probability.
2017,10,12,33.400017,134.011099,23.7,26,23.7,A,奈半利,奈半利 / NetID 12,2017-10-15,2017-10-15,278,24.946666555555556,25.91957336731287,-0.9729068117573169,0.009128501719804722,0.36515151515151517,Low,0.36515151515151517,Low,2017-10,GAM: cyclic Jday + SST anomaly + J-EGG500 IDW depth,historical_oisst_monthly_mean,NOAA OISST historical,Monthly mean of fixed-reference relative percentiles; not an absolute probability.
2017,10,8,32.734923,133.029438,42.8,49,42.8,A,伊佐,伊佐 / NetID 8,2017-10-15,2017-10-15,278,26.098888555555554,25.91957336731287,0.17931518824268267,0.007961940546019536,0.3479124579124579,Low,0.3479124579124579,Low,2017-10,GAM: cyclic Jday + SST anomaly + J-EGG500 IDW depth,historical_oisst_monthly_mean,NOAA OISST historical,Monthly mean of fixed-reference relative percentiles; not an absolute probability.
2017,10,9,33.159542,133.224963,42,34,42,A,窪川,窪川 / NetID 9,2017-10-15,2017-10-15,278,24.963333,25.91957336731287,-0.9562403673128728,0.0053365855107335184,0.29767676767676765,Low,0.29767676767676765,Low,2017-10,GAM: cyclic Jday + SST anomaly + J-EGG500 IDW depth,historical_oisst_monthly_mean,NOAA OISST historical,Monthly mean of fixed-reference relative percentiles; not an absolute probability.
2017,10,1,32.793914,132.628975,40,30,40,A,一切,一切 / NetID 1,2017-10-15,2017-10-15,278,24.79888888888889,25.91957336731287,-1.1206844784239844,0.004641221101739979,0.2765319865319865,Low,0.2765319865319865,Low,2017-10,GAM: cyclic Jday + SST anomaly + J-EGG500 IDW depth,historical_oisst_monthly_mean,NOAA OISST historical,Monthly mean of fixed-reference relative percentiles; not an absolute probability.
2017,10,4,32.784353,132.703013,40.3,45,40.3,B,古満目,古満目 / NetID 4,2017-10-15,2017-10-15,278,24.79888888888889,25.91957336731287,-1.1206844784239844,0.004496644794912804,0.27114478114478113,Low,0.27114478114478113,Low,2017-10,GAM: cyclic Jday + SST anomaly + J-EGG500 IDW depth,historical_oisst_monthly_mean,NOAA OISST historical,Monthly mean of fixed-reference relative percentiles; not an absolute probability.
2017,10,13,33.360612,134.043999,17.1,23,17.1,A,羽根,羽根 / NetID 13,2017-10-15,2017-10-15,278,24.946666555555556,25.91957336731287,-0.9729068117573169,0.002896448940181815,0.19434343434343435,Low,0.19434343434343435,Low,2017-10,GAM: cyclic Jday + SST anomaly + J-EGG500 IDW depth,historical_oisst_monthly_mean,NOAA OISST historical,Monthly mean of fixed-reference relative percentiles; not an absolute probability.
2018,5,16,33.302961,134.204049,83.4,60,83.4,A,三津,三津 / NetID 16,2018-05-15,2018-05-15,142,20.494999777777778,21.598560510821617,-1.1035607330438377,0.28302027215438624,0.881969696969697,High,0.881969696969697,High,2018-05,GAM: cyclic Jday + SST anomaly + J-EGG500 IDW depth,historical_oisst_monthly_mean,NOAA OISST historical,Monthly mean of fixed-reference relative percentiles; not an absolute probability.
2018,5,17,33.428671,134.243505,50.7,45,50.7,A,佐喜浜,佐喜浜 / NetID 17,2018-05-15,2018-05-15,142,20.494999777777778,21.598560510821617,-1.1035607330438377,0.21743364949755756,0.8478619528619529,High,0.8478619528619529,High,2018-05,GAM: cyclic Jday + SST anomaly + J-EGG500 IDW depth,historical_oisst_monthly_mean,NOAA OISST historical,Monthly mean of fixed-reference relative percentiles; not an absolute probability.
2018,5,19,33.456354,134.256776,49.8,40,49.8,A,東洋,東洋 / NetID 19,2018-05-15,2018-05-15,142,20.529999888888888,21.598560510821617,-1.0685606219327266,0.2157615626583343,0.8467340067340068,High,0.8467340067340068,High,2018-05,GAM: cyclic Jday + SST anomaly + J-EGG500 IDW depth,historical_oisst_monthly_mean,NOAA OISST historical,Monthly mean of fixed-reference relative percentiles; not an absolute probability.
2018,5,3,32.812774,132.642032,54.7,44,54.7,A,橘浦,橘浦 / NetID 3,2018-05-15,2018-05-15,142,21.833888444444444,21.598560510821617,0.23532793362282867,0.21738978669917247,0.8441077441077441,High,0.8441077441077441,High,2018-05,GAM: cyclic Jday + SST anomaly + J-EGG500 IDW depth,historical_oisst_monthly_mean,NOAA OISST historical,Monthly mean of fixed-reference relative percentiles; not an absolute probability.
2018,5,18,33.455525,134.256103,49.3,44,49.3,A,野根,野根 / NetID 18,2018-05-15,2018-05-15,142,20.529999888888888,21.598560510821617,-1.0685606219327266,0.2103933045341237,0.8431144781144781,High,0.8431144781144781,High,2018-05,GAM: cyclic Jday + SST anomaly + J-EGG500 IDW depth,historical_oisst_monthly_mean,NOAA OISST historical,Monthly mean of fixed-reference relative percentiles; not an absolute probability.
2018,5,11,32.77052,133.019357,47.4,28,47.4,B,窪津,窪津 / NetID 11,2018-05-15,2018-05-15,142,21.918332888888887,21.598560510821617,0.3197723780672731,0.20608660616938826,0.8372222222222222,High,0.8372222222222222,High,2018-05,GAM: cyclic Jday + SST anomaly + J-EGG500 IDW depth,historical_oisst_monthly_mean,NOAA OISST historical,Monthly mean of fixed-reference relative percentiles; not an absolute probability.
2018,5,2,32.802579,132.633563,56,41,56,C,安満地,安満地 / NetID 2,2018-05-15,2018-05-15,142,21.833888444444444,21.598560510821617,0.23532793362282867,0.2002007111186137,0.8325589225589226,High,0.8325589225589226,High,2018-05,GAM: cyclic Jday + SST anomaly + J-EGG500 IDW depth,historical_oisst_monthly_mean,NOAA OISST historical,Monthly mean of fixed-reference relative percentiles; not an absolute probability.
2018,5,14,33.311308,134.201197,35.8,30,35.8,A,椎名,椎名 / NetID 14,2018-05-15,2018-05-15,142,20.494999777777778,21.598560510821617,-1.1035607330438377,0.19329546715371065,0.8315488215488216,High,0.8315488215488216,High,2018-05,GAM: cyclic Jday + SST anomaly + J-EGG500 IDW depth,historical_oisst_monthly_mean,NOAA OISST historical,Monthly mean of fixed-reference relative percentiles; not an absolute probability.
2018,5,20,33.593837,134.379416,36.1,33,36.1,A,鞆浦,鞆浦 / NetID 20,2018-05-15,2018-05-15,142,20.227222055555554,21.598560510821617,-1.3713384552660601,0.1591618979964368,0.8038720538720538,High,0.8038720538720538,High,2018-05,GAM: cyclic Jday + SST anomaly + J-EGG500 IDW depth,historical_oisst_monthly_mean,NOAA OISST historical,Monthly mean of fixed-reference relative percentiles; not an absolute probability.
2018,5,15,33.269809,134.202371,56.9,47,56.9,A,高岡,高岡 / NetID 15,2018-05-15,2018-05-15,142,20.494999777777778,21.598560510821617,-1.1035607330438377,0.15347290266207295,0.7981986531986532,High,0.7981986531986532,High,2018-05,GAM: cyclic Jday + SST anomaly + J-EGG500 IDW depth,historical_oisst_monthly_mean,NOAA OISST historical,Monthly mean of fixed-reference relative percentiles; not an absolute probability.
2018,5,10,33.35765,133.337593,6.1,19,6.1,A,双子,双子 / NetID 10,2018-05-15,2018-05-15,142,21.11555538888889,21.598560510821617,-0.4830051219327266,0.11771099630951483,0.7610942760942762,High,0.7610942760942762,High,2018-05,GAM: cyclic Jday + SST anomaly + J-EGG500 IDW depth,historical_oisst_monthly_mean,NOAA OISST historical,Monthly mean of fixed-reference relative percentiles; not an absolute probability.
2018,5,8,32.734923,133.029438,42.8,49,42.8,A,伊佐,伊佐 / NetID 8,2018-05-15,2018-05-15,142,22.65888861111111,21.598560510821617,1.060328100289495,0.06764762919820352,0.67996632996633,Moderate,0.67996632996633,Moderate,2018-05,GAM: cyclic Jday + SST anomaly + J-EGG500 IDW depth,historical_oisst_monthly_mean,NOAA OISST historical,Monthly mean of fixed-reference relative percentiles; not an absolute probability.
2018,5,12,33.400017,134.011099,23.7,26,23.7,A,奈半利,奈半利 / NetID 12,2018-05-15,2018-05-15,142,20.494999777777778,21.598560510821617,-1.1035607330438377,0.062465973362333505,0.6728282828282828,Moderate,0.6728282828282828,Moderate,2018-05,GAM: cyclic Jday + SST anomaly + J-EGG500 IDW depth,historical_oisst_monthly_mean,NOAA OISST historical,Monthly mean of fixed-reference relative percentiles; not an absolute probability.
2018,5,9,33.159542,133.224963,42,34,42,A,窪川,窪川 / NetID 9,2018-05-15,2018-05-15,142,21.567221833333335,21.598560510821617,-0.031338677488282424,0.04613118961659978,0.6247306397306397,Moderate,0.6247306397306397,Moderate,2018-05,GAM: cyclic Jday + SST anomaly + J-EGG500 IDW depth,historical_oisst_monthly_mean,NOAA OISST historical,Monthly mean of fixed-reference relative percentiles; not an absolute probability.
2018,5,1,32.793914,132.628975,40,30,40,A,一切,一切 / NetID 1,2018-05-15,2018-05-15,142,21.833888444444444,21.598560510821617,0.23532793362282867,0.04384064619802963,0.6150673400673401,Moderate,0.6150673400673401,Moderate,2018-05,GAM: cyclic Jday + SST anomaly + J-EGG500 IDW depth,historical_oisst_monthly_mean,NOAA OISST historical,Monthly mean of fixed-reference relative percentiles; not an absolute probability.
2018,5,4,32.784353,132.703013,40.3,45,40.3,B,古満目,古満目 / NetID 4,2018-05-15,2018-05-15,142,21.833888444444444,21.598560510821617,0.23532793362282867,0.042533374797900314,0.6107239057239058,Moderate,0.6107239057239058,Moderate,2018-05,GAM: cyclic Jday + SST anomaly + J-EGG500 IDW depth,historical_oisst_monthly_mean,NOAA OISST historical,Monthly mean of fixed-reference relative percentiles; not an absolute probability.
2018,5,13,33.360612,134.043999,17.1,23,17.1,A,羽根,羽根 / NetID 13,2018-05-15,2018-05-15,142,20.494999777777778,21.598560510821617,-1.1035607330438377,0.020628386155347577,0.49367003367003365,Low,0.49367003367003365,Low,2018-05,GAM: cyclic Jday + SST anomaly + J-EGG500 IDW depth,historical_oisst_monthly_mean,NOAA OISST historical,Monthly mean of fixed-reference relative percentiles; not an absolute probability.
2018,6,16,33.302961,134.204049,83.4,60,83.4,A,三津,三津 / NetID 16,2018-06-15,2018-06-15,166,23.6319997,23.36632223983202,0.2656774601679793,0.511213150696829,0.9727676767676768,Very high,0.9727676767676768,Very high,2018-06,GAM: cyclic Jday + SST anomaly + J-EGG500 IDW depth,historical_oisst_monthly_mean,NOAA OISST historical,Monthly mean of fixed-reference relative percentiles; not an absolute probability.
2018,6,17,33.428671,134.243505,50.7,45,50.7,A,佐喜浜,佐喜浜 / NetID 17,2018-06-15,2018-06-15,166,23.6319997,23.36632223983202,0.2656774601679793,0.423736952518378,0.9483333333333334,Very high,0.9483333333333334,Very high,2018-06,GAM: cyclic Jday + SST anomaly + J-EGG500 IDW depth,historical_oisst_monthly_mean,NOAA OISST historical,Monthly mean of fixed-reference relative percentiles; not an absolute probability.
2018,6,19,33.456354,134.256776,49.8,40,49.8,A,東洋,東洋 / NetID 19,2018-06-15,2018-06-15,166,23.384666199999998,23.36632223983202,0.018343960167978915,0.408479462023304,0.9428888888888889,Very high,0.9428888888888889,Very high,2018-06,GAM: cyclic Jday + SST anomaly + J-EGG500 IDW depth,historical_oisst_monthly_mean,NOAA OISST historical,Monthly mean of fixed-reference relative percentiles; not an absolute probability.
2018,6,18,33.455525,134.256103,49.3,44,49.3,A,野根,野根 / NetID 18,2018-06-15,2018-06-15,166,23.384666199999998,23.36632223983202,0.018343960167978915,0.40072918582188055,0.9393939393939393,Very high,0.9393939393939393,Very high,2018-06,GAM: cyclic Jday + SST anomaly + J-EGG500 IDW depth,historical_oisst_monthly_mean,NOAA OISST historical,Monthly mean of fixed-reference relative percentiles; not an absolute probability.
2018,6,14,33.311308,134.201197,35.8,30,35.8,A,椎名,椎名 / NetID 14,2018-06-15,2018-06-15,166,23.6319997,23.36632223983202,0.2656774601679793,0.3879599212766879,0.9336565656565656,Very high,0.9336565656565656,Very high,2018-06,GAM: cyclic Jday + SST anomaly + J-EGG500 IDW depth,historical_oisst_monthly_mean,NOAA OISST historical,Monthly mean of fixed-reference relative percentiles; not an absolute probability.
2018,6,3,32.812774,132.642032,54.7,44,54.7,A,橘浦,橘浦 / NetID 3,2018-06-15,2018-06-15,166,23.857333133333334,23.36632223983202,0.4910108935013125,0.370997722469774,0.9258686868686868,Very high,0.9258686868686868,Very high,2018-06,GAM: cyclic Jday + SST anomaly + J-EGG500 IDW depth,historical_oisst_monthly_mean,NOAA OISST historical,Monthly mean of fixed-reference relative percentiles; not an absolute probability.
2018,6,11,32.77052,133.019357,47.4,28,47.4,B,窪津,窪津 / NetID 11,2018-06-15,2018-06-15,166,24.2403329,23.36632223983202,0.8740106601679793,0.3677264982811941,0.9241313131313131,Very high,0.9241313131313131,Very high,2018-06,GAM: cyclic Jday + SST anomaly + J-EGG500 IDW depth,historical_oisst_monthly_mean,NOAA OISST historical,Monthly mean of fixed-reference relative percentiles; not an absolute probability.
2018,6,2,32.802579,132.633563,56,41,56,C,安満地,安満地 / NetID 2,2018-06-15,2018-06-15,166,23.857333133333334,23.36632223983202,0.4910108935013125,0.34672339082792414,0.9138989898989899,Very high,0.9138989898989899,Very high,2018-06,GAM: cyclic Jday + SST anomaly + J-EGG500 IDW depth,historical_oisst_monthly_mean,NOAA OISST historical,Monthly mean of fixed-reference relative percentiles; not an absolute probability.
2018,6,15,33.269809,134.202371,56.9,47,56.9,A,高岡,高岡 / NetID 15,2018-06-15,2018-06-15,166,23.6319997,23.36632223983202,0.2656774601679793,0.32401667902462217,0.902070707070707,Very high,0.902070707070707,Very high,2018-06,GAM: cyclic Jday + SST anomaly + J-EGG500 IDW depth,historical_oisst_monthly_mean,NOAA OISST historical,Monthly mean of fixed-reference relative percentiles; not an absolute probability.
2018,6,20,33.593837,134.379416,36.1,33,36.1,A,鞆浦,鞆浦 / NetID 20,2018-06-15,2018-06-15,166,22.8613331,23.36632223983202,-0.5049891398320205,0.3131938402503617,0.8964646464646464,High,0.8964646464646464,High,2018-06,GAM: cyclic Jday + SST anomaly + J-EGG500 IDW depth,historical_oisst_monthly_mean,NOAA OISST historical,Monthly mean of fixed-reference relative percentiles; not an absolute probability.
2018,6,10,33.35765,133.337593,6.1,19,6.1,A,双子,双子 / NetID 10,2018-06-15,2018-06-15,166,23.342666166666667,23.36632223983202,-0.023656073165354268,0.22981651866024033,0.855909090909091,High,0.855909090909091,High,2018-06,GAM: cyclic Jday + SST anomaly + J-EGG500 IDW depth,historical_oisst_monthly_mean,NOAA OISST historical,Monthly mean of fixed-reference relative percentiles; not an absolute probability.
2018,6,12,33.400017,134.011099,23.7,26,23.7,A,奈半利,奈半利 / NetID 12,2018-06-15,2018-06-15,166,23.6319997,23.36632223983202,0.2656774601679793,0.14963797015430488,0.7964545454545454,High,0.7964545454545454,High,2018-06,GAM: cyclic Jday + SST anomaly + J-EGG500 IDW depth,historical_oisst_monthly_mean,NOAA OISST historical,Monthly mean of fixed-reference relative percentiles; not an absolute probability.
2018,6,8,32.734923,133.029438,42.8,49,42.8,A,伊佐,伊佐 / NetID 8,2018-06-15,2018-06-15,166,24.9396664,23.36632223983202,1.5733441601679792,0.13759449873165672,0.7841111111111111,High,0.7841111111111111,High,2018-06,GAM: cyclic Jday + SST anomaly + J-EGG500 IDW depth,historical_oisst_monthly_mean,NOAA OISST historical,Monthly mean of fixed-reference relative percentiles; not an absolute probability.
2018,6,9,33.159542,133.224963,42,34,42,A,窪川,窪川 / NetID 9,2018-06-15,2018-06-15,166,23.769999766666665,23.36632223983202,0.4036775268346459,0.0952882146368905,0.7327878787878788,Moderate,0.7327878787878788,Moderate,2018-06,GAM: cyclic Jday + SST anomaly + J-EGG500 IDW depth,historical_oisst_monthly_mean,NOAA OISST historical,Monthly mean of fixed-reference relative percentiles; not an absolute probability.
2018,6,1,32.793914,132.628975,40,30,40,A,一切,一切 / NetID 1,2018-06-15,2018-06-15,166,23.857333133333334,23.36632223983202,0.4910108935013125,0.0876035462560654,0.7209696969696969,Moderate,0.7209696969696969,Moderate,2018-06,GAM: cyclic Jday + SST anomaly + J-EGG500 IDW depth,historical_oisst_monthly_mean,NOAA OISST historical,Monthly mean of fixed-reference relative percentiles; not an absolute probability.
2018,6,4,32.784353,132.703013,40.3,45,40.3,B,古満目,古満目 / NetID 4,2018-06-15,2018-06-15,166,23.857333133333334,23.36632223983202,0.4910108935013125,0.08509977814144523,0.716949494949495,Moderate,0.716949494949495,Moderate,2018-06,GAM: cyclic Jday + SST anomaly + J-EGG500 IDW depth,historical_oisst_monthly_mean,NOAA OISST historical,Monthly mean of fixed-reference relative percentiles; not an absolute probability.
2018,6,13,33.360612,134.043999,17.1,23,17.1,A,羽根,羽根 / NetID 13,2018-06-15,2018-06-15,166,23.6319997,23.36632223983202,0.2656774601679793,0.052682850096214616,0.6502626262626262,Moderate,0.6502626262626262,Moderate,2018-06,GAM: cyclic Jday + SST anomaly + J-EGG500 IDW depth,historical_oisst_monthly_mean,NOAA OISST historical,Monthly mean of fixed-reference relative percentiles; not an absolute probability.
2018,7,16,33.302961,134.204049,83.4,60,83.4,A,三津,三津 / NetID 16,2018-07-15,2018-07-15,197,27.269676999999998,26.26363836824131,1.0060386317586896,0.34324265245840435,0.9114173998044965,Very high,0.9114173998044965,Very high,2018-07,GAM: cyclic Jday + SST anomaly + J-EGG500 IDW depth,historical_oisst_monthly_mean,NOAA OISST historical,Monthly mean of fixed-reference relative percentiles; not an absolute probability.
2018,7,17,33.428671,134.243505,50.7,45,50.7,A,佐喜浜,佐喜浜 / NetID 17,2018-07-15,2018-07-15,197,27.269676999999998,26.26363836824131,1.0060386317586896,0.26906542092067787,0.875268817204301,High,0.875268817204301,High,2018-07,GAM: cyclic Jday + SST anomaly + J-EGG500 IDW depth,historical_oisst_monthly_mean,NOAA OISST historical,Monthly mean of fixed-reference relative percentiles; not an absolute probability.
2018,7,19,33.456354,134.256776,49.8,40,49.8,A,東洋,東洋 / NetID 19,2018-07-15,2018-07-15,197,27.11935441935484,26.26363836824131,0.8557160511135284,0.26048427741700897,0.8710557184750733,High,0.8710557184750733,High,2018-07,GAM: cyclic Jday + SST anomaly + J-EGG500 IDW depth,historical_oisst_monthly_mean,NOAA OISST historical,Monthly mean of fixed-reference relative percentiles; not an absolute probability.
2018,7,18,33.455525,134.256103,49.3,44,49.3,A,野根,野根 / NetID 18,2018-07-15,2018-07-15,197,27.11935441935484,26.26363836824131,0.8557160511135284,0.25437350369459705,0.867781036168133,High,0.867781036168133,High,2018-07,GAM: cyclic Jday + SST anomaly + J-EGG500 IDW depth,historical_oisst_monthly_mean,NOAA OISST historical,Monthly mean of fixed-reference relative percentiles; not an absolute probability.
2018,7,14,33.311308,134.201197,35.8,30,35.8,A,椎名,椎名 / NetID 14,2018-07-15,2018-07-15,197,27.269676999999998,26.26363836824131,1.0060386317586896,0.24100399965733937,0.8605571847507332,High,0.8605571847507332,High,2018-07,GAM: cyclic Jday + SST anomaly + J-EGG500 IDW depth,historical_oisst_monthly_mean,NOAA OISST historical,Monthly mean of fixed-reference relative percentiles; not an absolute probability.
2018,7,11,32.77052,133.019357,47.4,28,47.4,B,窪津,窪津 / NetID 11,2018-07-15,2018-07-15,197,27.18645122580645,26.26363836824131,0.9228128575651411,0.20613330654017878,0.8378690127077224,High,0.8378690127077224,High,2018-07,GAM: cyclic Jday + SST anomaly + J-EGG500 IDW depth,historical_oisst_monthly_mean,NOAA OISST historical,Monthly mean of fixed-reference relative percentiles; not an absolute probability.
2018,7,20,33.593837,134.379416,36.1,33,36.1,A,鞆浦,鞆浦 / NetID 20,2018-07-15,2018-07-15,197,26.988709290322582,26.26363836824131,0.7250709220812703,0.1999844455103101,0.8353958944281524,High,0.8353958944281524,High,2018-07,GAM: cyclic Jday + SST anomaly + J-EGG500 IDW depth,historical_oisst_monthly_mean,NOAA OISST historical,Monthly mean of fixed-reference relative percentiles; not an absolute probability.
2018,7,15,33.269809,134.202371,56.9,47,56.9,A,高岡,高岡 / NetID 15,2018-07-15,2018-07-15,197,27.269676999999998,26.26363836824131,1.0060386317586896,0.1937731151728414,0.8313880742913001,High,0.8313880742913001,High,2018-07,GAM: cyclic Jday + SST anomaly + J-EGG500 IDW depth,historical_oisst_monthly_mean,NOAA OISST historical,Monthly mean of fixed-reference relative percentiles; not an absolute probability.
2018,7,3,32.812774,132.642032,54.7,44,54.7,A,橘浦,橘浦 / NetID 3,2018-07-15,2018-07-15,197,26.032902677419354,26.26363836824131,-0.23073569082195522,0.18650288066728374,0.8242228739002933,High,0.8242228739002933,High,2018-07,GAM: cyclic Jday + SST anomaly + J-EGG500 IDW depth,historical_oisst_monthly_mean,NOAA OISST historical,Monthly mean of fixed-reference relative percentiles; not an absolute probability.
2018,7,2,32.802579,132.633563,56,41,56,C,安満地,安満地 / NetID 2,2018-07-15,2018-07-15,197,26.032902677419354,26.26363836824131,-0.23073569082195522,0.17114944184139555,0.8117790811339198,High,0.8117790811339198,High,2018-07,GAM: cyclic Jday + SST anomaly + J-EGG500 IDW depth,historical_oisst_monthly_mean,NOAA OISST historical,Monthly mean of fixed-reference relative percentiles; not an absolute probability.
2018,7,10,33.35765,133.337593,6.1,19,6.1,A,双子,双子 / NetID 10,2018-07-15,2018-07-15,197,27.407419,26.26363836824131,1.1437806317586898,0.13929685234554628,0.7848289345063538,High,0.7848289345063538,High,2018-07,GAM: cyclic Jday + SST anomaly + J-EGG500 IDW depth,historical_oisst_monthly_mean,NOAA OISST historical,Monthly mean of fixed-reference relative percentiles; not an absolute probability.
2018,7,12,33.400017,134.011099,23.7,26,23.7,A,奈半利,奈半利 / NetID 12,2018-07-15,2018-07-15,197,27.269676999999998,26.26363836824131,1.0060386317586896,0.08122216677977918,0.7086608015640273,Moderate,0.7086608015640273,Moderate,2018-07,GAM: cyclic Jday + SST anomaly + J-EGG500 IDW depth,historical_oisst_monthly_mean,NOAA OISST historical,Monthly mean of fixed-reference relative percentiles; not an absolute probability.
2018,7,8,32.734923,133.029438,42.8,49,42.8,A,伊佐,伊佐 / NetID 8,2018-07-15,2018-07-15,197,27.342257903225807,26.26363836824131,1.078619534984496,0.06115976210358651,0.6672238514173998,Moderate,0.6672238514173998,Moderate,2018-07,GAM: cyclic Jday + SST anomaly + J-EGG500 IDW depth,historical_oisst_monthly_mean,NOAA OISST historical,Monthly mean of fixed-reference relative percentiles; not an absolute probability.
2018,7,9,33.159542,133.224963,42,34,42,A,窪川,窪川 / NetID 9,2018-07-15,2018-07-15,197,27.114838548387098,26.26363836824131,0.8512001801457864,0.04837773987506477,0.6344672531769305,Moderate,0.6344672531769305,Moderate,2018-07,GAM: cyclic Jday + SST anomaly + J-EGG500 IDW depth,historical_oisst_monthly_mean,NOAA OISST historical,Monthly mean of fixed-reference relative percentiles; not an absolute probability.
2018,7,1,32.793914,132.628975,40,30,40,A,一切,一切 / NetID 1,2018-07-15,2018-07-15,197,26.032902677419354,26.26363836824131,-0.23073569082195522,0.03628220380099304,0.5865786901270772,Moderate,0.5865786901270772,Moderate,2018-07,GAM: cyclic Jday + SST anomaly + J-EGG500 IDW depth,historical_oisst_monthly_mean,NOAA OISST historical,Monthly mean of fixed-reference relative percentiles; not an absolute probability.
2018,7,4,32.784353,132.703013,40.3,45,40.3,B,古満目,古満目 / NetID 4,2018-07-15,2018-07-15,197,26.032902677419354,26.26363836824131,-0.23073569082195522,0.035190684790095614,0.5813782991202346,Moderate,0.5813782991202346,Moderate,2018-07,GAM: cyclic Jday + SST anomaly + J-EGG500 IDW depth,historical_oisst_monthly_mean,NOAA OISST historical,Monthly mean of fixed-reference relative percentiles; not an absolute probability.
2018,7,13,33.360612,134.043999,17.1,23,17.1,A,羽根,羽根 / NetID 13,2018-07-15,2018-07-15,197,27.269676999999998,26.26363836824131,1.0060386317586896,0.02719593438719223,0.5402834799608993,Moderate,0.5402834799608993,Moderate,2018-07,GAM: cyclic Jday + SST anomaly + J-EGG500 IDW depth,historical_oisst_monthly_mean,NOAA OISST historical,Monthly mean of fixed-reference relative percentiles; not an absolute probability.
2018,8,16,33.302961,134.204049,83.4,60,83.4,A,三津,三津 / NetID 16,2018-08-15,2018-08-15,228,27.578709387096772,27.902151713155565,-0.32344232605879025,0.20259933552137818,0.8361485826001955,High,0.8361485826001955,High,2018-08,GAM: cyclic Jday + SST anomaly + J-EGG500 IDW depth,historical_oisst_monthly_mean,NOAA OISST historical,Monthly mean of fixed-reference relative percentiles; not an absolute probability.
2018,8,17,33.428671,134.243505,50.7,45,50.7,A,佐喜浜,佐喜浜 / NetID 17,2018-08-15,2018-08-15,228,27.578709387096772,27.902151713155565,-0.32344232605879025,0.15171970486295944,0.7961290322580645,High,0.7961290322580645,High,2018-08,GAM: cyclic Jday + SST anomaly + J-EGG500 IDW depth,historical_oisst_monthly_mean,NOAA OISST historical,Monthly mean of fixed-reference relative percentiles; not an absolute probability.
2018,8,19,33.456354,134.256776,49.8,40,49.8,A,東洋,東洋 / NetID 19,2018-08-15,2018-08-15,228,27.407741387096774,27.902151713155565,-0.4944103260587898,0.14568880212169516,0.7909090909090909,High,0.7909090909090909,High,2018-08,GAM: cyclic Jday + SST anomaly + J-EGG500 IDW depth,historical_oisst_monthly_mean,NOAA OISST historical,Monthly mean of fixed-reference relative percentiles; not an absolute probability.
2018,8,18,33.455525,134.256103,49.3,44,49.3,A,野根,野根 / NetID 18,2018-08-15,2018-08-15,228,27.407741387096774,27.902151713155565,-0.4944103260587898,0.1417442719675624,0.7870674486803519,High,0.7870674486803519,High,2018-08,GAM: cyclic Jday + SST anomaly + J-EGG500 IDW depth,historical_oisst_monthly_mean,NOAA OISST historical,Monthly mean of fixed-reference relative percentiles; not an absolute probability.
2018,8,14,33.311308,134.201197,35.8,30,35.8,A,椎名,椎名 / NetID 14,2018-08-15,2018-08-15,228,27.578709387096772,27.902151713155565,-0.32344232605879025,0.13362399234226519,0.7782209188660801,High,0.7782209188660801,High,2018-08,GAM: cyclic Jday + SST anomaly + J-EGG500 IDW depth,historical_oisst_monthly_mean,NOAA OISST historical,Monthly mean of fixed-reference relative percentiles; not an absolute probability.
2018,8,11,32.77052,133.019357,47.4,28,47.4,B,窪津,窪津 / NetID 11,2018-08-15,2018-08-15,228,28.103225451612904,27.902151713155565,0.20107373845733936,0.12195828032537723,0.7649951124144673,High,0.7649951124144673,High,2018-08,GAM: cyclic Jday + SST anomaly + J-EGG500 IDW depth,historical_oisst_monthly_mean,NOAA OISST historical,Monthly mean of fixed-reference relative percentiles; not an absolute probability.
2018,8,3,32.812774,132.642032,54.7,44,54.7,A,橘浦,橘浦 / NetID 3,2018-08-15,2018-08-15,228,27.366128741935484,27.902151713155565,-0.5360229712200806,0.1160052740114478,0.759345063538612,High,0.759345063538612,High,2018-08,GAM: cyclic Jday + SST anomaly + J-EGG500 IDW depth,historical_oisst_monthly_mean,NOAA OISST historical,Monthly mean of fixed-reference relative percentiles; not an absolute probability.
2018,8,20,33.593837,134.379416,36.1,33,36.1,A,鞆浦,鞆浦 / NetID 20,2018-08-15,2018-08-15,228,27.283225548387097,27.902151713155565,-0.6189261647684673,0.108234850929328,0.7475464320625611,Moderate,0.7475464320625611,Moderate,2018-08,GAM: cyclic Jday + SST anomaly + J-EGG500 IDW depth,historical_oisst_monthly_mean,NOAA OISST historical,Monthly mean of fixed-reference relative percentiles; not an absolute probability.
2018,8,2,32.802579,132.633563,56,41,56,C,安満地,安満地 / NetID 2,2018-08-15,2018-08-15,228,27.366128741935484,27.902151713155565,-0.5360229712200806,0.1056012493115737,0.7461876832844575,Moderate,0.7461876832844575,Moderate,2018-08,GAM: cyclic Jday + SST anomaly + J-EGG500 IDW depth,historical_oisst_monthly_mean,NOAA OISST historical,Monthly mean of fixed-reference relative percentiles; not an absolute probability.
2018,8,15,33.269809,134.202371,56.9,47,56.9,A,高岡,高岡 / NetID 15,2018-08-15,2018-08-15,228,27.578709387096772,27.902151713155565,-0.32344232605879025,0.10448182814127335,0.743069403714565,Moderate,0.743069403714565,Moderate,2018-08,GAM: cyclic Jday + SST anomaly + J-EGG500 IDW depth,historical_oisst_monthly_mean,NOAA OISST historical,Monthly mean of fixed-reference relative percentiles; not an absolute probability.
2018,8,10,33.35765,133.337593,6.1,19,6.1,A,双子,双子 / NetID 10,2018-08-15,2018-08-15,228,27.798064032258065,27.902151713155565,-0.10408768089749974,0.0738187616694468,0.6943988269794722,Moderate,0.6943988269794722,Moderate,2018-08,GAM: cyclic Jday + SST anomaly + J-EGG500 IDW depth,historical_oisst_monthly_mean,NOAA OISST historical,Monthly mean of fixed-reference relative percentiles; not an absolute probability.
2018,8,12,33.400017,134.011099,23.7,26,23.7,A,奈半利,奈半利 / NetID 12,2018-08-15,2018-08-15,228,27.578709387096772,27.902151713155565,-0.32344232605879025,0.041072061303449106,0.609247311827957,Moderate,0.609247311827957,Moderate,2018-08,GAM: cyclic Jday + SST anomaly + J-EGG500 IDW depth,historical_oisst_monthly_mean,NOAA OISST historical,Monthly mean of fixed-reference relative percentiles; not an absolute probability.
2018,8,8,32.734923,133.029438,42.8,49,42.8,A,伊佐,伊佐 / NetID 8,2018-08-15,2018-08-15,228,28.240967483870968,27.902151713155565,0.33881577071540325,0.03305342154727722,0.5748973607038124,Moderate,0.5748973607038124,Moderate,2018-08,GAM: cyclic Jday + SST anomaly + J-EGG500 IDW depth,historical_oisst_monthly_mean,NOAA OISST historical,Monthly mean of fixed-reference relative percentiles; not an absolute probability.
2018,8,9,33.159542,133.224963,42,34,42,A,窪川,窪川 / NetID 9,2018-08-15,2018-08-15,228,27.90032235483871,27.902151713155565,-0.0018293583168542682,0.025800064580091667,0.5312218963831867,Moderate,0.5312218963831867,Moderate,2018-08,GAM: cyclic Jday + SST anomaly + J-EGG500 IDW depth,historical_oisst_monthly_mean,NOAA OISST historical,Monthly mean of fixed-reference relative percentiles; not an absolute probability.
2018,8,1,32.793914,132.628975,40,30,40,A,一切,一切 / NetID 1,2018-08-15,2018-08-15,228,27.366128741935484,27.902151713155565,-0.5360229712200806,0.020863511583238646,0.49621700879765396,Low,0.49621700879765396,Low,2018-08,GAM: cyclic Jday + SST anomaly + J-EGG500 IDW depth,historical_oisst_monthly_mean,NOAA OISST historical,Monthly mean of fixed-reference relative percentiles; not an absolute probability.
2018,8,4,32.784353,132.703013,40.3,45,40.3,B,古満目,古満目 / NetID 4,2018-08-15,2018-08-15,228,27.366128741935484,27.902151713155565,-0.5360229712200806,0.0202243416685195,0.49085043988269794,Low,0.49085043988269794,Low,2018-08,GAM: cyclic Jday + SST anomaly + J-EGG500 IDW depth,historical_oisst_monthly_mean,NOAA OISST historical,Monthly mean of fixed-reference relative percentiles; not an absolute probability.
2018,8,13,33.360612,134.043999,17.1,23,17.1,A,羽根,羽根 / NetID 13,2018-08-15,2018-08-15,228,27.578709387096772,27.902151713155565,-0.32344232605879025,0.013348858988987206,0.4204496578690127,Low,0.4204496578690127,Low,2018-08,GAM: cyclic Jday + SST anomaly + J-EGG500 IDW depth,historical_oisst_monthly_mean,NOAA OISST historical,Monthly mean of fixed-reference relative percentiles; not an absolute probability.
2018,9,16,33.302961,134.204049,83.4,60,83.4,A,三津,三津 / NetID 16,2018-09-15,2018-09-15,258,25.847666333333333,27.246868919497366,-1.3992025861640327,0.0855077871085276,0.7146767676767677,Moderate,0.7146767676767677,Moderate,2018-09,GAM: cyclic Jday + SST anomaly + J-EGG500 IDW depth,historical_oisst_monthly_mean,NOAA OISST historical,Monthly mean of fixed-reference relative percentiles; not an absolute probability.
2018,9,17,33.428671,134.243505,50.7,45,50.7,A,佐喜浜,佐喜浜 / NetID 17,2018-09-15,2018-09-15,258,25.847666333333333,27.246868919497366,-1.3992025861640327,0.06165702612891561,0.6694444444444445,Moderate,0.6694444444444445,Moderate,2018-09,GAM: cyclic Jday + SST anomaly + J-EGG500 IDW depth,historical_oisst_monthly_mean,NOAA OISST historical,Monthly mean of fixed-reference relative percentiles; not an absolute probability.
2018,9,19,33.456354,134.256776,49.8,40,49.8,A,東洋,東洋 / NetID 19,2018-09-15,2018-09-15,258,25.826666333333332,27.246868919497366,-1.4202025861640328,0.06031681159948833,0.6667171717171717,Moderate,0.6667171717171717,Moderate,2018-09,GAM: cyclic Jday + SST anomaly + J-EGG500 IDW depth,historical_oisst_monthly_mean,NOAA OISST historical,Monthly mean of fixed-reference relative percentiles; not an absolute probability.
2018,9,18,33.455525,134.256103,49.3,44,49.3,A,野根,野根 / NetID 18,2018-09-15,2018-09-15,258,25.826666333333332,27.246868919497366,-1.4202025861640328,0.05851688216310851,0.6625050505050505,Moderate,0.6625050505050505,Moderate,2018-09,GAM: cyclic Jday + SST anomaly + J-EGG500 IDW depth,historical_oisst_monthly_mean,NOAA OISST historical,Monthly mean of fixed-reference relative percentiles; not an absolute probability.
2018,9,14,33.311308,134.201197,35.8,30,35.8,A,椎名,椎名 / NetID 14,2018-09-15,2018-09-15,258,25.847666333333333,27.246868919497366,-1.3992025861640327,0.05359178096315163,0.6504242424242425,Moderate,0.6504242424242425,Moderate,2018-09,GAM: cyclic Jday + SST anomaly + J-EGG500 IDW depth,historical_oisst_monthly_mean,NOAA OISST historical,Monthly mean of fixed-reference relative percentiles; not an absolute probability.
2018,9,11,32.77052,133.019357,47.4,28,47.4,B,窪津,窪津 / NetID 11,2018-09-15,2018-09-15,258,26.5609997,27.246868919497366,-0.6858692194973662,0.0499432257398357,0.6414141414141414,Moderate,0.6414141414141414,Moderate,2018-09,GAM: cyclic Jday + SST anomaly + J-EGG500 IDW depth,historical_oisst_monthly_mean,NOAA OISST historical,Monthly mean of fixed-reference relative percentiles; not an absolute probability.
2018,9,3,32.812774,132.642032,54.7,44,54.7,A,橘浦,橘浦 / NetID 3,2018-09-15,2018-09-15,258,25.950666233333333,27.246868919497366,-1.2962026861640326,0.04874018806171055,0.6376565656565657,Moderate,0.6376565656565657,Moderate,2018-09,GAM: cyclic Jday + SST anomaly + J-EGG500 IDW depth,historical_oisst_monthly_mean,NOAA OISST historical,Monthly mean of fixed-reference relative percentiles; not an absolute probability.
2018,9,2,32.802579,132.633563,56,41,56,C,安満地,安満地 / NetID 2,2018-09-15,2018-09-15,258,25.950666233333333,27.246868919497366,-1.2962026861640326,0.044063113547658024,0.6217878787878788,Moderate,0.6217878787878788,Moderate,2018-09,GAM: cyclic Jday + SST anomaly + J-EGG500 IDW depth,historical_oisst_monthly_mean,NOAA OISST historical,Monthly mean of fixed-reference relative percentiles; not an absolute probability.
2018,9,20,33.593837,134.379416,36.1,33,36.1,A,鞆浦,鞆浦 / NetID 20,2018-09-15,2018-09-15,258,25.663666166666665,27.246868919497366,-1.5832027528306993,0.042942054273594404,0.6182424242424243,Moderate,0.6182424242424243,Moderate,2018-09,GAM: cyclic Jday + SST anomaly + J-EGG500 IDW depth,historical_oisst_monthly_mean,NOAA OISST historical,Monthly mean of fixed-reference relative percentiles; not an absolute probability.
2018,9,15,33.269809,134.202371,56.9,47,56.9,A,高岡,高岡 / NetID 15,2018-09-15,2018-09-15,258,25.847666333333333,27.246868919497366,-1.3992025861640327,0.041034912448959626,0.6087171717171718,Moderate,0.6087171717171718,Moderate,2018-09,GAM: cyclic Jday + SST anomaly + J-EGG500 IDW depth,historical_oisst_monthly_mean,NOAA OISST historical,Monthly mean of fixed-reference relative percentiles; not an absolute probability.
2018,9,10,33.35765,133.337593,6.1,19,6.1,A,双子,双子 / NetID 10,2018-09-15,2018-09-15,258,25.8456663,27.246868919497366,-1.401202619497366,0.027377017536573334,0.5396767676767676,Moderate,0.5396767676767676,Moderate,2018-09,GAM: cyclic Jday + SST anomaly + J-EGG500 IDW depth,historical_oisst_monthly_mean,NOAA OISST historical,Monthly mean of fixed-reference relative percentiles; not an absolute probability.
2018,9,12,33.400017,134.011099,23.7,26,23.7,A,奈半利,奈半利 / NetID 12,2018-09-15,2018-09-15,258,25.847666333333333,27.246868919497366,-1.3992025861640327,0.015429460761237314,0.44377777777777777,Low,0.44377777777777777,Low,2018-09,GAM: cyclic Jday + SST anomaly + J-EGG500 IDW depth,historical_oisst_monthly_mean,NOAA OISST historical,Monthly mean of fixed-reference relative percentiles; not an absolute probability.
2018,9,8,32.734923,133.029438,42.8,49,42.8,A,伊佐,伊佐 / NetID 8,2018-09-15,2018-09-15,258,27.246666333333334,27.246868919497366,-2.025861640329178e-4,0.014066764627434853,0.4306060606060606,Low,0.4306060606060606,Low,2018-09,GAM: cyclic Jday + SST anomaly + J-EGG500 IDW depth,historical_oisst_monthly_mean,NOAA OISST historical,Monthly mean of fixed-reference relative percentiles; not an absolute probability.
2018,9,9,33.159542,133.224963,42,34,42,A,窪川,窪川 / NetID 9,2018-09-15,2018-09-15,258,26.0716662,27.246868919497366,-1.1752027194973662,0.00939710862989322,0.3674949494949495,Low,0.3674949494949495,Low,2018-09,GAM: cyclic Jday + SST anomaly + J-EGG500 IDW depth,historical_oisst_monthly_mean,NOAA OISST historical,Monthly mean of fixed-reference relative percentiles; not an absolute probability.
2018,9,1,32.793914,132.628975,40,30,40,A,一切,一切 / NetID 1,2018-09-15,2018-09-15,258,25.950666233333333,27.246868919497366,-1.2962026861640326,0.008241152647683027,0.35009090909090906,Low,0.35009090909090906,Low,2018-09,GAM: cyclic Jday + SST anomaly + J-EGG500 IDW depth,historical_oisst_monthly_mean,NOAA OISST historical,Monthly mean of fixed-reference relative percentiles; not an absolute probability.
2018,9,4,32.784353,132.703013,40.3,45,40.3,B,古満目,古満目 / NetID 4,2018-09-15,2018-09-15,258,25.950666233333333,27.246868919497366,-1.2962026861640326,0.007985454503338277,0.34593939393939394,Low,0.34593939393939394,Low,2018-09,GAM: cyclic Jday + SST anomaly + J-EGG500 IDW depth,historical_oisst_monthly_mean,NOAA OISST historical,Monthly mean of fixed-reference relative percentiles; not an absolute probability.
2018,9,13,33.360612,134.043999,17.1,23,17.1,A,羽根,羽根 / NetID 13,2018-09-15,2018-09-15,258,25.847666333333333,27.246868919497366,-1.3992025861640327,0.004920491865535602,0.2768787878787879,Low,0.2768787878787879,Low,2018-09,GAM: cyclic Jday + SST anomaly + J-EGG500 IDW depth,historical_oisst_monthly_mean,NOAA OISST historical,Monthly mean of fixed-reference relative percentiles; not an absolute probability.
2018,10,16,33.302961,134.204049,83.4,60,83.4,A,三津,三津 / NetID 16,2018-10-15,2018-10-15,289,24.13096748387097,25.145939730262896,-1.0149722463919268,0.04115535616557242,0.6111045943304008,Moderate,0.6111045943304008,Moderate,2018-10,GAM: cyclic Jday + SST anomaly + J-EGG500 IDW depth,historical_oisst_monthly_mean,NOAA OISST historical,Monthly mean of fixed-reference relative percentiles; not an absolute probability.
2018,10,17,33.428671,134.243505,50.7,45,50.7,A,佐喜浜,佐喜浜 / NetID 17,2018-10-15,2018-10-15,289,24.13096748387097,25.145939730262896,-1.0149722463919268,0.02924534398526097,0.5531182795698925,Moderate,0.5531182795698925,Moderate,2018-10,GAM: cyclic Jday + SST anomaly + J-EGG500 IDW depth,historical_oisst_monthly_mean,NOAA OISST historical,Monthly mean of fixed-reference relative percentiles; not an absolute probability.
2018,10,19,33.456354,134.256776,49.8,40,49.8,A,東洋,東洋 / NetID 19,2018-10-15,2018-10-15,289,24.03935464516129,25.145939730262896,-1.1065850851016044,0.028255817264778247,0.5471065493646139,Moderate,0.5471065493646139,Moderate,2018-10,GAM: cyclic Jday + SST anomaly + J-EGG500 IDW depth,historical_oisst_monthly_mean,NOAA OISST historical,Monthly mean of fixed-reference relative percentiles; not an absolute probability.
2018,10,18,33.455525,134.256103,49.3,44,49.3,A,野根,野根 / NetID 18,2018-10-15,2018-10-15,289,24.03935464516129,25.145939730262896,-1.1065850851016044,0.02738249959267672,0.5418475073313783,Moderate,0.5418475073313783,Moderate,2018-10,GAM: cyclic Jday + SST anomaly + J-EGG500 IDW depth,historical_oisst_monthly_mean,NOAA OISST historical,Monthly mean of fixed-reference relative percentiles; not an absolute probability.
2018,10,14,33.311308,134.201197,35.8,30,35.8,A,椎名,椎名 / NetID 14,2018-10-15,2018-10-15,289,24.13096748387097,25.145939730262896,-1.0149722463919268,0.025295185830394872,0.5284066471163246,Moderate,0.5284066471163246,Moderate,2018-10,GAM: cyclic Jday + SST anomaly + J-EGG500 IDW depth,historical_oisst_monthly_mean,NOAA OISST historical,Monthly mean of fixed-reference relative percentiles; not an absolute probability.
2018,10,11,32.77052,133.019357,47.4,28,47.4,B,窪津,窪津 / NetID 11,2018-10-15,2018-10-15,289,24.513870806451614,25.145939730262896,-0.6320689238112814,0.022367804448503902,0.5078201368523949,Moderate,0.5078201368523949,Moderate,2018-10,GAM: cyclic Jday + SST anomaly + J-EGG500 IDW depth,historical_oisst_monthly_mean,NOAA OISST historical,Monthly mean of fixed-reference relative percentiles; not an absolute probability.
2018,10,3,32.812774,132.642032,54.7,44,54.7,A,橘浦,橘浦 / NetID 3,2018-10-15,2018-10-15,289,23.89419322580645,25.145939730262896,-1.251746504456443,0.02182076969606931,0.5028836754643207,Moderate,0.5028836754643207,Moderate,2018-10,GAM: cyclic Jday + SST anomaly + J-EGG500 IDW depth,historical_oisst_monthly_mean,NOAA OISST historical,Monthly mean of fixed-reference relative percentiles; not an absolute probability.
2018,10,20,33.593837,134.379416,36.1,33,36.1,A,鞆浦,鞆浦 / NetID 20,2018-10-15,2018-10-15,289,24.00258041935484,25.145939730262896,-1.1433593109080558,0.020515109412612993,0.493049853372434,Low,0.493049853372434,Low,2018-10,GAM: cyclic Jday + SST anomaly + J-EGG500 IDW depth,historical_oisst_monthly_mean,NOAA OISST historical,Monthly mean of fixed-reference relative percentiles; not an absolute probability.
2018,10,2,32.802579,132.633563,56,41,56,C,安満地,安満地 / NetID 2,2018-10-15,2018-10-15,289,23.89419322580645,25.145939730262896,-1.251746504456443,0.01967074514593677,0.48529814271749755,Low,0.48529814271749755,Low,2018-10,GAM: cyclic Jday + SST anomaly + J-EGG500 IDW depth,historical_oisst_monthly_mean,NOAA OISST historical,Monthly mean of fixed-reference relative percentiles; not an absolute probability.
2018,10,15,33.269809,134.202371,56.9,47,56.9,A,高岡,高岡 / NetID 15,2018-10-15,2018-10-15,289,24.13096748387097,25.145939730262896,-1.0149722463919268,0.019221241564034427,0.48135874877810364,Low,0.48135874877810364,Low,2018-10,GAM: cyclic Jday + SST anomaly + J-EGG500 IDW depth,historical_oisst_monthly_mean,NOAA OISST historical,Monthly mean of fixed-reference relative percentiles; not an absolute probability.
2018,10,10,33.35765,133.337593,6.1,19,6.1,A,双子,双子 / NetID 10,2018-10-15,2018-10-15,289,24.057096548387097,25.145939730262896,-1.0888431818757978,0.012510390201911118,0.411466275659824,Low,0.411466275659824,Low,2018-10,GAM: cyclic Jday + SST anomaly + J-EGG500 IDW depth,historical_oisst_monthly_mean,NOAA OISST historical,Monthly mean of fixed-reference relative percentiles; not an absolute probability.
2018,10,12,33.400017,134.011099,23.7,26,23.7,A,奈半利,奈半利 / NetID 12,2018-10-15,2018-10-15,289,24.13096748387097,25.145939730262896,-1.0149722463919268,0.007116518005256144,0.3306158357771261,Low,0.3306158357771261,Low,2018-10,GAM: cyclic Jday + SST anomaly + J-EGG500 IDW depth,historical_oisst_monthly_mean,NOAA OISST historical,Monthly mean of fixed-reference relative percentiles; not an absolute probability.
2018,10,8,32.734923,133.029438,42.8,49,42.8,A,伊佐,伊佐 / NetID 8,2018-10-15,2018-10-15,289,25.185483548387097,25.145939730262896,0.03954381812420173,0.006173888588446012,0.31175953079178886,Low,0.31175953079178886,Low,2018-10,GAM: cyclic Jday + SST anomaly + J-EGG500 IDW depth,historical_oisst_monthly_mean,NOAA OISST historical,Monthly mean of fixed-reference relative percentiles; not an absolute probability.
2018,10,9,33.159542,133.224963,42,34,42,A,窪川,窪川 / NetID 9,2018-10-15,2018-10-15,289,24.138386870967743,25.145939730262896,-1.0075528592951526,0.004171086806137014,0.25430107526881723,Low,0.25430107526881723,Low,2018-10,GAM: cyclic Jday + SST anomaly + J-EGG500 IDW depth,historical_oisst_monthly_mean,NOAA OISST historical,Monthly mean of fixed-reference relative percentiles; not an absolute probability.
2018,10,1,32.793914,132.628975,40,30,40,A,一切,一切 / NetID 1,2018-10-15,2018-10-15,289,23.89419322580645,25.145939730262896,-1.251746504456443,0.0036002923875722726,0.22711632453567937,Low,0.22711632453567937,Low,2018-10,GAM: cyclic Jday + SST anomaly + J-EGG500 IDW depth,historical_oisst_monthly_mean,NOAA OISST historical,Monthly mean of fixed-reference relative percentiles; not an absolute probability.
2018,10,4,32.784353,132.703013,40.3,45,40.3,B,古満目,古満目 / NetID 4,2018-10-15,2018-10-15,289,23.89419322580645,25.145939730262896,-1.251746504456443,0.0034880514762897397,0.2218377321603128,Low,0.2218377321603128,Low,2018-10,GAM: cyclic Jday + SST anomaly + J-EGG500 IDW depth,historical_oisst_monthly_mean,NOAA OISST historical,Monthly mean of fixed-reference relative percentiles; not an absolute probability.
2018,10,13,33.360612,134.043999,17.1,23,17.1,A,羽根,羽根 / NetID 13,2018-10-15,2018-10-15,289,24.13096748387097,25.145939730262896,-1.0149722463919268,0.002255209408812504,0.15317693059628543,Low,0.15317693059628543,Low,2018-10,GAM: cyclic Jday + SST anomaly + J-EGG500 IDW depth,historical_oisst_monthly_mean,NOAA OISST historical,Monthly mean of fixed-reference relative percentiles; not an absolute probability.
2018,11,16,33.302961,134.204049,83.4,60,83.4,A,三津,三津 / NetID 16,2018-11-15,2018-11-15,307,22.244,23.817452385312034,-1.5734523853120357,0.02753887651713589,0.5461818181818182,Moderate,0.5461818181818182,Moderate,2018-11,GAM: cyclic Jday + SST anomaly + J-EGG500 IDW depth,historical_oisst_monthly_mean,NOAA OISST historical,Monthly mean of fixed-reference relative percentiles; not an absolute probability.
2018,11,17,33.428671,134.243505,50.7,45,50.7,A,佐喜浜,佐喜浜 / NetID 17,2018-11-15,2018-11-15,307,22.244,23.817452385312034,-1.5734523853120357,0.019477681718954278,0.4881212121212121,Low,0.4881212121212121,Low,2018-11,GAM: cyclic Jday + SST anomaly + J-EGG500 IDW depth,historical_oisst_monthly_mean,NOAA OISST historical,Monthly mean of fixed-reference relative percentiles; not an absolute probability.
2018,11,19,33.456354,134.256776,49.8,40,49.8,A,東洋,東洋 / NetID 19,2018-11-15,2018-11-15,307,22.2059998,23.817452385312034,-1.6114525853120347,0.01901037696436487,0.48418181818181816,Low,0.48418181818181816,Low,2018-11,GAM: cyclic Jday + SST anomaly + J-EGG500 IDW depth,historical_oisst_monthly_mean,NOAA OISST historical,Monthly mean of fixed-reference relative percentiles; not an absolute probability.
2018,11,18,33.455525,134.256103,49.3,44,49.3,A,野根,野根 / NetID 18,2018-11-15,2018-11-15,307,22.2059998,23.817452385312034,-1.6114525853120347,0.01841661919096101,0.4792121212121212,Low,0.4792121212121212,Low,2018-11,GAM: cyclic Jday + SST anomaly + J-EGG500 IDW depth,historical_oisst_monthly_mean,NOAA OISST historical,Monthly mean of fixed-reference relative percentiles; not an absolute probability.
2018,11,14,33.311308,134.201197,35.8,30,35.8,A,椎名,椎名 / NetID 14,2018-11-15,2018-11-15,307,22.244,23.817452385312034,-1.5734523853120357,0.016820644773732175,0.462969696969697,Low,0.462969696969697,Low,2018-11,GAM: cyclic Jday + SST anomaly + J-EGG500 IDW depth,historical_oisst_monthly_mean,NOAA OISST historical,Monthly mean of fixed-reference relative percentiles; not an absolute probability.
2018,11,3,32.812774,132.642032,54.7,44,54.7,A,橘浦,橘浦 / NetID 3,2018-11-15,2018-11-15,307,22.4819998,23.817452385312034,-1.3354525853120358,0.015718472347201258,0.4530909090909091,Low,0.4530909090909091,Low,2018-11,GAM: cyclic Jday + SST anomaly + J-EGG500 IDW depth,historical_oisst_monthly_mean,NOAA OISST historical,Monthly mean of fixed-reference relative percentiles; not an absolute probability.
2018,11,11,32.77052,133.019357,47.4,28,47.4,B,窪津,窪津 / NetID 11,2018-11-15,2018-11-15,307,22.6079996,23.817452385312034,-1.2094527853120354,0.01478129352087847,0.4421818181818182,Low,0.4421818181818182,Low,2018-11,GAM: cyclic Jday + SST anomaly + J-EGG500 IDW depth,historical_oisst_monthly_mean,NOAA OISST historical,Monthly mean of fixed-reference relative percentiles; not an absolute probability.
2018,11,2,32.802579,132.633563,56,41,56,C,安満地,安満地 / NetID 2,2018-11-15,2018-11-15,307,22.4819998,23.817452385312034,-1.3354525853120358,0.014159115143112667,0.43472727272727274,Low,0.43472727272727274,Low,2018-11,GAM: cyclic Jday + SST anomaly + J-EGG500 IDW depth,historical_oisst_monthly_mean,NOAA OISST historical,Monthly mean of fixed-reference relative percentiles; not an absolute probability.
2018,11,20,33.593837,134.379416,36.1,33,36.1,A,鞆浦,鞆浦 / NetID 20,2018-11-15,2018-11-15,307,22.1099996,23.817452385312034,-1.7074527853120358,0.013610498287598046,0.4287878787878788,Low,0.4287878787878788,Low,2018-11,GAM: cyclic Jday + SST anomaly + J-EGG500 IDW depth,historical_oisst_monthly_mean,NOAA OISST historical,Monthly mean of fixed-reference relative percentiles; not an absolute probability.
2018,11,15,33.269809,134.202371,56.9,47,56.9,A,高岡,高岡 / NetID 15,2018-11-15,2018-11-15,307,22.244,23.817452385312034,-1.5734523853120357,0.012751101582847266,0.4180606060606061,Low,0.4180606060606061,Low,2018-11,GAM: cyclic Jday + SST anomaly + J-EGG500 IDW depth,historical_oisst_monthly_mean,NOAA OISST historical,Monthly mean of fixed-reference relative percentiles; not an absolute probability.
2018,11,10,33.35765,133.337593,6.1,19,6.1,A,双子,双子 / NetID 10,2018-11-15,2018-11-15,307,21.948,23.817452385312034,-1.8694523853120337,0.00796439142765747,0.3478787878787879,Low,0.3478787878787879,Low,2018-11,GAM: cyclic Jday + SST anomaly + J-EGG500 IDW depth,historical_oisst_monthly_mean,NOAA OISST historical,Monthly mean of fixed-reference relative percentiles; not an absolute probability.
2018,11,12,33.400017,134.011099,23.7,26,23.7,A,奈半利,奈半利 / NetID 12,2018-11-15,2018-11-15,307,22.244,23.817452385312034,-1.5734523853120357,0.004698576998539417,0.27824242424242424,Low,0.27824242424242424,Low,2018-11,GAM: cyclic Jday + SST anomaly + J-EGG500 IDW depth,historical_oisst_monthly_mean,NOAA OISST historical,Monthly mean of fixed-reference relative percentiles; not an absolute probability.
2018,11,8,32.734923,133.029438,42.8,49,42.8,A,伊佐,伊佐 / NetID 8,2018-11-15,2018-11-15,307,23.4959998,23.817452385312034,-0.32145258531203497,0.004204846570090279,0.26,Low,0.26,Low,2018-11,GAM: cyclic Jday + SST anomaly + J-EGG500 IDW depth,historical_oisst_monthly_mean,NOAA OISST historical,Monthly mean of fixed-reference relative percentiles; not an absolute probability.
2018,11,9,33.159542,133.224963,42,34,42,A,窪川,窪川 / NetID 9,2018-11-15,2018-11-15,307,22.136,23.817452385312034,-1.681452385312035,0.0026979473314591128,0.18133333333333335,Low,0.18133333333333335,Low,2018-11,GAM: cyclic Jday + SST anomaly + J-EGG500 IDW depth,historical_oisst_monthly_mean,NOAA OISST historical,Monthly mean of fixed-reference relative percentiles; not an absolute probability.
2018,11,1,32.793914,132.628975,40,30,40,A,一切,一切 / NetID 1,2018-11-15,2018-11-15,307,22.4819998,23.817452385312034,-1.3354525853120358,0.002577045095938785,0.17357575757575758,Low,0.17357575757575758,Low,2018-11,GAM: cyclic Jday + SST anomaly + J-EGG500 IDW depth,historical_oisst_monthly_mean,NOAA OISST historical,Monthly mean of fixed-reference relative percentiles; not an absolute probability.
2018,11,4,32.784353,132.703013,40.3,45,40.3,B,古満目,古満目 / NetID 4,2018-11-15,2018-11-15,307,22.4819998,23.817452385312034,-1.3354525853120358,0.0024966067460519157,0.16993939393939395,Low,0.16993939393939395,Low,2018-11,GAM: cyclic Jday + SST anomaly + J-EGG500 IDW depth,historical_oisst_monthly_mean,NOAA OISST historical,Monthly mean of fixed-reference relative percentiles; not an absolute probability.
2018,11,13,33.360612,134.043999,17.1,23,17.1,A,羽根,羽根 / NetID 13,2018-11-15,2018-11-15,307,22.244,23.817452385312034,-1.5734523853120357,0.0014861278246908864,0.10757575757575757,Low,0.10757575757575757,Low,2018-11,GAM: cyclic Jday + SST anomaly + J-EGG500 IDW depth,historical_oisst_monthly_mean,NOAA OISST historical,Monthly mean of fixed-reference relative percentiles; not an absolute probability.
2019,5,16,33.302961,134.204049,83.4,60,83.4,A,三津,三津 / NetID 16,2019-05-15,2019-05-15,144,22.543124625,21.747963898470907,0.7951607265290923,0.37540871764337636,0.9252840909090909,Very high,0.9252840909090909,Very high,2019-05,GAM: cyclic Jday + SST anomaly + J-EGG500 IDW depth,historical_oisst_monthly_mean,NOAA OISST historical,Monthly mean of fixed-reference relative percentiles; not an absolute probability.
2019,5,17,33.428671,134.243505,50.7,45,50.7,A,佐喜浜,佐喜浜 / NetID 17,2019-05-15,2019-05-15,144,22.543124625,21.747963898470907,0.7951607265290923,0.2983871543013798,0.8894886363636364,High,0.8894886363636364,High,2019-05,GAM: cyclic Jday + SST anomaly + J-EGG500 IDW depth,historical_oisst_monthly_mean,NOAA OISST historical,Monthly mean of fixed-reference relative percentiles; not an absolute probability.
2019,5,19,33.456354,134.256776,49.8,40,49.8,A,東洋,東洋 / NetID 19,2019-05-15,2019-05-15,144,22.424999875,21.747963898470907,0.6770359765290923,0.2906670231076021,0.8851704545454545,High,0.8851704545454545,High,2019-05,GAM: cyclic Jday + SST anomaly + J-EGG500 IDW depth,historical_oisst_monthly_mean,NOAA OISST historical,Monthly mean of fixed-reference relative percentiles; not an absolute probability.
2019,5,18,33.455525,134.256103,49.3,44,49.3,A,野根,野根 / NetID 18,2019-05-15,2019-05-15,144,22.424999875,21.747963898470907,0.6770359765290923,0.28419953705256046,0.8817045454545455,High,0.8817045454545455,High,2019-05,GAM: cyclic Jday + SST anomaly + J-EGG500 IDW depth,historical_oisst_monthly_mean,NOAA OISST historical,Monthly mean of fixed-reference relative percentiles; not an absolute probability.
2019,5,14,33.311308,134.201197,35.8,30,35.8,A,椎名,椎名 / NetID 14,2019-05-15,2019-05-15,144,22.543124625,21.747963898470907,0.7951607265290923,0.2687330369755096,0.8732007575757575,High,0.8732007575757575,High,2019-05,GAM: cyclic Jday + SST anomaly + J-EGG500 IDW depth,historical_oisst_monthly_mean,NOAA OISST historical,Monthly mean of fixed-reference relative percentiles; not an absolute probability.
2019,5,3,32.812774,132.642032,54.7,44,54.7,A,橘浦,橘浦 / NetID 3,2019-05-15,2019-05-15,144,22.36937475,21.747963898470907,0.6214108515290919,0.24037033997100227,0.8581628787878788,High,0.8581628787878788,High,2019-05,GAM: cyclic Jday + SST anomaly + J-EGG500 IDW depth,historical_oisst_monthly_mean,NOAA OISST historical,Monthly mean of fixed-reference relative percentiles; not an absolute probability.
2019,5,11,32.77052,133.019357,47.4,28,47.4,B,窪津,窪津 / NetID 11,2019-05-15,2019-05-15,144,22.5106248125,21.747963898470907,0.7626609140290925,0.2303708655392155,0.8521590909090909,High,0.8521590909090909,High,2019-05,GAM: cyclic Jday + SST anomaly + J-EGG500 IDW depth,historical_oisst_monthly_mean,NOAA OISST historical,Monthly mean of fixed-reference relative percentiles; not an absolute probability.
2019,5,20,33.593837,134.379416,36.1,33,36.1,A,鞆浦,鞆浦 / NetID 20,2019-05-15,2019-05-15,144,22.25937475,21.747963898470907,0.5114108515290925,0.22505137685368246,0.8477840909090909,High,0.8477840909090909,High,2019-05,GAM: cyclic Jday + SST anomaly + J-EGG500 IDW depth,historical_oisst_monthly_mean,NOAA OISST historical,Monthly mean of fixed-reference relative percentiles; not an absolute probability.
2019,5,2,32.802579,132.633563,56,41,56,C,安満地,安満地 / NetID 2,2019-05-15,2019-05-15,144,22.36937475,21.747963898470907,0.6214108515290919,0.22179246635869182,0.8471969696969697,High,0.8471969696969697,High,2019-05,GAM: cyclic Jday + SST anomaly + J-EGG500 IDW depth,historical_oisst_monthly_mean,NOAA OISST historical,Monthly mean of fixed-reference relative percentiles; not an absolute probability.
2019,5,15,33.269809,134.202371,56.9,47,56.9,A,高岡,高岡 / NetID 15,2019-05-15,2019-05-15,144,22.543124625,21.747963898470907,0.7951607265290923,0.21812847209018577,0.8440340909090909,High,0.8440340909090909,High,2019-05,GAM: cyclic Jday + SST anomaly + J-EGG500 IDW depth,historical_oisst_monthly_mean,NOAA OISST historical,Monthly mean of fixed-reference relative percentiles; not an absolute probability.
2019,5,10,33.35765,133.337593,6.1,19,6.1,A,双子,双子 / NetID 10,2019-05-15,2019-05-15,144,21.5568746875,21.747963898470907,-0.1910892109709077,0.13321593443214885,0.7758522727272728,High,0.7758522727272728,High,2019-05,GAM: cyclic Jday + SST anomaly + J-EGG500 IDW depth,historical_oisst_monthly_mean,NOAA OISST historical,Monthly mean of fixed-reference relative percentiles; not an absolute probability.
2019,5,12,33.400017,134.011099,23.7,26,23.7,A,奈半利,奈半利 / NetID 12,2019-05-15,2019-05-15,144,22.543124625,21.747963898470907,0.7951607265290923,0.09366628222103815,0.7252272727272727,Moderate,0.7252272727272727,Moderate,2019-05,GAM: cyclic Jday + SST anomaly + J-EGG500 IDW depth,historical_oisst_monthly_mean,NOAA OISST historical,Monthly mean of fixed-reference relative percentiles; not an absolute probability.
2019,5,8,32.734923,133.029438,42.8,49,42.8,A,伊佐,伊佐 / NetID 8,2019-05-15,2019-05-15,144,23.687499625,21.747963898470907,1.9395357265290927,0.08271927209349857,0.7089015151515151,Moderate,0.7089015151515151,Moderate,2019-05,GAM: cyclic Jday + SST anomaly + J-EGG500 IDW depth,historical_oisst_monthly_mean,NOAA OISST historical,Monthly mean of fixed-reference relative percentiles; not an absolute probability.
2019,5,9,33.159542,133.224963,42,34,42,A,窪川,窪川 / NetID 9,2019-05-15,2019-05-15,144,21.7674998125,21.747963898470907,0.01953591402909227,0.04959336031014051,0.6357007575757576,Moderate,0.6357007575757576,Moderate,2019-05,GAM: cyclic Jday + SST anomaly + J-EGG500 IDW depth,historical_oisst_monthly_mean,NOAA OISST historical,Monthly mean of fixed-reference relative percentiles; not an absolute probability.
2019,5,1,32.793914,132.628975,40,30,40,A,一切,一切 / NetID 1,2019-05-15,2019-05-15,144,22.36937475,21.747963898470907,0.6214108515290919,0.049387142597054345,0.6356628787878787,Moderate,0.6356628787878787,Moderate,2019-05,GAM: cyclic Jday + SST anomaly + J-EGG500 IDW depth,historical_oisst_monthly_mean,NOAA OISST historical,Monthly mean of fixed-reference relative percentiles; not an absolute probability.
2019,5,4,32.784353,132.703013,40.3,45,40.3,B,古満目,古満目 / NetID 4,2019-05-15,2019-05-15,144,22.36937475,21.747963898470907,0.6214108515290919,0.04792081264139511,0.6310606060606061,Moderate,0.6310606060606061,Moderate,2019-05,GAM: cyclic Jday + SST anomaly + J-EGG500 IDW depth,historical_oisst_monthly_mean,NOAA OISST historical,Monthly mean of fixed-reference relative percentiles; not an absolute probability.
2019,5,13,33.360612,134.043999,17.1,23,17.1,A,羽根,羽根 / NetID 13,2019-05-15,2019-05-15,144,22.543124625,21.747963898470907,0.7951607265290923,0.03175441531718818,0.5627840909090909,Moderate,0.5627840909090909,Moderate,2019-05,GAM: cyclic Jday + SST anomaly + J-EGG500 IDW depth,historical_oisst_monthly_mean,NOAA OISST historical,Monthly mean of fixed-reference relative percentiles; not an absolute probability.
2019,6,16,33.302961,134.204049,83.4,60,83.4,A,三津,三津 / NetID 16,2019-06-15,2019-06-15,166,23.6049997,23.36632223983202,0.2386774601679793,0.5100435773773395,0.972979797979798,Very high,0.972979797979798,Very high,2019-06,GAM: cyclic Jday + SST anomaly + J-EGG500 IDW depth,historical_oisst_monthly_mean,NOAA OISST historical,Monthly mean of fixed-reference relative percentiles; not an absolute probability.
2019,6,17,33.428671,134.243505,50.7,45,50.7,A,佐喜浜,佐喜浜 / NetID 17,2019-06-15,2019-06-15,166,23.6049997,23.36632223983202,0.2386774601679793,0.4224713793873657,0.9485656565656566,Very high,0.9485656565656566,Very high,2019-06,GAM: cyclic Jday + SST anomaly + J-EGG500 IDW depth,historical_oisst_monthly_mean,NOAA OISST historical,Monthly mean of fixed-reference relative percentiles; not an absolute probability.
2019,6,19,33.456354,134.256776,49.8,40,49.8,A,東洋,東洋 / NetID 19,2019-06-15,2019-06-15,166,23.403666366666666,23.36632223983202,0.037344126834646,0.4093499148361627,0.9431313131313132,Very high,0.9431313131313132,Very high,2019-06,GAM: cyclic Jday + SST anomaly + J-EGG500 IDW depth,historical_oisst_monthly_mean,NOAA OISST historical,Monthly mean of fixed-reference relative percentiles; not an absolute probability.
2019,6,18,33.455525,134.256103,49.3,44,49.3,A,野根,野根 / NetID 18,2019-06-15,2019-06-15,166,23.403666366666666,23.36632223983202,0.037344126834646,0.4015941105837052,0.9400808080808081,Very high,0.9400808080808081,Very high,2019-06,GAM: cyclic Jday + SST anomaly + J-EGG500 IDW depth,historical_oisst_monthly_mean,NOAA OISST historical,Monthly mean of fixed-reference relative percentiles; not an absolute probability.
2019,6,14,33.311308,134.201197,35.8,30,35.8,A,椎名,椎名 / NetID 14,2019-06-15,2019-06-15,166,23.6049997,23.36632223983202,0.2386774601679793,0.386679250263462,0.934010101010101,Very high,0.934010101010101,Very high,2019-06,GAM: cyclic Jday + SST anomaly + J-EGG500 IDW depth,historical_oisst_monthly_mean,NOAA OISST historical,Monthly mean of fixed-reference relative percentiles; not an absolute probability.
2019,6,3,32.812774,132.642032,54.7,44,54.7,A,橘浦,橘浦 / NetID 3,2019-06-15,2019-06-15,166,23.7129996,23.36632223983202,0.3466773601679794,0.3653864957637382,0.9234949494949495,Very high,0.9234949494949495,Very high,2019-06,GAM: cyclic Jday + SST anomaly + J-EGG500 IDW depth,historical_oisst_monthly_mean,NOAA OISST historical,Monthly mean of fixed-reference relative percentiles; not an absolute probability.
2019,6,11,32.77052,133.019357,47.4,28,47.4,B,窪津,窪津 / NetID 11,2019-06-15,2019-06-15,166,24.002999766666665,23.36632223983202,0.6366775268346462,0.3582230390874258,0.919959595959596,Very high,0.919959595959596,Very high,2019-06,GAM: cyclic Jday + SST anomaly + J-EGG500 IDW depth,historical_oisst_monthly_mean,NOAA OISST historical,Monthly mean of fixed-reference relative percentiles; not an absolute probability.
2019,6,2,32.802579,132.633563,56,41,56,C,安満地,安満地 / NetID 2,2019-06-15,2019-06-15,166,23.7129996,23.36632223983202,0.3466773601679794,0.341337143650367,0.9114848484848485,Very high,0.9114848484848485,Very high,2019-06,GAM: cyclic Jday + SST anomaly + J-EGG500 IDW depth,historical_oisst_monthly_mean,NOAA OISST historical,Monthly mean of fixed-reference relative percentiles; not an absolute probability.
2019,6,20,33.593837,134.379416,36.1,33,36.1,A,鞆浦,鞆浦 / NetID 20,2019-06-15,2019-06-15,166,23.3359998,23.36632223983202,-0.03032243983202072,0.33191690008926356,0.9059090909090909,Very high,0.9059090909090909,Very high,2019-06,GAM: cyclic Jday + SST anomaly + J-EGG500 IDW depth,historical_oisst_monthly_mean,NOAA OISST historical,Monthly mean of fixed-reference relative percentiles; not an absolute probability.
2019,6,15,33.269809,134.202371,56.9,47,56.9,A,高岡,高岡 / NetID 15,2019-06-15,2019-06-15,166,23.6049997,23.36632223983202,0.2386774601679793,0.322751443301453,0.9013636363636364,Very high,0.9013636363636364,Very high,2019-06,GAM: cyclic Jday + SST anomaly + J-EGG500 IDW depth,historical_oisst_monthly_mean,NOAA OISST historical,Monthly mean of fixed-reference relative percentiles; not an absolute probability.
2019,6,10,33.35765,133.337593,6.1,19,6.1,A,双子,双子 / NetID 10,2019-06-15,2019-06-15,166,23.447999766666666,23.36632223983202,0.08167752683464577,0.2338517092735877,0.8576161616161616,High,0.8576161616161616,High,2019-06,GAM: cyclic Jday + SST anomaly + J-EGG500 IDW depth,historical_oisst_monthly_mean,NOAA OISST historical,Monthly mean of fixed-reference relative percentiles; not an absolute probability.
2019,6,12,33.400017,134.011099,23.7,26,23.7,A,奈半利,奈半利 / NetID 12,2019-06-15,2019-06-15,166,23.6049997,23.36632223983202,0.2386774601679793,0.14876562538944058,0.7952424242424243,High,0.7952424242424243,High,2019-06,GAM: cyclic Jday + SST anomaly + J-EGG500 IDW depth,historical_oisst_monthly_mean,NOAA OISST historical,Monthly mean of fixed-reference relative percentiles; not an absolute probability.
2019,6,8,32.734923,133.029438,42.8,49,42.8,A,伊佐,伊佐 / NetID 8,2019-06-15,2019-06-15,166,24.64866646666667,23.36632223983202,1.282344226834646,0.1318065865923439,0.7768585858585858,High,0.7768585858585858,High,2019-06,GAM: cyclic Jday + SST anomaly + J-EGG500 IDW depth,historical_oisst_monthly_mean,NOAA OISST historical,Monthly mean of fixed-reference relative percentiles; not an absolute probability.
2019,6,9,33.159542,133.224963,42,34,42,A,窪川,窪川 / NetID 9,2019-06-15,2019-06-15,166,23.666999766666667,23.36632223983202,0.30067752683464566,0.0940770221251125,0.7305454545454546,Moderate,0.7305454545454546,Moderate,2019-06,GAM: cyclic Jday + SST anomaly + J-EGG500 IDW depth,historical_oisst_monthly_mean,NOAA OISST historical,Monthly mean of fixed-reference relative percentiles; not an absolute probability.
2019,6,1,32.793914,132.628975,40,30,40,A,一切,一切 / NetID 1,2019-06-15,2019-06-15,166,23.7129996,23.36632223983202,0.3466773601679794,0.08590310716727576,0.7175252525252526,Moderate,0.7175252525252526,Moderate,2019-06,GAM: cyclic Jday + SST anomaly + J-EGG500 IDW depth,historical_oisst_monthly_mean,NOAA OISST historical,Monthly mean of fixed-reference relative percentiles; not an absolute probability.
2019,6,4,32.784353,132.703013,40.3,45,40.3,B,古満目,古満目 / NetID 4,2019-06-15,2019-06-15,166,23.7129996,23.36632223983202,0.3466773601679794,0.08344507767694813,0.7133939393939394,Moderate,0.7133939393939394,Moderate,2019-06,GAM: cyclic Jday + SST anomaly + J-EGG500 IDW depth,historical_oisst_monthly_mean,NOAA OISST historical,Monthly mean of fixed-reference relative percentiles; not an absolute probability.
2019,6,13,33.360612,134.043999,17.1,23,17.1,A,羽根,羽根 / NetID 13,2019-06-15,2019-06-15,166,23.6049997,23.36632223983202,0.2386774601679793,0.05230997429376849,0.6499393939393939,Moderate,0.6499393939393939,Moderate,2019-06,GAM: cyclic Jday + SST anomaly + J-EGG500 IDW depth,historical_oisst_monthly_mean,NOAA OISST historical,Monthly mean of fixed-reference relative percentiles; not an absolute probability.
2019,7,16,33.302961,134.204049,83.4,60,83.4,A,三津,三津 / NetID 16,2019-07-15,2019-07-15,197,25.42516093548387,26.26363836824131,-0.8384774327574397,0.27397391268859494,0.8781231671554253,High,0.8781231671554253,High,2019-07,GAM: cyclic Jday + SST anomaly + J-EGG500 IDW depth,historical_oisst_monthly_mean,NOAA OISST historical,Monthly mean of fixed-reference relative percentiles; not an absolute probability.
2019,7,17,33.428671,134.243505,50.7,45,50.7,A,佐喜浜,佐喜浜 / NetID 17,2019-07-15,2019-07-15,197,25.42516093548387,26.26363836824131,-0.8384774327574397,0.21016917848248828,0.841544477028348,High,0.841544477028348,High,2019-07,GAM: cyclic Jday + SST anomaly + J-EGG500 IDW depth,historical_oisst_monthly_mean,NOAA OISST historical,Monthly mean of fixed-reference relative percentiles; not an absolute probability.
2019,7,19,33.456354,134.256776,49.8,40,49.8,A,東洋,東洋 / NetID 19,2019-07-15,2019-07-15,197,25.329354580645163,26.26363836824131,-0.934283787596149,0.20408724611552553,0.8377712609970674,High,0.8377712609970674,High,2019-07,GAM: cyclic Jday + SST anomaly + J-EGG500 IDW depth,historical_oisst_monthly_mean,NOAA OISST historical,Monthly mean of fixed-reference relative percentiles; not an absolute probability.
2019,7,18,33.455525,134.256103,49.3,44,49.3,A,野根,野根 / NetID 18,2019-07-15,2019-07-15,197,25.329354580645163,26.26363836824131,-0.934283787596149,0.1989466406366104,0.8340957966764418,High,0.8340957966764418,High,2019-07,GAM: cyclic Jday + SST anomaly + J-EGG500 IDW depth,historical_oisst_monthly_mean,NOAA OISST historical,Monthly mean of fixed-reference relative percentiles; not an absolute probability.
2019,7,14,33.311308,134.201197,35.8,30,35.8,A,椎名,椎名 / NetID 14,2019-07-15,2019-07-15,197,25.42516093548387,26.26363836824131,-0.8384774327574397,0.18674132500071924,0.8243304007820137,High,0.8243304007820137,High,2019-07,GAM: cyclic Jday + SST anomaly + J-EGG500 IDW depth,historical_oisst_monthly_mean,NOAA OISST historical,Monthly mean of fixed-reference relative percentiles; not an absolute probability.
2019,7,3,32.812774,132.642032,54.7,44,54.7,A,橘浦,橘浦 / NetID 3,2019-07-15,2019-07-15,197,25.33161251612903,26.26363836824131,-0.9320258521122783,0.1683969739640571,0.8097262952101661,High,0.8097262952101661,High,2019-07,GAM: cyclic Jday + SST anomaly + J-EGG500 IDW depth,historical_oisst_monthly_mean,NOAA OISST historical,Monthly mean of fixed-reference relative percentiles; not an absolute probability.
2019,7,11,32.77052,133.019357,47.4,28,47.4,B,窪津,窪津 / NetID 11,2019-07-15,2019-07-15,197,25.56161258064516,26.26363836824131,-0.7020257875961491,0.1626429710444624,0.8050733137829912,High,0.8050733137829912,High,2019-07,GAM: cyclic Jday + SST anomaly + J-EGG500 IDW depth,historical_oisst_monthly_mean,NOAA OISST historical,Monthly mean of fixed-reference relative percentiles; not an absolute probability.
2019,7,20,33.593837,134.379416,36.1,33,36.1,A,鞆浦,鞆浦 / NetID 20,2019-07-15,2019-07-15,197,25.207741548387098,26.26363836824131,-1.0558968198542136,0.15454103199107405,0.7982991202346041,High,0.7982991202346041,High,2019-07,GAM: cyclic Jday + SST anomaly + J-EGG500 IDW depth,historical_oisst_monthly_mean,NOAA OISST historical,Monthly mean of fixed-reference relative percentiles; not an absolute probability.
2019,7,2,32.802579,132.633563,56,41,56,C,安満地,安満地 / NetID 2,2019-07-15,2019-07-15,197,25.33161251612903,26.26363836824131,-0.9320258521122783,0.15423189483073396,0.7975659824046921,High,0.7975659824046921,High,2019-07,GAM: cyclic Jday + SST anomaly + J-EGG500 IDW depth,historical_oisst_monthly_mean,NOAA OISST historical,Monthly mean of fixed-reference relative percentiles; not an absolute probability.
2019,7,15,33.269809,134.202371,56.9,47,56.9,A,高岡,高岡 / NetID 15,2019-07-15,2019-07-15,197,25.42516093548387,26.26363836824131,-0.8384774327574397,0.1481481298893463,0.7918181818181819,High,0.7918181818181819,High,2019-07,GAM: cyclic Jday + SST anomaly + J-EGG500 IDW depth,historical_oisst_monthly_mean,NOAA OISST historical,Monthly mean of fixed-reference relative percentiles; not an absolute probability.
2019,7,10,33.35765,133.337593,6.1,19,6.1,A,双子,双子 / NetID 10,2019-07-15,2019-07-15,197,25.336773903225804,26.26363836824131,-0.9268644650155041,0.10081002650167853,0.7382306940371457,Moderate,0.7382306940371457,Moderate,2019-07,GAM: cyclic Jday + SST anomaly + J-EGG500 IDW depth,historical_oisst_monthly_mean,NOAA OISST historical,Monthly mean of fixed-reference relative percentiles; not an absolute probability.
2019,7,12,33.400017,134.011099,23.7,26,23.7,A,奈半利,奈半利 / NetID 12,2019-07-15,2019-07-15,197,25.42516093548387,26.26363836824131,-0.8384774327574397,0.06019220984158582,0.6660801564027371,Moderate,0.6660801564027371,Moderate,2019-07,GAM: cyclic Jday + SST anomaly + J-EGG500 IDW depth,historical_oisst_monthly_mean,NOAA OISST historical,Monthly mean of fixed-reference relative percentiles; not an absolute probability.
2019,7,8,32.734923,133.029438,42.8,49,42.8,A,伊佐,伊佐 / NetID 8,2019-07-15,2019-07-15,197,25.959354548387097,26.26363836824131,-0.30428381985421316,0.048590733271846105,0.6325122189638319,Moderate,0.6325122189638319,Moderate,2019-07,GAM: cyclic Jday + SST anomaly + J-EGG500 IDW depth,historical_oisst_monthly_mean,NOAA OISST historical,Monthly mean of fixed-reference relative percentiles; not an absolute probability.
2019,7,9,33.159542,133.224963,42,34,42,A,窪川,窪川 / NetID 9,2019-07-15,2019-07-15,197,25.35387064516129,26.26363836824131,-0.90976772308002,0.035632420847013874,0.5850048875855327,Moderate,0.5850048875855327,Moderate,2019-07,GAM: cyclic Jday + SST anomaly + J-EGG500 IDW depth,historical_oisst_monthly_mean,NOAA OISST historical,Monthly mean of fixed-reference relative percentiles; not an absolute probability.
2019,7,1,32.793914,132.628975,40,30,40,A,一切,一切 / NetID 1,2019-07-15,2019-07-15,197,25.33161251612903,26.26363836824131,-0.9320258521122783,0.03211946575739047,0.5656598240469208,Moderate,0.5656598240469208,Moderate,2019-07,GAM: cyclic Jday + SST anomaly + J-EGG500 IDW depth,historical_oisst_monthly_mean,NOAA OISST historical,Monthly mean of fixed-reference relative percentiles; not an absolute probability.
2019,7,4,32.784353,132.703013,40.3,45,40.3,B,古満目,古満目 / NetID 4,2019-07-15,2019-07-15,197,25.33161251612903,26.26363836824131,-0.9320258521122783,0.03114853458747396,0.5606744868035191,Moderate,0.5606744868035191,Moderate,2019-07,GAM: cyclic Jday + SST anomaly + J-EGG500 IDW depth,historical_oisst_monthly_mean,NOAA OISST historical,Monthly mean of fixed-reference relative percentiles; not an absolute probability.
2019,7,13,33.360612,134.043999,17.1,23,17.1,A,羽根,羽根 / NetID 13,2019-07-15,2019-07-15,197,25.42516093548387,26.26363836824131,-0.8384774327574397,0.019861547711880728,0.4855718475073314,Low,0.4855718475073314,Low,2019-07,GAM: cyclic Jday + SST anomaly + J-EGG500 IDW depth,historical_oisst_monthly_mean,NOAA OISST historical,Monthly mean of fixed-reference relative percentiles; not an absolute probability.
2019,8,16,33.302961,134.204049,83.4,60,83.4,A,三津,三津 / NetID 16,2019-08-15,2019-08-15,228,27.623870387096773,27.902151713155565,-0.27828132605879,0.20313825761566195,0.837663734115347,High,0.837663734115347,High,2019-08,GAM: cyclic Jday + SST anomaly + J-EGG500 IDW depth,historical_oisst_monthly_mean,NOAA OISST historical,Monthly mean of fixed-reference relative percentiles; not an absolute probability.
2019,8,17,33.428671,134.243505,50.7,45,50.7,A,佐喜浜,佐喜浜 / NetID 17,2019-08-15,2019-08-15,228,27.623870387096773,27.902151713155565,-0.27828132605879,0.15200415837472656,0.7975855327468231,High,0.7975855327468231,High,2019-08,GAM: cyclic Jday + SST anomaly + J-EGG500 IDW depth,historical_oisst_monthly_mean,NOAA OISST historical,Monthly mean of fixed-reference relative percentiles; not an absolute probability.
2019,8,19,33.456354,134.256776,49.8,40,49.8,A,東洋,東洋 / NetID 19,2019-08-15,2019-08-15,228,27.60419287096774,27.902151713155565,-0.29795884218782237,0.14900043965990192,0.7949951124144673,High,0.7949951124144673,High,2019-08,GAM: cyclic Jday + SST anomaly + J-EGG500 IDW depth,historical_oisst_monthly_mean,NOAA OISST historical,Monthly mean of fixed-reference relative percentiles; not an absolute probability.
2019,8,18,33.455525,134.256103,49.3,44,49.3,A,野根,野根 / NetID 18,2019-08-15,2019-08-15,228,27.60419287096774,27.902151713155565,-0.29795884218782237,0.1449668859340121,0.7908602150537635,High,0.7908602150537635,High,2019-08,GAM: cyclic Jday + SST anomaly + J-EGG500 IDW depth,historical_oisst_monthly_mean,NOAA OISST historical,Monthly mean of fixed-reference relative percentiles; not an absolute probability.
2019,8,14,33.311308,134.201197,35.8,30,35.8,A,椎名,椎名 / NetID 14,2019-08-15,2019-08-15,228,27.623870387096773,27.902151713155565,-0.27828132605879,0.13383248547307003,0.7784946236559139,High,0.7784946236559139,High,2019-08,GAM: cyclic Jday + SST anomaly + J-EGG500 IDW depth,historical_oisst_monthly_mean,NOAA OISST historical,Monthly mean of fixed-reference relative percentiles; not an absolute probability.
2019,8,3,32.812774,132.642032,54.7,44,54.7,A,橘浦,橘浦 / NetID 3,2019-08-15,2019-08-15,228,27.295806161290322,27.902151713155565,-0.606345551865242,0.11572765029295144,0.7579276637341154,High,0.7579276637341154,High,2019-08,GAM: cyclic Jday + SST anomaly + J-EGG500 IDW depth,historical_oisst_monthly_mean,NOAA OISST historical,Monthly mean of fixed-reference relative percentiles; not an absolute probability.
2019,8,11,32.77052,133.019357,47.4,28,47.4,B,窪津,窪津 / NetID 11,2019-08-15,2019-08-15,228,27.642902806451612,27.902151713155565,-0.2592489067039511,0.11326861840314634,0.7550146627565982,High,0.7550146627565982,High,2019-08,GAM: cyclic Jday + SST anomaly + J-EGG500 IDW depth,historical_oisst_monthly_mean,NOAA OISST historical,Monthly mean of fixed-reference relative percentiles; not an absolute probability.
2019,8,20,33.593837,134.379416,36.1,33,36.1,A,鞆浦,鞆浦 / NetID 20,2019-08-15,2019-08-15,228,27.516773999999998,27.902151713155565,-0.3853777131555644,0.11130352766644085,0.7532551319648094,High,0.7532551319648094,High,2019-08,GAM: cyclic Jday + SST anomaly + J-EGG500 IDW depth,historical_oisst_monthly_mean,NOAA OISST historical,Monthly mean of fixed-reference relative percentiles; not an absolute probability.
2019,8,15,33.269809,134.202371,56.9,47,56.9,A,高岡,高岡 / NetID 15,2019-08-15,2019-08-15,228,27.623870387096773,27.902151713155565,-0.27828132605879,0.10458780291441729,0.7444086021505376,Moderate,0.7444086021505376,Moderate,2019-08,GAM: cyclic Jday + SST anomaly + J-EGG500 IDW depth,historical_oisst_monthly_mean,NOAA OISST historical,Monthly mean of fixed-reference relative percentiles; not an absolute probability.
2019,8,2,32.802579,132.633563,56,41,56,C,安満地,安満地 / NetID 2,2019-08-15,2019-08-15,228,27.295806161290322,27.902151713155565,-0.606345551865242,0.10537441977209785,0.7440273704789834,Moderate,0.7440273704789834,Moderate,2019-08,GAM: cyclic Jday + SST anomaly + J-EGG500 IDW depth,historical_oisst_monthly_mean,NOAA OISST historical,Monthly mean of fixed-reference relative percentiles; not an absolute probability.
2019,8,10,33.35765,133.337593,6.1,19,6.1,A,双子,双子 / NetID 10,2019-08-15,2019-08-15,228,27.729999516129034,27.902151713155565,-0.17215219702653164,0.07285209526145489,0.693088954056696,Moderate,0.693088954056696,Moderate,2019-08,GAM: cyclic Jday + SST anomaly + J-EGG500 IDW depth,historical_oisst_monthly_mean,NOAA OISST historical,Monthly mean of fixed-reference relative percentiles; not an absolute probability.
2019,8,12,33.400017,134.011099,23.7,26,23.7,A,奈半利,奈半利 / NetID 12,2019-08-15,2019-08-15,228,27.623870387096773,27.902151713155565,-0.27828132605879,0.041057945075325335,0.6112805474095797,Moderate,0.6112805474095797,Moderate,2019-08,GAM: cyclic Jday + SST anomaly + J-EGG500 IDW depth,historical_oisst_monthly_mean,NOAA OISST historical,Monthly mean of fixed-reference relative percentiles; not an absolute probability.
2019,8,8,32.734923,133.029438,42.8,49,42.8,A,伊佐,伊佐 / NetID 8,2019-08-15,2019-08-15,228,27.702257838709677,27.902151713155565,-0.19989387444588677,0.03020028760908494,0.558435972629521,Moderate,0.558435972629521,Moderate,2019-08,GAM: cyclic Jday + SST anomaly + J-EGG500 IDW depth,historical_oisst_monthly_mean,NOAA OISST historical,Monthly mean of fixed-reference relative percentiles; not an absolute probability.
2019,8,9,33.159542,133.224963,42,34,42,A,窪川,窪川 / NetID 9,2019-08-15,2019-08-15,228,27.638709258064516,27.902151713155565,-0.263442455091048,0.024549888820147484,0.5228250244379277,Moderate,0.5228250244379277,Moderate,2019-08,GAM: cyclic Jday + SST anomaly + J-EGG500 IDW depth,historical_oisst_monthly_mean,NOAA OISST historical,Monthly mean of fixed-reference relative percentiles; not an absolute probability.
2019,8,1,32.793914,132.628975,40,30,40,A,一切,一切 / NetID 1,2019-08-15,2019-08-15,228,27.295806161290322,27.902151713155565,-0.606345551865242,0.02086728060326009,0.4944477028347996,Low,0.4944477028347996,Low,2019-08,GAM: cyclic Jday + SST anomaly + J-EGG500 IDW depth,historical_oisst_monthly_mean,NOAA OISST historical,Monthly mean of fixed-reference relative percentiles; not an absolute probability.
2019,8,4,32.784353,132.703013,40.3,45,40.3,B,古満目,古満目 / NetID 4,2019-08-15,2019-08-15,228,27.295806161290322,27.902151713155565,-0.606345551865242,0.02022839806767503,0.48958944281524924,Low,0.48958944281524924,Low,2019-08,GAM: cyclic Jday + SST anomaly + J-EGG500 IDW depth,historical_oisst_monthly_mean,NOAA OISST historical,Monthly mean of fixed-reference relative percentiles; not an absolute probability.
2019,8,13,33.360612,134.043999,17.1,23,17.1,A,羽根,羽根 / NetID 13,2019-08-15,2019-08-15,228,27.623870387096773,27.902151713155565,-0.27828132605879,0.01333535918102435,0.4224340175953079,Low,0.4224340175953079,Low,2019-08,GAM: cyclic Jday + SST anomaly + J-EGG500 IDW depth,historical_oisst_monthly_mean,NOAA OISST historical,Monthly mean of fixed-reference relative percentiles; not an absolute probability.
2019,9,16,33.302961,134.204049,83.4,60,83.4,A,三津,三津 / NetID 16,2019-09-15,2019-09-15,244,26.42,27.843506441487897,-1.4235064414878948,0.1212952086566478,0.7681818181818182,High,0.7681818181818182,High,2019-09,GAM: cyclic Jday + SST anomaly + J-EGG500 IDW depth,historical_oisst_monthly_mean,NOAA OISST historical,Monthly mean of fixed-reference relative percentiles; not an absolute probability.
2019,9,19,33.456354,134.256776,49.8,40,49.8,A,東洋,東洋 / NetID 19,2019-09-15,2019-09-15,244,26.6799995,27.843506441487897,-1.1635069414878956,0.09064645714401781,0.7259090909090908,Moderate,0.7259090909090908,Moderate,2019-09,GAM: cyclic Jday + SST anomaly + J-EGG500 IDW depth,historical_oisst_monthly_mean,NOAA OISST historical,Monthly mean of fixed-reference relative percentiles; not an absolute probability.
2019,9,17,33.428671,134.243505,50.7,45,50.7,A,佐喜浜,佐喜浜 / NetID 17,2019-09-15,2019-09-15,244,26.42,27.843506441487897,-1.4235064414878948,0.0882780809670092,0.7216666666666667,Moderate,0.7216666666666667,Moderate,2019-09,GAM: cyclic Jday + SST anomaly + J-EGG500 IDW depth,historical_oisst_monthly_mean,NOAA OISST historical,Monthly mean of fixed-reference relative percentiles; not an absolute probability.
2019,9,18,33.455525,134.256103,49.3,44,49.3,A,野根,野根 / NetID 18,2019-09-15,2019-09-15,244,26.6799995,27.843506441487897,-1.1635069414878956,0.08801578390036825,0.7213636363636364,Moderate,0.7213636363636364,Moderate,2019-09,GAM: cyclic Jday + SST anomaly + J-EGG500 IDW depth,historical_oisst_monthly_mean,NOAA OISST historical,Monthly mean of fixed-reference relative percentiles; not an absolute probability.
2019,9,14,33.311308,134.201197,35.8,30,35.8,A,椎名,椎名 / NetID 14,2019-09-15,2019-09-15,244,26.42,27.843506441487897,-1.4235064414878948,0.07697158134568088,0.7048484848484848,Moderate,0.7048484848484848,Moderate,2019-09,GAM: cyclic Jday + SST anomaly + J-EGG500 IDW depth,historical_oisst_monthly_mean,NOAA OISST historical,Monthly mean of fixed-reference relative percentiles; not an absolute probability.
2019,9,11,32.77052,133.019357,47.4,28,47.4,B,窪津,窪津 / NetID 11,2019-09-15,2019-09-15,244,27.244999,27.843506441487897,-0.5985074414878948,0.07371304517968849,0.6981818181818182,Moderate,0.6981818181818182,Moderate,2019-09,GAM: cyclic Jday + SST anomaly + J-EGG500 IDW depth,historical_oisst_monthly_mean,NOAA OISST historical,Monthly mean of fixed-reference relative percentiles; not an absolute probability.
2019,9,3,32.812774,132.642032,54.7,44,54.7,A,橘浦,橘浦 / NetID 3,2019-09-15,2019-09-15,244,26.504999499999997,27.843506441487897,-1.3385069414878963,0.07035708587467387,0.6916666666666667,Moderate,0.6916666666666667,Moderate,2019-09,GAM: cyclic Jday + SST anomaly + J-EGG500 IDW depth,historical_oisst_monthly_mean,NOAA OISST historical,Monthly mean of fixed-reference relative percentiles; not an absolute probability.
2019,9,2,32.802579,132.633563,56,41,56,C,安満地,安満地 / NetID 2,2019-09-15,2019-09-15,244,26.504999499999997,27.843506441487897,-1.3385069414878963,0.06372791697056601,0.6783333333333332,Moderate,0.6783333333333332,Moderate,2019-09,GAM: cyclic Jday + SST anomaly + J-EGG500 IDW depth,historical_oisst_monthly_mean,NOAA OISST historical,Monthly mean of fixed-reference relative percentiles; not an absolute probability.
2019,9,20,33.593837,134.379416,36.1,33,36.1,A,鞆浦,鞆浦 / NetID 20,2019-09-15,2019-09-15,244,26.2599995,27.843506441487897,-1.5835069414878955,0.06274640065056064,0.6754545454545454,Moderate,0.6754545454545454,Moderate,2019-09,GAM: cyclic Jday + SST anomaly + J-EGG500 IDW depth,historical_oisst_monthly_mean,NOAA OISST historical,Monthly mean of fixed-reference relative percentiles; not an absolute probability.
2019,9,15,33.269809,134.202371,56.9,47,56.9,A,高岡,高岡 / NetID 15,2019-09-15,2019-09-15,244,26.42,27.843506441487897,-1.4235064414878948,0.05922489069908442,0.6674242424242425,Moderate,0.6674242424242425,Moderate,2019-09,GAM: cyclic Jday + SST anomaly + J-EGG500 IDW depth,historical_oisst_monthly_mean,NOAA OISST historical,Monthly mean of fixed-reference relative percentiles; not an absolute probability.
2019,9,10,33.35765,133.337593,6.1,19,6.1,A,双子,双子 / NetID 10,2019-09-15,2019-09-15,244,26.5649995,27.843506441487897,-1.2785069414878958,0.04068457547086982,0.615909090909091,Moderate,0.615909090909091,Moderate,2019-09,GAM: cyclic Jday + SST anomaly + J-EGG500 IDW depth,historical_oisst_monthly_mean,NOAA OISST historical,Monthly mean of fixed-reference relative percentiles; not an absolute probability.
2019,9,12,33.400017,134.011099,23.7,26,23.7,A,奈半利,奈半利 / NetID 12,2019-09-15,2019-09-15,244,26.42,27.843506441487897,-1.4235064414878948,0.022491264839610604,0.5093939393939394,Moderate,0.5093939393939394,Moderate,2019-09,GAM: cyclic Jday + SST anomaly + J-EGG500 IDW depth,historical_oisst_monthly_mean,NOAA OISST historical,Monthly mean of fixed-reference relative percentiles; not an absolute probability.
2019,9,8,32.734923,133.029438,42.8,49,42.8,A,伊佐,伊佐 / NetID 8,2019-09-15,2019-09-15,244,27.619999999999997,27.843506441487897,-0.22350644148789556,0.020006396397082224,0.4933333333333333,Low,0.4933333333333333,Low,2019-09,GAM: cyclic Jday + SST anomaly + J-EGG500 IDW depth,historical_oisst_monthly_mean,NOAA OISST historical,Monthly mean of fixed-reference relative percentiles; not an absolute probability.
2019,9,9,33.159542,133.224963,42,34,42,A,窪川,窪川 / NetID 9,2019-09-15,2019-09-15,244,27.025,27.843506441487897,-0.8185064414878962,0.014793078593086852,0.443030303030303,Low,0.443030303030303,Low,2019-09,GAM: cyclic Jday + SST anomaly + J-EGG500 IDW depth,historical_oisst_monthly_mean,NOAA OISST historical,Monthly mean of fixed-reference relative percentiles; not an absolute probability.
2019,9,1,32.793914,132.628975,40,30,40,A,一切,一切 / NetID 1,2019-09-15,2019-09-15,244,26.504999499999997,27.843506441487897,-1.3385069414878963,0.012095928959584487,0.40969696969696967,Low,0.40969696969696967,Low,2019-09,GAM: cyclic Jday + SST anomaly + J-EGG500 IDW depth,historical_oisst_monthly_mean,NOAA OISST historical,Monthly mean of fixed-reference relative percentiles; not an absolute probability.
2019,9,4,32.784353,132.703013,40.3,45,40.3,B,古満目,古満目 / NetID 4,2019-09-15,2019-09-15,244,26.504999499999997,27.843506441487897,-1.3385069414878963,0.011721862645492357,0.4043939393939394,Low,0.4043939393939394,Low,2019-09,GAM: cyclic Jday + SST anomaly + J-EGG500 IDW depth,historical_oisst_monthly_mean,NOAA OISST historical,Monthly mean of fixed-reference relative percentiles; not an absolute probability.
2019,9,13,33.360612,134.043999,17.1,23,17.1,A,羽根,羽根 / NetID 13,2019-09-15,2019-09-15,244,26.42,27.843506441487897,-1.4235064414878948,0.007201753378579053,0.33606060606060606,Low,0.33606060606060606,Low,2019-09,GAM: cyclic Jday + SST anomaly + J-EGG500 IDW depth,historical_oisst_monthly_mean,NOAA OISST historical,Monthly mean of fixed-reference relative percentiles; not an absolute probability.
2020,5,16,33.302961,134.204049,83.4,60,83.4,A,三津,三津 / NetID 16,2020-05-15,2020-05-15,151,21.566666333333334,22.12258944292817,-0.5559231095948363,0.42418123138032093,0.9505050505050505,Very high,0.9505050505050505,Very high,2020-05,GAM: cyclic Jday + SST anomaly + J-EGG500 IDW depth,historical_oisst_monthly_mean,NOAA OISST historical,Monthly mean of fixed-reference relative percentiles; not an absolute probability.
2020,5,19,33.456354,134.256776,49.8,40,49.8,A,東洋,東洋 / NetID 19,2020-05-15,2020-05-15,151,21.773333333333333,22.12258944292817,-0.34925610959483677,0.3450826817038822,0.9126262626262626,Very high,0.9126262626262626,Very high,2020-05,GAM: cyclic Jday + SST anomaly + J-EGG500 IDW depth,historical_oisst_monthly_mean,NOAA OISST historical,Monthly mean of fixed-reference relative percentiles; not an absolute probability.
2020,5,17,33.428671,134.243505,50.7,45,50.7,A,佐喜浜,佐喜浜 / NetID 17,2020-05-15,2020-05-15,151,21.566666333333334,22.12258944292817,-0.5559231095948363,0.3406959662175498,0.91,Very high,0.91,Very high,2020-05,GAM: cyclic Jday + SST anomaly + J-EGG500 IDW depth,historical_oisst_monthly_mean,NOAA OISST historical,Monthly mean of fixed-reference relative percentiles; not an absolute probability.
2020,5,18,33.455525,134.256103,49.3,44,49.3,A,野根,野根 / NetID 18,2020-05-15,2020-05-15,151,21.773333333333333,22.12258944292817,-0.34925610959483677,0.3378123752742528,0.9083838383838384,Very high,0.9083838383838384,Very high,2020-05,GAM: cyclic Jday + SST anomaly + J-EGG500 IDW depth,historical_oisst_monthly_mean,NOAA OISST historical,Monthly mean of fixed-reference relative percentiles; not an absolute probability.
2020,5,14,33.311308,134.201197,35.8,30,35.8,A,椎名,椎名 / NetID 14,2020-05-15,2020-05-15,151,21.566666333333334,22.12258944292817,-0.5559231095948363,0.30798606977084614,0.8928282828282829,High,0.8928282828282829,High,2020-05,GAM: cyclic Jday + SST anomaly + J-EGG500 IDW depth,historical_oisst_monthly_mean,NOAA OISST historical,Monthly mean of fixed-reference relative percentiles; not an absolute probability.
2020,5,3,32.812774,132.642032,54.7,44,54.7,A,橘浦,橘浦 / NetID 3,2020-05-15,2020-05-15,151,22.123333333333335,22.12258944292817,7.438904051646489e-4,0.30577276597564357,0.8922222222222222,High,0.8922222222222222,High,2020-05,GAM: cyclic Jday + SST anomaly + J-EGG500 IDW depth,historical_oisst_monthly_mean,NOAA OISST historical,Monthly mean of fixed-reference relative percentiles; not an absolute probability.
2020,5,11,32.77052,133.019357,47.4,28,47.4,B,窪津,窪津 / NetID 11,2020-05-15,2020-05-15,151,22.226666333333334,22.12258944292817,0.10407689040516388,0.29213356900857285,0.8860606060606061,High,0.8860606060606061,High,2020-05,GAM: cyclic Jday + SST anomaly + J-EGG500 IDW depth,historical_oisst_monthly_mean,NOAA OISST historical,Monthly mean of fixed-reference relative percentiles; not an absolute probability.
2020,5,2,32.802579,132.633563,56,41,56,C,安満地,安満地 / NetID 2,2020-05-15,2020-05-15,151,22.123333333333335,22.12258944292817,7.438904051646489e-4,0.2837665565063649,0.8822222222222222,High,0.8822222222222222,High,2020-05,GAM: cyclic Jday + SST anomaly + J-EGG500 IDW depth,historical_oisst_monthly_mean,NOAA OISST historical,Monthly mean of fixed-reference relative percentiles; not an absolute probability.
2020,5,20,33.593837,134.379416,36.1,33,36.1,A,鞆浦,鞆浦 / NetID 20,2020-05-15,2020-05-15,151,21.716666666666665,22.12258944292817,-0.4059227762615028,0.2742650218888509,0.8772727272727273,High,0.8772727272727273,High,2020-05,GAM: cyclic Jday + SST anomaly + J-EGG500 IDW depth,historical_oisst_monthly_mean,NOAA OISST historical,Monthly mean of fixed-reference relative percentiles; not an absolute probability.
2020,5,15,33.269809,134.202371,56.9,47,56.9,A,高岡,高岡 / NetID 15,2020-05-15,2020-05-15,151,21.566666333333334,22.12258944292817,-0.5559231095948363,0.25149596026146737,0.8683838383838384,High,0.8683838383838384,High,2020-05,GAM: cyclic Jday + SST anomaly + J-EGG500 IDW depth,historical_oisst_monthly_mean,NOAA OISST historical,Monthly mean of fixed-reference relative percentiles; not an absolute probability.
2020,5,10,33.35765,133.337593,6.1,19,6.1,A,双子,双子 / NetID 10,2020-05-15,2020-05-15,151,21.536666333333333,22.12258944292817,-0.5859231095948351,0.17989222773613328,0.824949494949495,High,0.824949494949495,High,2020-05,GAM: cyclic Jday + SST anomaly + J-EGG500 IDW depth,historical_oisst_monthly_mean,NOAA OISST historical,Monthly mean of fixed-reference relative percentiles; not an absolute probability.
2020,5,12,33.400017,134.011099,23.7,26,23.7,A,奈半利,奈半利 / NetID 12,2020-05-15,2020-05-15,151,21.566666333333334,22.12258944292817,-0.5559231095948363,0.1093823098839859,0.7531313131313132,High,0.7531313131313132,High,2020-05,GAM: cyclic Jday + SST anomaly + J-EGG500 IDW depth,historical_oisst_monthly_mean,NOAA OISST historical,Monthly mean of fixed-reference relative percentiles; not an absolute probability.
2020,5,8,32.734923,133.029438,42.8,49,42.8,A,伊佐,伊佐 / NetID 8,2020-05-15,2020-05-15,151,22.596666333333335,22.12258944292817,0.4740768904051649,0.095964258381554493,0.7344444444444445,Moderate,0.7344444444444445,Moderate,2020-05,GAM: cyclic Jday + SST anomaly + J-EGG500 IDW depth,historical_oisst_monthly_mean,NOAA OISST historical,Monthly mean of fixed-reference relative percentiles; not an absolute probability.
2020,5,9,33.159542,133.224963,42,34,42,A,窪川,窪川 / NetID 9,2020-05-15,2020-05-15,151,22.02,22.12258944292817,-0.10258944292816945,0.07242045054435271,0.6957575757575758,Moderate,0.6957575757575758,Moderate,2020-05,GAM: cyclic Jday + SST anomaly + J-EGG500 IDW depth,historical_oisst_monthly_mean,NOAA OISST historical,Monthly mean of fixed-reference relative percentiles; not an absolute probability.
2020,5,1,32.793914,132.628975,40,30,40,A,一切,一切 / NetID 1,2020-05-15,2020-05-15,151,22.123333333333335,22.12258944292817,7.438904051646489e-4,0.0666307246486518,0.6834343434343434,Moderate,0.6834343434343434,Moderate,2020-05,GAM: cyclic Jday + SST anomaly + J-EGG500 IDW depth,historical_oisst_monthly_mean,NOAA OISST historical,Monthly mean of fixed-reference relative percentiles; not an absolute probability.
2020,5,4,32.784353,132.703013,40.3,45,40.3,B,古満目,古満目 / NetID 4,2020-05-15,2020-05-15,151,22.123333333333335,22.12258944292817,7.438904051646489e-4,0.06468147741863217,0.6793939393939394,Moderate,0.6793939393939394,Moderate,2020-05,GAM: cyclic Jday + SST anomaly + J-EGG500 IDW depth,historical_oisst_monthly_mean,NOAA OISST historical,Monthly mean of fixed-reference relative percentiles; not an absolute probability.
2020,5,13,33.360612,134.043999,17.1,23,17.1,A,羽根,羽根 / NetID 13,2020-05-15,2020-05-15,151,21.566666333333334,22.12258944292817,-0.5559231095948363,0.037278865206006935,0.6005050505050504,Moderate,0.6005050505050504,Moderate,2020-05,GAM: cyclic Jday + SST anomaly + J-EGG500 IDW depth,historical_oisst_monthly_mean,NOAA OISST historical,Monthly mean of fixed-reference relative percentiles; not an absolute probability.
2020,6,16,33.302961,134.204049,83.4,60,83.4,A,三津,三津 / NetID 16,2020-06-15,2020-06-15,168,23.428332933333333,23.443751009489777,-0.015418076156441767,0.4971504951121615,0.9682323232323232,Very high,0.9682323232323232,Very high,2020-06,GAM: cyclic Jday + SST anomaly + J-EGG500 IDW depth,historical_oisst_monthly_mean,NOAA OISST historical,Monthly mean of fixed-reference relative percentiles; not an absolute probability.
2020,6,17,33.428671,134.243505,50.7,45,50.7,A,佐喜浜,佐喜浜 / NetID 17,2020-06-15,2020-06-15,168,23.428332933333333,23.443751009489777,-0.015418076156441767,0.4106687583646258,0.9416060606060606,Very high,0.9416060606060606,Very high,2020-06,GAM: cyclic Jday + SST anomaly + J-EGG500 IDW depth,historical_oisst_monthly_mean,NOAA OISST historical,Monthly mean of fixed-reference relative percentiles; not an absolute probability.
2020,6,19,33.456354,134.256776,49.8,40,49.8,A,東洋,東洋 / NetID 19,2020-06-15,2020-06-15,168,23.422666366666668,23.443751009489777,-0.02108464282310874,0.40616590472020914,0.9397878787878788,Very high,0.9397878787878788,Very high,2020-06,GAM: cyclic Jday + SST anomaly + J-EGG500 IDW depth,historical_oisst_monthly_mean,NOAA OISST historical,Monthly mean of fixed-reference relative percentiles; not an absolute probability.
2020,6,18,33.455525,134.256103,49.3,44,49.3,A,野根,野根 / NetID 18,2020-06-15,2020-06-15,168,23.422666366666668,23.443751009489777,-0.02108464282310874,0.3984928453956348,0.9366868686868687,Very high,0.9366868686868687,Very high,2020-06,GAM: cyclic Jday + SST anomaly + J-EGG500 IDW depth,historical_oisst_monthly_mean,NOAA OISST historical,Monthly mean of fixed-reference relative percentiles; not an absolute probability.
2020,6,14,33.311308,134.201197,35.8,30,35.8,A,椎名,椎名 / NetID 14,2020-06-15,2020-06-15,168,23.428332933333333,23.443751009489777,-0.015418076156441767,0.3755108116514202,0.9272828282828283,Very high,0.9272828282828283,Very high,2020-06,GAM: cyclic Jday + SST anomaly + J-EGG500 IDW depth,historical_oisst_monthly_mean,NOAA OISST historical,Monthly mean of fixed-reference relative percentiles; not an absolute probability.
2020,6,20,33.593837,134.379416,36.1,33,36.1,A,鞆浦,鞆浦 / NetID 20,2020-06-15,2020-06-15,168,23.319333033333333,23.443751009489777,-0.12441797615644176,0.32826540734216597,0.9049090909090909,Very high,0.9049090909090909,Very high,2020-06,GAM: cyclic Jday + SST anomaly + J-EGG500 IDW depth,historical_oisst_monthly_mean,NOAA OISST historical,Monthly mean of fixed-reference relative percentiles; not an absolute probability.
2020,6,11,32.77052,133.019357,47.4,28,47.4,B,窪津,窪津 / NetID 11,2020-06-15,2020-06-15,168,23.195666466666665,23.443751009489777,-0.2480845428231086,0.32149893261482815,0.9014040404040404,Very high,0.9014040404040404,Very high,2020-06,GAM: cyclic Jday + SST anomaly + J-EGG500 IDW depth,historical_oisst_monthly_mean,NOAA OISST historical,Monthly mean of fixed-reference relative percentiles; not an absolute probability.
2020,6,15,33.269809,134.202371,56.9,47,56.9,A,高岡,高岡 / NetID 15,2020-06-15,2020-06-15,168,23.428332933333333,23.443751009489777,-0.015418076156441767,0.31294762422888234,0.8971818181818182,High,0.8971818181818182,High,2020-06,GAM: cyclic Jday + SST anomaly + J-EGG500 IDW depth,historical_oisst_monthly_mean,NOAA OISST historical,Monthly mean of fixed-reference relative percentiles; not an absolute probability.
2020,6,3,32.812774,132.642032,54.7,44,54.7,A,橘浦,橘浦 / NetID 3,2020-06-15,2020-06-15,168,22.4919998,23.443751009489777,-0.9517512094897751,0.3132883668095636,0.897080808080808,High,0.897080808080808,High,2020-06,GAM: cyclic Jday + SST anomaly + J-EGG500 IDW depth,historical_oisst_monthly_mean,NOAA OISST historical,Monthly mean of fixed-reference relative percentiles; not an absolute probability.
2020,6,2,32.802579,132.633563,56,41,56,C,安満地,安満地 / NetID 2,2020-06-15,2020-06-15,168,22.4919998,23.443751009489777,-0.9517512094897751,0.2912067595122652,0.8852323232323233,High,0.8852323232323233,High,2020-06,GAM: cyclic Jday + SST anomaly + J-EGG500 IDW depth,historical_oisst_monthly_mean,NOAA OISST historical,Monthly mean of fixed-reference relative percentiles; not an absolute probability.
2020,6,10,33.35765,133.337593,6.1,19,6.1,A,双子,双子 / NetID 10,2020-06-15,2020-06-15,168,23.250666433333333,23.443751009489777,-0.1930845761564419,0.22442252907369167,0.8517474747474747,High,0.8517474747474747,High,2020-06,GAM: cyclic Jday + SST anomaly + J-EGG500 IDW depth,historical_oisst_monthly_mean,NOAA OISST historical,Monthly mean of fixed-reference relative percentiles; not an absolute probability.
2020,6,12,33.400017,134.011099,23.7,26,23.7,A,奈半利,奈半利 / NetID 12,2020-06-15,2020-06-15,168,23.428332933333333,23.443751009489777,-0.015418076156441767,0.14382429752482165,0.7896161616161617,High,0.7896161616161617,High,2020-06,GAM: cyclic Jday + SST anomaly + J-EGG500 IDW depth,historical_oisst_monthly_mean,NOAA OISST historical,Monthly mean of fixed-reference relative percentiles; not an absolute probability.
2020,6,8,32.734923,133.029438,42.8,49,42.8,A,伊佐,伊佐 / NetID 8,2020-06-15,2020-06-15,168,23.3659998,23.443751009489777,-0.0777512094897754,0.10526357472082899,0.7462727272727273,Moderate,0.7462727272727273,Moderate,2020-06,GAM: cyclic Jday + SST anomaly + J-EGG500 IDW depth,historical_oisst_monthly_mean,NOAA OISST historical,Monthly mean of fixed-reference relative percentiles; not an absolute probability.
2020,6,9,33.159542,133.224963,42,34,42,A,窪川,窪川 / NetID 9,2020-06-15,2020-06-15,168,23.138666399999998,23.443751009489777,-0.30508460948977534,0.08516266079770764,0.7157777777777777,Moderate,0.7157777777777777,Moderate,2020-06,GAM: cyclic Jday + SST anomaly + J-EGG500 IDW depth,historical_oisst_monthly_mean,NOAA OISST historical,Monthly mean of fixed-reference relative percentiles; not an absolute probability.
2020,6,1,32.793914,132.628975,40,30,40,A,一切,一切 / NetID 1,2020-06-15,2020-06-15,168,22.4919998,23.443751009489777,-0.9517512094897751,0.06962784230967049,0.6865858585858586,Moderate,0.6865858585858586,Moderate,2020-06,GAM: cyclic Jday + SST anomaly + J-EGG500 IDW depth,historical_oisst_monthly_mean,NOAA OISST historical,Monthly mean of fixed-reference relative percentiles; not an absolute probability.
2020,6,4,32.784353,132.703013,40.3,45,40.3,B,古満目,古満目 / NetID 4,2020-06-15,2020-06-15,168,22.4919998,23.443751009489777,-0.9517512094897751,0.06760318130771885,0.6826969696969697,Moderate,0.6826969696969697,Moderate,2020-06,GAM: cyclic Jday + SST anomaly + J-EGG500 IDW depth,historical_oisst_monthly_mean,NOAA OISST historical,Monthly mean of fixed-reference relative percentiles; not an absolute probability.
2020,6,13,33.360612,134.043999,17.1,23,17.1,A,羽根,羽根 / NetID 13,2020-06-15,2020-06-15,168,23.428332933333333,23.443751009489777,-0.015418076156441767,0.05052862991707879,0.642020202020202,Moderate,0.642020202020202,Moderate,2020-06,GAM: cyclic Jday + SST anomaly + J-EGG500 IDW depth,historical_oisst_monthly_mean,NOAA OISST historical,Monthly mean of fixed-reference relative percentiles; not an absolute probability.
2020,7,16,33.302961,134.204049,83.4,60,83.4,A,三津,三津 / NetID 16,2020-07-15,2020-07-15,198,25.10354812903226,26.353649758897514,-1.2501016298652556,0.25369931463710077,0.8678690127077224,High,0.8678690127077224,High,2020-07,GAM: cyclic Jday + SST anomaly + J-EGG500 IDW depth,historical_oisst_monthly_mean,NOAA OISST historical,Monthly mean of fixed-reference relative percentiles; not an absolute probability.
2020,7,17,33.428671,134.243505,50.7,45,50.7,A,佐喜浜,佐喜浜 / NetID 17,2020-07-15,2020-07-15,198,25.10354812903226,26.353649758897514,-1.2501016298652556,0.19304476946187846,0.8312023460410557,High,0.8312023460410557,High,2020-07,GAM: cyclic Jday + SST anomaly + J-EGG500 IDW depth,historical_oisst_monthly_mean,NOAA OISST historical,Monthly mean of fixed-reference relative percentiles; not an absolute probability.
2020,7,19,33.456354,134.256776,49.8,40,49.8,A,東洋,東洋 / NetID 19,2020-07-15,2020-07-15,198,25.08903193548387,26.353649758897514,-1.2646178234136434,0.19008577154637263,0.8286999022482894,High,0.8286999022482894,High,2020-07,GAM: cyclic Jday + SST anomaly + J-EGG500 IDW depth,historical_oisst_monthly_mean,NOAA OISST historical,Monthly mean of fixed-reference relative percentiles; not an absolute probability.
2020,7,18,33.455525,134.256103,49.3,44,49.3,A,野根,野根 / NetID 18,2020-07-15,2020-07-15,198,25.08903193548387,26.353649758897514,-1.2646178234136434,0.1852006568129426,0.8247898338220919,High,0.8247898338220919,High,2020-07,GAM: cyclic Jday + SST anomaly + J-EGG500 IDW depth,historical_oisst_monthly_mean,NOAA OISST historical,Monthly mean of fixed-reference relative percentiles; not an absolute probability.
2020,7,14,33.311308,134.201197,35.8,30,35.8,A,椎名,椎名 / NetID 14,2020-07-15,2020-07-15,198,25.10354812903226,26.353649758897514,-1.2501016298652556,0.1710046870514766,0.813939393939394,High,0.813939393939394,High,2020-07,GAM: cyclic Jday + SST anomaly + J-EGG500 IDW depth,historical_oisst_monthly_mean,NOAA OISST historical,Monthly mean of fixed-reference relative percentiles; not an absolute probability.
2020,7,11,32.77052,133.019357,47.4,28,47.4,B,窪津,窪津 / NetID 11,2020-07-15,2020-07-15,198,25.194515709677418,26.353649758897514,-1.1591340492200946,0.14715034152167583,0.7926099706744868,High,0.7926099706744868,High,2020-07,GAM: cyclic Jday + SST anomaly + J-EGG500 IDW depth,historical_oisst_monthly_mean,NOAA OISST historical,Monthly mean of fixed-reference relative percentiles; not an absolute probability.
2020,7,20,33.593837,134.379416,36.1,33,36.1,A,鞆浦,鞆浦 / NetID 20,2020-07-15,2020-07-15,198,24.963548,26.353649758897514,-1.390101758897514,0.14296617879413034,0.7885141739980449,High,0.7885141739980449,High,2020-07,GAM: cyclic Jday + SST anomaly + J-EGG500 IDW depth,historical_oisst_monthly_mean,NOAA OISST historical,Monthly mean of fixed-reference relative percentiles; not an absolute probability.
2020,7,3,32.812774,132.642032,54.7,44,54.7,A,橘浦,橘浦 / NetID 3,2020-07-15,2020-07-15,198,24.54451570967742,26.353649758897514,-1.8091340492200942,0.14364337075937572,0.788455522971652,High,0.788455522971652,High,2020-07,GAM: cyclic Jday + SST anomaly + J-EGG500 IDW depth,historical_oisst_monthly_mean,NOAA OISST historical,Monthly mean of fixed-reference relative percentiles; not an absolute probability.
2020,7,15,33.269809,134.202371,56.9,47,56.9,A,高岡,高岡 / NetID 15,2020-07-15,2020-07-15,198,25.10354812903226,26.353649758897514,-1.2501016298652556,0.1349747572118115,0.7802737047898338,High,0.7802737047898338,High,2020-07,GAM: cyclic Jday + SST anomaly + J-EGG500 IDW depth,historical_oisst_monthly_mean,NOAA OISST historical,Monthly mean of fixed-reference relative percentiles; not an absolute probability.
2020,7,2,32.802579,132.633563,56,41,56,C,安満地,安満地 / NetID 2,2020-07-15,2020-07-15,198,24.54451570967742,26.353649758897514,-1.8091340492200942,0.131187338253675,0.7756793743890518,High,0.7756793743890518,High,2020-07,GAM: cyclic Jday + SST anomaly + J-EGG500 IDW depth,historical_oisst_monthly_mean,NOAA OISST historical,Monthly mean of fixed-reference relative percentiles; not an absolute probability.
2020,7,10,33.35765,133.337593,6.1,19,6.1,A,双子,双子 / NetID 10,2020-07-15,2020-07-15,198,25.007096419354838,26.353649758897514,-1.3465533395426752,0.09140318982017788,0.7253372434017595,Moderate,0.7253372434017595,Moderate,2020-07,GAM: cyclic Jday + SST anomaly + J-EGG500 IDW depth,historical_oisst_monthly_mean,NOAA OISST historical,Monthly mean of fixed-reference relative percentiles; not an absolute probability.
2020,7,12,33.400017,134.011099,23.7,26,23.7,A,奈半利,奈半利 / NetID 12,2020-07-15,2020-07-15,198,25.10354812903226,26.353649758897514,-1.2501016298652556,0.05418666059454005,0.6535092864125123,Moderate,0.6535092864125123,Moderate,2020-07,GAM: cyclic Jday + SST anomaly + J-EGG500 IDW depth,historical_oisst_monthly_mean,NOAA OISST historical,Monthly mean of fixed-reference relative percentiles; not an absolute probability.
2020,7,8,32.734923,133.029438,42.8,49,42.8,A,伊佐,伊佐 / NetID 8,2020-07-15,2020-07-15,198,25.65354793548387,26.353649758897514,-0.7001018234136429,0.04347224215847109,0.6190224828934506,Moderate,0.6190224828934506,Moderate,2020-07,GAM: cyclic Jday + SST anomaly + J-EGG500 IDW depth,historical_oisst_monthly_mean,NOAA OISST historical,Monthly mean of fixed-reference relative percentiles; not an absolute probability.
2020,7,9,33.159542,133.224963,42,34,42,A,窪川,窪川 / NetID 9,2020-07-15,2020-07-15,198,24.968386677419353,26.353649758897514,-1.385263081478159,0.03163655634968511,0.567067448680352,Moderate,0.567067448680352,Moderate,2020-07,GAM: cyclic Jday + SST anomaly + J-EGG500 IDW depth,historical_oisst_monthly_mean,NOAA OISST historical,Monthly mean of fixed-reference relative percentiles; not an absolute probability.
2020,7,1,32.793914,132.628975,40,30,40,A,一切,一切 / NetID 1,2020-07-15,2020-07-15,198,24.54451570967742,26.353649758897514,-1.8091340492200942,0.026648418874455015,0.535425219941349,Moderate,0.535425219941349,Moderate,2020-07,GAM: cyclic Jday + SST anomaly + J-EGG500 IDW depth,historical_oisst_monthly_mean,NOAA OISST historical,Monthly mean of fixed-reference relative percentiles; not an absolute probability.
2020,7,4,32.784353,132.703013,40.3,45,40.3,B,古満目,古満目 / NetID 4,2020-07-15,2020-07-15,198,24.54451570967742,26.353649758897514,-1.8091340492200942,0.02583766971966088,0.5304398826979472,Moderate,0.5304398826979472,Moderate,2020-07,GAM: cyclic Jday + SST anomaly + J-EGG500 IDW depth,historical_oisst_monthly_mean,NOAA OISST historical,Monthly mean of fixed-reference relative percentiles; not an absolute probability.
2020,7,13,33.360612,134.043999,17.1,23,17.1,A,羽根,羽根 / NetID 13,2020-07-15,2020-07-15,198,25.10354812903226,26.353649758897514,-1.2501016298652556,0.017778686554851743,0.4689247311827957,Low,0.4689247311827957,Low,2020-07,GAM: cyclic Jday + SST anomaly + J-EGG500 IDW depth,historical_oisst_monthly_mean,NOAA OISST historical,Monthly mean of fixed-reference relative percentiles; not an absolute probability.
2020,8,16,33.302961,134.204049,83.4,60,83.4,A,三津,三津 / NetID 16,2020-08-15,2020-08-15,229,28.635161032258065,27.90451870883718,0.7306423234208845,0.22917296916627752,0.8551612903225807,High,0.8551612903225807,High,2020-08,GAM: cyclic Jday + SST anomaly + J-EGG500 IDW depth,historical_oisst_monthly_mean,NOAA OISST historical,Monthly mean of fixed-reference relative percentiles; not an absolute probability.
2020,8,17,33.428671,134.243505,50.7,45,50.7,A,佐喜浜,佐喜浜 / NetID 17,2020-08-15,2020-08-15,229,28.635161032258065,27.90451870883718,0.7306423234208845,0.1727460011480487,0.8172922776148582,High,0.8172922776148582,High,2020-08,GAM: cyclic Jday + SST anomaly + J-EGG500 IDW depth,historical_oisst_monthly_mean,NOAA OISST historical,Monthly mean of fixed-reference relative percentiles; not an absolute probability.
2020,8,19,33.456354,134.256776,49.8,40,49.8,A,東洋,東洋 / NetID 19,2020-08-15,2020-08-15,229,28.525806161290323,27.90451870883718,0.6212874524531425,0.16712376110341162,0.8129618768328446,High,0.8129618768328446,High,2020-08,GAM: cyclic Jday + SST anomaly + J-EGG500 IDW depth,historical_oisst_monthly_mean,NOAA OISST historical,Monthly mean of fixed-reference relative percentiles; not an absolute probability.
2020,8,18,33.455525,134.256103,49.3,44,49.3,A,野根,野根 / NetID 18,2020-08-15,2020-08-15,229,28.525806161290323,27.90451870883718,0.6212874524531425,0.16268086811506458,0.8088074291300098,High,0.8088074291300098,High,2020-08,GAM: cyclic Jday + SST anomaly + J-EGG500 IDW depth,historical_oisst_monthly_mean,NOAA OISST historical,Monthly mean of fixed-reference relative percentiles; not an absolute probability.
2020,8,14,33.311308,134.201197,35.8,30,35.8,A,椎名,椎名 / NetID 14,2020-08-15,2020-08-15,229,28.635161032258065,27.90451870883718,0.7306423234208845,0.15249065606432047,0.799266862170088,High,0.799266862170088,High,2020-08,GAM: cyclic Jday + SST anomaly + J-EGG500 IDW depth,historical_oisst_monthly_mean,NOAA OISST historical,Monthly mean of fixed-reference relative percentiles; not an absolute probability.
2020,8,11,32.77052,133.019357,47.4,28,47.4,B,窪津,窪津 / NetID 11,2020-08-15,2020-08-15,229,28.54290280645161,27.90451870883718,0.6383840976144332,0.12707296985240868,0.7728836754643206,High,0.7728836754643206,High,2020-08,GAM: cyclic Jday + SST anomaly + J-EGG500 IDW depth,historical_oisst_monthly_mean,NOAA OISST historical,Monthly mean of fixed-reference relative percentiles; not an absolute probability.
2020,8,20,33.593837,134.379416,36.1,33,36.1,A,鞆浦,鞆浦 / NetID 20,2020-08-15,2020-08-15,229,28.426773967741937,27.90451870883718,0.5222552589047558,0.12494289393349753,0.7712707722385141,High,0.7712707722385141,High,2020-08,GAM: cyclic Jday + SST anomaly + J-EGG500 IDW depth,historical_oisst_monthly_mean,NOAA OISST historical,Monthly mean of fixed-reference relative percentiles; not an absolute probability.
2020,8,3,32.812774,132.642032,54.7,44,54.7,A,橘浦,橘浦 / NetID 3,2020-08-15,2020-08-15,229,27.90064458064516,27.90451870883718,-0.003874128192018661,0.12319583564476003,0.7691984359726295,High,0.7691984359726295,High,2020-08,GAM: cyclic Jday + SST anomaly + J-EGG500 IDW depth,historical_oisst_monthly_mean,NOAA OISST historical,Monthly mean of fixed-reference relative percentiles; not an absolute probability.
2020,8,15,33.269809,134.202371,56.9,47,56.9,A,高岡,高岡 / NetID 15,2020-08-15,2020-08-15,229,28.635161032258065,27.90451870883718,0.7306423234208845,0.11966827805624923,0.7647409579667644,High,0.7647409579667644,High,2020-08,GAM: cyclic Jday + SST anomaly + J-EGG500 IDW depth,historical_oisst_monthly_mean,NOAA OISST historical,Monthly mean of fixed-reference relative percentiles; not an absolute probability.
2020,8,2,32.802579,132.633563,56,41,56,C,安満地,安満地 / NetID 2,2020-08-15,2020-08-15,229,27.90064458064516,27.90451870883718,-0.003874128192018661,0.11220673161591066,0.7559921798631476,High,0.7559921798631476,High,2020-08,GAM: cyclic Jday + SST anomaly + J-EGG500 IDW depth,historical_oisst_monthly_mean,NOAA OISST historical,Monthly mean of fixed-reference relative percentiles; not an absolute probability.
2020,8,10,33.35765,133.337593,6.1,19,6.1,A,双子,双子 / NetID 10,2020-08-15,2020-08-15,229,28.657096387096775,27.90451870883718,0.7525776782595943,0.08273210790070153,0.7118084066471163,Moderate,0.7118084066471163,Moderate,2020-08,GAM: cyclic Jday + SST anomaly + J-EGG500 IDW depth,historical_oisst_monthly_mean,NOAA OISST historical,Monthly mean of fixed-reference relative percentiles; not an absolute probability.
2020,8,12,33.400017,134.011099,23.7,26,23.7,A,奈半利,奈半利 / NetID 12,2020-08-15,2020-08-15,229,28.635161032258065,27.90451870883718,0.7306423234208845,0.04740664848540306,0.6361681329423265,Moderate,0.6361681329423265,Moderate,2020-08,GAM: cyclic Jday + SST anomaly + J-EGG500 IDW depth,historical_oisst_monthly_mean,NOAA OISST historical,Monthly mean of fixed-reference relative percentiles; not an absolute probability.
2020,8,8,32.734923,133.029438,42.8,49,42.8,A,伊佐,伊佐 / NetID 8,2020-08-15,2020-08-15,229,28.620967387096773,27.90451870883718,0.7164486782595947,0.03425168186655599,0.5836852394916912,Moderate,0.5836852394916912,Moderate,2020-08,GAM: cyclic Jday + SST anomaly + J-EGG500 IDW depth,historical_oisst_monthly_mean,NOAA OISST historical,Monthly mean of fixed-reference relative percentiles; not an absolute probability.
2020,8,9,33.159542,133.224963,42,34,42,A,窪川,窪川 / NetID 9,2020-08-15,2020-08-15,229,28.487419096774193,27.90451870883718,0.5829003879370138,0.027624127153091437,0.5454936461388075,Moderate,0.5454936461388075,Moderate,2020-08,GAM: cyclic Jday + SST anomaly + J-EGG500 IDW depth,historical_oisst_monthly_mean,NOAA OISST historical,Monthly mean of fixed-reference relative percentiles; not an absolute probability.
2020,8,1,32.793914,132.628975,40,30,40,A,一切,一切 / NetID 1,2020-08-15,2020-08-15,229,27.90064458064516,27.90451870883718,-0.003874128192018661,0.022261645226333972,0.5078983382209189,Moderate,0.5078983382209189,Moderate,2020-08,GAM: cyclic Jday + SST anomaly + J-EGG500 IDW depth,historical_oisst_monthly_mean,NOAA OISST historical,Monthly mean of fixed-reference relative percentiles; not an absolute probability.
2020,8,4,32.784353,132.703013,40.3,45,40.3,B,古満目,古満目 / NetID 4,2020-08-15,2020-08-15,229,27.90064458064516,27.90451870883718,-0.003874128192018661,0.02158030232417041,0.5029227761485826,Moderate,0.5029227761485826,Moderate,2020-08,GAM: cyclic Jday + SST anomaly + J-EGG500 IDW depth,historical_oisst_monthly_mean,NOAA OISST historical,Monthly mean of fixed-reference relative percentiles; not an absolute probability.
2020,8,13,33.360612,134.043999,17.1,23,17.1,A,羽根,羽根 / NetID 13,2020-08-15,2020-08-15,229,28.635161032258065,27.90451870883718,0.7306423234208845,0.015458528017560424,0.44836754643206256,Low,0.44836754643206256,Low,2020-08,GAM: cyclic Jday + SST anomaly + J-EGG500 IDW depth,historical_oisst_monthly_mean,NOAA OISST historical,Monthly mean of fixed-reference relative percentiles; not an absolute probability.
2020,9,16,33.302961,134.204049,83.4,60,83.4,A,三津,三津 / NetID 16,2020-09-15,2020-09-15,260,27.225999633333334,27.19251395293327,0.03348568040006335,0.10682411865603338,0.7434747474747475,Moderate,0.7434747474747475,Moderate,2020-09,GAM: cyclic Jday + SST anomaly + J-EGG500 IDW depth,historical_oisst_monthly_mean,NOAA OISST historical,Monthly mean of fixed-reference relative percentiles; not an absolute probability.
2020,9,17,33.428671,134.243505,50.7,45,50.7,A,佐喜浜,佐喜浜 / NetID 17,2020-09-15,2020-09-15,260,27.225999633333334,27.19251395293327,0.03348568040006335,0.07764040674233642,0.6986565656565656,Moderate,0.6986565656565656,Moderate,2020-09,GAM: cyclic Jday + SST anomaly + J-EGG500 IDW depth,historical_oisst_monthly_mean,NOAA OISST historical,Monthly mean of fixed-reference relative percentiles; not an absolute probability.
2020,9,19,33.456354,134.256776,49.8,40,49.8,A,東洋,東洋 / NetID 19,2020-09-15,2020-09-15,260,27.2669997,27.19251395293327,0.07448574706672963,0.07688898212553949,0.6973434343434344,Moderate,0.6973434343434344,Moderate,2020-09,GAM: cyclic Jday + SST anomaly + J-EGG500 IDW depth,historical_oisst_monthly_mean,NOAA OISST historical,Monthly mean of fixed-reference relative percentiles; not an absolute probability.
2020,9,18,33.455525,134.256103,49.3,44,49.3,A,野根,野根 / NetID 18,2020-09-15,2020-09-15,260,27.2669997,27.19251395293327,0.07448574706672963,0.07464245135099011,0.6930808080808081,Moderate,0.6930808080808081,Moderate,2020-09,GAM: cyclic Jday + SST anomaly + J-EGG500 IDW depth,historical_oisst_monthly_mean,NOAA OISST historical,Monthly mean of fixed-reference relative percentiles; not an absolute probability.
2020,9,14,33.311308,134.201197,35.8,30,35.8,A,椎名,椎名 / NetID 14,2020-09-15,2020-09-15,260,27.225999633333334,27.19251395293327,0.03348568040006335,0.06766795149940491,0.6792626262626262,Moderate,0.6792626262626262,Moderate,2020-09,GAM: cyclic Jday + SST anomaly + J-EGG500 IDW depth,historical_oisst_monthly_mean,NOAA OISST historical,Monthly mean of fixed-reference relative percentiles; not an absolute probability.
2020,9,20,33.593837,134.379416,36.1,33,36.1,A,鞆浦,鞆浦 / NetID 20,2020-09-15,2020-09-15,260,27.4189997,27.19251395293327,0.22648574706673005,0.05867114237749385,0.6582727272727272,Moderate,0.6582727272727272,Moderate,2020-09,GAM: cyclic Jday + SST anomaly + J-EGG500 IDW depth,historical_oisst_monthly_mean,NOAA OISST historical,Monthly mean of fixed-reference relative percentiles; not an absolute probability.
2020,9,3,32.812774,132.642032,54.7,44,54.7,A,橘浦,橘浦 / NetID 3,2020-09-15,2020-09-15,260,26.68433303333333,27.19251395293327,-0.5081809195999368,0.05550437752911529,0.6515858585858586,Moderate,0.6515858585858586,Moderate,2020-09,GAM: cyclic Jday + SST anomaly + J-EGG500 IDW depth,historical_oisst_monthly_mean,NOAA OISST historical,Monthly mean of fixed-reference relative percentiles; not an absolute probability.
2020,9,11,32.77052,133.019357,47.4,28,47.4,B,窪津,窪津 / NetID 11,2020-09-15,2020-09-15,260,27.0496664,27.19251395293327,-0.14284755293327034,0.054442089048949316,0.6494141414141414,Moderate,0.6494141414141414,Moderate,2020-09,GAM: cyclic Jday + SST anomaly + J-EGG500 IDW depth,historical_oisst_monthly_mean,NOAA OISST historical,Monthly mean of fixed-reference relative percentiles; not an absolute probability.
2020,9,15,33.269809,134.202371,56.9,47,56.9,A,高岡,高岡 / NetID 15,2020-09-15,2020-09-15,260,27.225999633333334,27.19251395293327,0.03348568040006335,0.05203448118052515,0.6411010101010101,Moderate,0.6411010101010101,Moderate,2020-09,GAM: cyclic Jday + SST anomaly + J-EGG500 IDW depth,historical_oisst_monthly_mean,NOAA OISST historical,Monthly mean of fixed-reference relative percentiles; not an absolute probability.
2020,9,2,32.802579,132.633563,56,41,56,C,安満地,安満地 / NetID 2,2020-09-15,2020-09-15,260,26.68433303333333,27.19251395293327,-0.5081809195999368,0.050227922505320995,0.6361313131313131,Moderate,0.6361313131313131,Moderate,2020-09,GAM: cyclic Jday + SST anomaly + J-EGG500 IDW depth,historical_oisst_monthly_mean,NOAA OISST historical,Monthly mean of fixed-reference relative percentiles; not an absolute probability.
2020,9,10,33.35765,133.337593,6.1,19,6.1,A,双子,双子 / NetID 10,2020-09-15,2020-09-15,260,27.180999766666666,27.19251395293327,-0.011514186266603351,0.03461459693175143,0.5760808080808081,Moderate,0.5760808080808081,Moderate,2020-09,GAM: cyclic Jday + SST anomaly + J-EGG500 IDW depth,historical_oisst_monthly_mean,NOAA OISST historical,Monthly mean of fixed-reference relative percentiles; not an absolute probability.
2020,9,12,33.400017,134.011099,23.7,26,23.7,A,奈半利,奈半利 / NetID 12,2020-09-15,2020-09-15,260,27.225999633333334,27.19251395293327,0.03348568040006335,0.01973922373767431,0.4816767676767677,Low,0.4816767676767677,Low,2020-09,GAM: cyclic Jday + SST anomaly + J-EGG500 IDW depth,historical_oisst_monthly_mean,NOAA OISST historical,Monthly mean of fixed-reference relative percentiles; not an absolute probability.
2020,9,8,32.734923,133.029438,42.8,49,42.8,A,伊佐,伊佐 / NetID 8,2020-09-15,2020-09-15,260,27.05266646666667,27.19251395293327,-0.13984748626660312,0.013529053312962334,0.420969696969697,Low,0.420969696969697,Low,2020-09,GAM: cyclic Jday + SST anomaly + J-EGG500 IDW depth,historical_oisst_monthly_mean,NOAA OISST historical,Monthly mean of fixed-reference relative percentiles; not an absolute probability.
2020,9,9,33.159542,133.224963,42,34,42,A,窪川,窪川 / NetID 9,2020-09-15,2020-09-15,260,27.0763328,27.19251395293327,-0.11618115293327011,0.011393422875405625,0.39316161616161616,Low,0.39316161616161616,Low,2020-09,GAM: cyclic Jday + SST anomaly + J-EGG500 IDW depth,historical_oisst_monthly_mean,NOAA OISST historical,Monthly mean of fixed-reference relative percentiles; not an absolute probability.
2020,9,1,32.793914,132.628975,40,30,40,A,一切,一切 / NetID 1,2020-09-15,2020-09-15,260,26.68433303333333,27.19251395293327,-0.5081809195999368,0.00946719453436873,0.366989898989899,Low,0.366989898989899,Low,2020-09,GAM: cyclic Jday + SST anomaly + J-EGG500 IDW depth,historical_oisst_monthly_mean,NOAA OISST historical,Monthly mean of fixed-reference relative percentiles; not an absolute probability.
2020,9,4,32.784353,132.703013,40.3,45,40.3,B,古満目,古満目 / NetID 4,2020-09-15,2020-09-15,260,26.68433303333333,27.19251395293327,-0.5081809195999368,0.009173972688984209,0.3623131313131313,Low,0.3623131313131313,Low,2020-09,GAM: cyclic Jday + SST anomaly + J-EGG500 IDW depth,historical_oisst_monthly_mean,NOAA OISST historical,Monthly mean of fixed-reference relative percentiles; not an absolute probability.
2020,9,13,33.360612,134.043999,17.1,23,17.1,A,羽根,羽根 / NetID 13,2020-09-15,2020-09-15,260,27.225999633333334,27.19251395293327,0.03348568040006335,0.006318148119641183,0.30877777777777776,Low,0.30877777777777776,Low,2020-09,GAM: cyclic Jday + SST anomaly + J-EGG500 IDW depth,historical_oisst_monthly_mean,NOAA OISST historical,Monthly mean of fixed-reference relative percentiles; not an absolute probability.
2020,10,16,33.302961,134.204049,83.4,60,83.4,A,三津,三津 / NetID 16,2020-10-15,2020-10-15,290,25.999031903225806,25.07286543698646,0.9261664662393434,0.055681503298579176,0.6586608015640274,Moderate,0.6586608015640274,Moderate,2020-10,GAM: cyclic Jday + SST anomaly + J-EGG500 IDW depth,historical_oisst_monthly_mean,NOAA OISST historical,Monthly mean of fixed-reference relative percentiles; not an absolute probability.
2020,10,17,33.428671,134.243505,50.7,45,50.7,A,佐喜浜,佐喜浜 / NetID 17,2020-10-15,2020-10-15,290,25.999031903225806,25.07286543698646,0.9261664662393434,0.03973290622808153,0.6089345063538611,Moderate,0.6089345063538611,Moderate,2020-10,GAM: cyclic Jday + SST anomaly + J-EGG500 IDW depth,historical_oisst_monthly_mean,NOAA OISST historical,Monthly mean of fixed-reference relative percentiles; not an absolute probability.
2020,10,19,33.456354,134.256776,49.8,40,49.8,A,東洋,東洋 / NetID 19,2020-10-15,2020-10-15,290,25.849354612903227,25.07286543698646,0.7764891759167626,0.0378767612005955,0.6021212121212122,Moderate,0.6021212121212122,Moderate,2020-10,GAM: cyclic Jday + SST anomaly + J-EGG500 IDW depth,historical_oisst_monthly_mean,NOAA OISST historical,Monthly mean of fixed-reference relative percentiles; not an absolute probability.
2020,10,18,33.455525,134.256103,49.3,44,49.3,A,野根,野根 / NetID 18,2020-10-15,2020-10-15,290,25.849354612903227,25.07286543698646,0.7764891759167626,0.03671631778703886,0.59683284457478,Moderate,0.59683284457478,Moderate,2020-10,GAM: cyclic Jday + SST anomaly + J-EGG500 IDW depth,historical_oisst_monthly_mean,NOAA OISST historical,Monthly mean of fixed-reference relative percentiles; not an absolute probability.
2020,10,14,33.311308,134.201197,35.8,30,35.8,A,椎名,椎名 / NetID 14,2020-10-15,2020-10-15,290,25.999031903225806,25.07286543698646,0.9261664662393434,0.03441381675104091,0.5847996089931574,Moderate,0.5847996089931574,Moderate,2020-10,GAM: cyclic Jday + SST anomaly + J-EGG500 IDW depth,historical_oisst_monthly_mean,NOAA OISST historical,Monthly mean of fixed-reference relative percentiles; not an absolute probability.
2020,10,11,32.77052,133.019357,47.4,28,47.4,B,窪津,窪津 / NetID 11,2020-10-15,2020-10-15,290,26.236773838709677,25.07286543698646,1.1639084017232137,0.030000028531146892,0.5576539589442815,Moderate,0.5576539589442815,Moderate,2020-10,GAM: cyclic Jday + SST anomaly + J-EGG500 IDW depth,historical_oisst_monthly_mean,NOAA OISST historical,Monthly mean of fixed-reference relative percentiles; not an absolute probability.
2020,10,3,32.812774,132.642032,54.7,44,54.7,A,橘浦,橘浦 / NetID 3,2020-10-15,2020-10-15,290,25.3870964516129,25.07286543698646,0.3142310146264401,0.028034264703051974,0.546041055718475,Moderate,0.546041055718475,Moderate,2020-10,GAM: cyclic Jday + SST anomaly + J-EGG500 IDW depth,historical_oisst_monthly_mean,NOAA OISST historical,Monthly mean of fixed-reference relative percentiles; not an absolute probability.
2020,10,15,33.269809,134.202371,56.9,47,56.9,A,高岡,高岡 / NetID 15,2020-10-15,2020-10-15,290,25.999031903225806,25.07286543698646,0.9261664662393434,0.026206103516461802,0.5360019550342131,Moderate,0.5360019550342131,Moderate,2020-10,GAM: cyclic Jday + SST anomaly + J-EGG500 IDW depth,historical_oisst_monthly_mean,NOAA OISST historical,Monthly mean of fixed-reference relative percentiles; not an absolute probability.
2020,10,20,33.593837,134.379416,36.1,33,36.1,A,鞆浦,鞆浦 / NetID 20,2020-10-15,2020-10-15,290,25.486773967741936,25.07286543698646,0.41390853075547246,0.025933084513711912,0.5352590420332356,Moderate,0.5352590420332356,Moderate,2020-10,GAM: cyclic Jday + SST anomaly + J-EGG500 IDW depth,historical_oisst_monthly_mean,NOAA OISST historical,Monthly mean of fixed-reference relative percentiles; not an absolute probability.
2020,10,2,32.802579,132.633563,56,41,56,C,安満地,安満地 / NetID 2,2020-10-15,2020-10-15,290,25.3870964516129,25.07286543698646,0.3142310146264401,0.025287782821719656,0.528514173998045,Moderate,0.528514173998045,Moderate,2020-10,GAM: cyclic Jday + SST anomaly + J-EGG500 IDW depth,historical_oisst_monthly_mean,NOAA OISST historical,Monthly mean of fixed-reference relative percentiles; not an absolute probability.
2020,10,10,33.35765,133.337593,6.1,19,6.1,A,双子,双子 / NetID 10,2020-10-15,2020-10-15,290,26.03225783870968,25.07286543698646,0.9593924017232145,0.01756731042405547,0.46772238514173997,Low,0.46772238514173997,Low,2020-10,GAM: cyclic Jday + SST anomaly + J-EGG500 IDW depth,historical_oisst_monthly_mean,NOAA OISST historical,Monthly mean of fixed-reference relative percentiles; not an absolute probability.
2020,10,12,33.400017,134.011099,23.7,26,23.7,A,奈半利,奈半利 / NetID 12,2020-10-15,2020-10-15,290,25.999031903225806,25.07286543698646,0.9261664662393434,0.009744039426552277,0.3741446725317693,Low,0.3741446725317693,Low,2020-10,GAM: cyclic Jday + SST anomaly + J-EGG500 IDW depth,historical_oisst_monthly_mean,NOAA OISST historical,Monthly mean of fixed-reference relative percentiles; not an absolute probability.
2020,10,8,32.734923,133.029438,42.8,49,42.8,A,伊佐,伊佐 / NetID 8,2020-10-15,2020-10-15,290,26.170967322580644,25.07286543698646,1.098101885594182,0.007274501805650275,0.3340078201368524,Low,0.3340078201368524,Low,2020-10,GAM: cyclic Jday + SST anomaly + J-EGG500 IDW depth,historical_oisst_monthly_mean,NOAA OISST historical,Monthly mean of fixed-reference relative percentiles; not an absolute probability.
2020,10,9,33.159542,133.224963,42,34,42,A,窪川,窪川 / NetID 9,2020-10-15,2020-10-15,290,26.15064470967742,25.07286543698646,1.077779272690956,0.00594863332919674,0.3064613880742913,Low,0.3064613880742913,Low,2020-10,GAM: cyclic Jday + SST anomaly + J-EGG500 IDW depth,historical_oisst_monthly_mean,NOAA OISST historical,Monthly mean of fixed-reference relative percentiles; not an absolute probability.
2020,10,1,32.793914,132.628975,40,30,40,A,一切,一切 / NetID 1,2020-10-15,2020-10-15,290,25.3870964516129,25.07286543698646,0.3142310146264401,0.004650063339041251,0.2710948191593353,Low,0.2710948191593353,Low,2020-10,GAM: cyclic Jday + SST anomaly + J-EGG500 IDW depth,historical_oisst_monthly_mean,NOAA OISST historical,Monthly mean of fixed-reference relative percentiles; not an absolute probability.
2020,10,4,32.784353,132.703013,40.3,45,40.3,B,古満目,古満目 / NetID 4,2020-10-15,2020-10-15,290,25.3870964516129,25.07286543698646,0.3142310146264401,0.004505242895869161,0.2661290322580645,Low,0.2661290322580645,Low,2020-10,GAM: cyclic Jday + SST anomaly + J-EGG500 IDW depth,historical_oisst_monthly_mean,NOAA OISST historical,Monthly mean of fixed-reference relative percentiles; not an absolute probability.
2020,10,13,33.360612,134.043999,17.1,23,17.1,A,羽根,羽根 / NetID 13,2020-10-15,2020-10-15,290,25.999031903225806,25.07286543698646,0.9261664662393434,0.0030931671218731387,0.2052297165200391,Low,0.2052297165200391,Low,2020-10,GAM: cyclic Jday + SST anomaly + J-EGG500 IDW depth,historical_oisst_monthly_mean,NOAA OISST historical,Monthly mean of fixed-reference relative percentiles; not an absolute probability.
2020,11,16,33.302961,134.204049,83.4,60,83.4,A,三津,三津 / NetID 16,2020-11-15,2020-11-15,320,24.186999766666666,22.83604052343057,1.350959243236096,0.03972958390838219,0.6104949494949495,Moderate,0.6104949494949495,Moderate,2020-11,GAM: cyclic Jday + SST anomaly + J-EGG500 IDW depth,historical_oisst_monthly_mean,NOAA OISST historical,Monthly mean of fixed-reference relative percentiles; not an absolute probability.
2020,11,17,33.428671,134.243505,50.7,45,50.7,A,佐喜浜,佐喜浜 / NetID 17,2020-11-15,2020-11-15,320,24.186999766666666,22.83604052343057,1.350959243236096,0.028206394196356555,0.5501313131313131,Moderate,0.5501313131313131,Moderate,2020-11,GAM: cyclic Jday + SST anomaly + J-EGG500 IDW depth,historical_oisst_monthly_mean,NOAA OISST historical,Monthly mean of fixed-reference relative percentiles; not an absolute probability.
2020,11,19,33.456354,134.256776,49.8,40,49.8,A,東洋,東洋 / NetID 19,2020-11-15,2020-11-15,320,24.242333066666667,22.83604052343057,1.4062925432360962,0.02801433335836953,0.5488282828282829,Moderate,0.5488282828282829,Moderate,2020-11,GAM: cyclic Jday + SST anomaly + J-EGG500 IDW depth,historical_oisst_monthly_mean,NOAA OISST historical,Monthly mean of fixed-reference relative percentiles; not an absolute probability.
2020,11,18,33.455525,134.256103,49.3,44,49.3,A,野根,野根 / NetID 18,2020-11-15,2020-11-15,320,24.242333066666667,22.83604052343057,1.4062925432360962,0.02714739971041552,0.5431111111111111,Moderate,0.5431111111111111,Moderate,2020-11,GAM: cyclic Jday + SST anomaly + J-EGG500 IDW depth,historical_oisst_monthly_mean,NOAA OISST historical,Monthly mean of fixed-reference relative percentiles; not an absolute probability.
2020,11,14,33.311308,134.201197,35.8,30,35.8,A,椎名,椎名 / NetID 14,2020-11-15,2020-11-15,320,24.186999766666666,22.83604052343057,1.350959243236096,0.0243891096560662,0.523979797979798,Moderate,0.523979797979798,Moderate,2020-11,GAM: cyclic Jday + SST anomaly + J-EGG500 IDW depth,historical_oisst_monthly_mean,NOAA OISST historical,Monthly mean of fixed-reference relative percentiles; not an absolute probability.
2020,11,20,33.593837,134.379416,36.1,33,36.1,A,鞆浦,鞆浦 / NetID 20,2020-11-15,2020-11-15,320,24.115666433333335,22.83604052343057,1.2796259099027627,0.020024343243888656,0.49094949494949497,Low,0.49094949494949497,Low,2020-11,GAM: cyclic Jday + SST anomaly + J-EGG500 IDW depth,historical_oisst_monthly_mean,NOAA OISST historical,Monthly mean of fixed-reference relative percentiles; not an absolute probability.
2020,11,3,32.812774,132.642032,54.7,44,54.7,A,橘浦,橘浦 / NetID 3,2020-11-15,2020-11-15,320,23.645999933333332,22.83604052343057,0.8099594099027629,0.019793965275906256,0.49026262626262623,Low,0.49026262626262623,Low,2020-11,GAM: cyclic Jday + SST anomaly + J-EGG500 IDW depth,historical_oisst_monthly_mean,NOAA OISST historical,Monthly mean of fixed-reference relative percentiles; not an absolute probability.
2020,11,11,32.77052,133.019357,47.4,28,47.4,B,窪津,窪津 / NetID 11,2020-11-15,2020-11-15,320,24.0659999,22.83604052343057,1.2299593765694294,0.019709124656561307,0.4889191919191919,Low,0.4889191919191919,Low,2020-11,GAM: cyclic Jday + SST anomaly + J-EGG500 IDW depth,historical_oisst_monthly_mean,NOAA OISST historical,Monthly mean of fixed-reference relative percentiles; not an absolute probability.
2020,11,15,33.269809,134.202371,56.9,47,56.9,A,高岡,高岡 / NetID 15,2020-11-15,2020-11-15,320,24.186999766666666,22.83604052343057,1.350959243236096,0.018523977351309784,0.4788989898989899,Low,0.4788989898989899,Low,2020-11,GAM: cyclic Jday + SST anomaly + J-EGG500 IDW depth,historical_oisst_monthly_mean,NOAA OISST historical,Monthly mean of fixed-reference relative percentiles; not an absolute probability.
2020,11,2,32.802579,132.633563,56,41,56,C,安満地,安満地 / NetID 2,2020-11-15,2020-11-15,320,23.645999933333332,22.83604052343057,0.8099594099027629,0.017837693467426266,0.47329292929292927,Low,0.47329292929292927,Low,2020-11,GAM: cyclic Jday + SST anomaly + J-EGG500 IDW depth,historical_oisst_monthly_mean,NOAA OISST historical,Monthly mean of fixed-reference relative percentiles; not an absolute probability.
2020,11,10,33.35765,133.337593,6.1,19,6.1,A,双子,双子 / NetID 10,2020-11-15,2020-11-15,320,23.725666333333333,22.83604052343057,0.8896258099027625,0.01129200541186654,0.3966262626262626,Low,0.3966262626262626,Low,2020-11,GAM: cyclic Jday + SST anomaly + J-EGG500 IDW depth,historical_oisst_monthly_mean,NOAA OISST historical,Monthly mean of fixed-reference relative percentiles; not an absolute probability.
2020,11,12,33.400017,134.011099,23.7,26,23.7,A,奈半利,奈半利 / NetID 12,2020-11-15,2020-11-15,320,24.186999766666666,22.83604052343057,1.350959243236096,0.006851840234150906,0.32805050505050504,Low,0.32805050505050504,Low,2020-11,GAM: cyclic Jday + SST anomaly + J-EGG500 IDW depth,historical_oisst_monthly_mean,NOAA OISST historical,Monthly mean of fixed-reference relative percentiles; not an absolute probability.
2020,11,8,32.734923,133.029438,42.8,49,42.8,A,伊佐,伊佐 / NetID 8,2020-11-15,2020-11-15,320,24.294333033333334,22.83604052343057,1.4582925099027626,0.004987263059189103,0.2871212121212121,Low,0.2871212121212121,Low,2020-11,GAM: cyclic Jday + SST anomaly + J-EGG500 IDW depth,historical_oisst_monthly_mean,NOAA OISST historical,Monthly mean of fixed-reference relative percentiles; not an absolute probability.
2020,11,9,33.159542,133.224963,42,34,42,A,窪川,窪川 / NetID 9,2020-11-15,2020-11-15,320,23.830999633333334,22.83604052343057,0.9949591099027625,0.0037768959464840497,0.2415959595959596,Low,0.2415959595959596,Low,2020-11,GAM: cyclic Jday + SST anomaly + J-EGG500 IDW depth,historical_oisst_monthly_mean,NOAA OISST historical,Monthly mean of fixed-reference relative percentiles; not an absolute probability.
2020,11,1,32.793914,132.628975,40,30,40,A,一切,一切 / NetID 1,2020-11-15,2020-11-15,320,23.645999933333332,22.83604052343057,0.8099594099027629,0.003256604606491974,0.21707070707070708,Low,0.21707070707070708,Low,2020-11,GAM: cyclic Jday + SST anomaly + J-EGG500 IDW depth,historical_oisst_monthly_mean,NOAA OISST historical,Monthly mean of fixed-reference relative percentiles; not an absolute probability.
2020,11,4,32.784353,132.703013,40.3,45,40.3,B,古満目,古満目 / NetID 4,2020-11-15,2020-11-15,320,23.645999933333332,22.83604052343057,0.8099594099027629,0.0031550226388885995,0.21036363636363636,Low,0.21036363636363636,Low,2020-11,GAM: cyclic Jday + SST anomaly + J-EGG500 IDW depth,historical_oisst_monthly_mean,NOAA OISST historical,Monthly mean of fixed-reference relative percentiles; not an absolute probability.
2020,11,13,33.360612,134.043999,17.1,23,17.1,A,羽根,羽根 / NetID 13,2020-11-15,2020-11-15,320,24.186999766666666,22.83604052343057,1.350959243236096,0.0021704966365292573,0.14909090909090908,Low,0.14909090909090908,Low,2020-11,GAM: cyclic Jday + SST anomaly + J-EGG500 IDW depth,historical_oisst_monthly_mean,NOAA OISST historical,Monthly mean of fixed-reference relative percentiles; not an absolute probability.
2020,12,16,33.302961,134.204049,83.4,60,83.4,A,三津,三津 / NetID 16,2020-12-15,2020-12-15,340,22.3249999,21.307528965132576,1.0174709348674227,0.02628497781041808,0.5377878787878788,Moderate,0.5377878787878788,Moderate,2020-12,GAM: cyclic Jday + SST anomaly + J-EGG500 IDW depth,historical_oisst_monthly_mean,NOAA OISST historical,Monthly mean of fixed-reference relative percentiles; not an absolute probability.
2020,12,19,33.456354,134.256776,49.8,40,49.8,A,東洋,東洋 / NetID 19,2020-12-15,2020-12-15,340,22.4389997,21.307528965132576,1.131470734867423,0.018652097345750105,0.48,Low,0.48,Low,2020-12,GAM: cyclic Jday + SST anomaly + J-EGG500 IDW depth,historical_oisst_monthly_mean,NOAA OISST historical,Monthly mean of fixed-reference relative percentiles; not an absolute probability.
2020,12,17,33.428671,134.243505,50.7,45,50.7,A,佐喜浜,佐喜浜 / NetID 17,2020-12-15,2020-12-15,340,22.3249999,21.307528965132576,1.0174709348674227,0.01858505560477634,0.4794242424242424,Low,0.4794242424242424,Low,2020-12,GAM: cyclic Jday + SST anomaly + J-EGG500 IDW depth,historical_oisst_monthly_mean,NOAA OISST historical,Monthly mean of fixed-reference relative percentiles; not an absolute probability.
2020,12,18,33.455525,134.256103,49.3,44,49.3,A,野根,野根 / NetID 18,2020-12-15,2020-12-15,340,22.4389997,21.307528965132576,1.131470734867423,0.018069440188496273,0.4746060606060606,Low,0.4746060606060606,Low,2020-12,GAM: cyclic Jday + SST anomaly + J-EGG500 IDW depth,historical_oisst_monthly_mean,NOAA OISST historical,Monthly mean of fixed-reference relative percentiles; not an absolute probability.
2020,12,14,33.311308,134.201197,35.8,30,35.8,A,椎名,椎名 / NetID 14,2020-12-15,2020-12-15,340,22.3249999,21.307528965132576,1.0174709348674227,0.01604814677767796,0.45481818181818184,Low,0.45481818181818184,Low,2020-12,GAM: cyclic Jday + SST anomaly + J-EGG500 IDW depth,historical_oisst_monthly_mean,NOAA OISST historical,Monthly mean of fixed-reference relative percentiles; not an absolute probability.
2020,12,3,32.812774,132.642032,54.7,44,54.7,A,橘浦,橘浦 / NetID 3,2020-12-15,2020-12-15,340,22.0359995,21.307528965132576,0.728470534867423,0.013690425858757524,0.4280909090909091,Low,0.4280909090909091,Low,2020-12,GAM: cyclic Jday + SST anomaly + J-EGG500 IDW depth,historical_oisst_monthly_mean,NOAA OISST historical,Monthly mean of fixed-reference relative percentiles; not an absolute probability.
2020,12,11,32.77052,133.019357,47.4,28,47.4,B,窪津,窪津 / NetID 11,2020-12-15,2020-12-15,340,22.4339997,21.307528965132576,1.1264707348674228,0.013472719637528857,0.4260909090909091,Low,0.4260909090909091,Low,2020-12,GAM: cyclic Jday + SST anomaly + J-EGG500 IDW depth,historical_oisst_monthly_mean,NOAA OISST historical,Monthly mean of fixed-reference relative percentiles; not an absolute probability.
2020,12,20,33.593837,134.379416,36.1,33,36.1,A,鞆浦,鞆浦 / NetID 20,2020-12-15,2020-12-15,340,22.1879995,21.307528965132576,0.8804705348674225,0.0130380913038019,0.4202121212121212,Low,0.4202121212121212,Low,2020-12,GAM: cyclic Jday + SST anomaly + J-EGG500 IDW depth,historical_oisst_monthly_mean,NOAA OISST historical,Monthly mean of fixed-reference relative percentiles; not an absolute probability.
2020,12,2,32.802579,132.633563,56,41,56,C,安満地,安満地 / NetID 2,2020-12-15,2020-12-15,340,22.0359995,21.307528965132576,0.728470534867423,0.012329984054285965,0.4107272727272727,Low,0.4107272727272727,Low,2020-12,GAM: cyclic Jday + SST anomaly + J-EGG500 IDW depth,historical_oisst_monthly_mean,NOAA OISST historical,Monthly mean of fixed-reference relative percentiles; not an absolute probability.
2020,12,15,33.269809,134.202371,56.9,47,56.9,A,高岡,高岡 / NetID 15,2020-12-15,2020-12-15,340,22.3249999,21.307528965132576,1.0174709348674227,0.012163599160243153,0.4094242424242424,Low,0.4094242424242424,Low,2020-12,GAM: cyclic Jday + SST anomaly + J-EGG500 IDW depth,historical_oisst_monthly_mean,NOAA OISST historical,Monthly mean of fixed-reference relative percentiles; not an absolute probability.
2020,12,10,33.35765,133.337593,6.1,19,6.1,A,双子,双子 / NetID 10,2020-12-15,2020-12-15,340,21.9529997,21.307528965132576,0.645470734867423,0.007479369478427376,0.3397878787878788,Low,0.3397878787878788,Low,2020-12,GAM: cyclic Jday + SST anomaly + J-EGG500 IDW depth,historical_oisst_monthly_mean,NOAA OISST historical,Monthly mean of fixed-reference relative percentiles; not an absolute probability.
2020,12,12,33.400017,134.011099,23.7,26,23.7,A,奈半利,奈半利 / NetID 12,2020-12-15,2020-12-15,340,22.3249999,21.307528965132576,1.0174709348674227,0.00448070903923593,0.26996969696969697,Low,0.26996969696969697,Low,2020-12,GAM: cyclic Jday + SST anomaly + J-EGG500 IDW depth,historical_oisst_monthly_mean,NOAA OISST historical,Monthly mean of fixed-reference relative percentiles; not an absolute probability.
2020,12,8,32.734923,133.029438,42.8,49,42.8,A,伊佐,伊佐 / NetID 8,2020-12-15,2020-12-15,340,22.7509997,21.307528965132576,1.4434707348674227,0.0034617843267996874,0.22675757575757577,Low,0.22675757575757577,Low,2020-12,GAM: cyclic Jday + SST anomaly + J-EGG500 IDW depth,historical_oisst_monthly_mean,NOAA OISST historical,Monthly mean of fixed-reference relative percentiles; not an absolute probability.
2020,12,9,33.159542,133.224963,42,34,42,A,窪川,窪川 / NetID 9,2020-12-15,2020-12-15,340,22.1339996,21.307528965132576,0.8264706348674231,0.002530605184008503,0.1713030303030303,Low,0.1713030303030303,Low,2020-12,GAM: cyclic Jday + SST anomaly + J-EGG500 IDW depth,historical_oisst_monthly_mean,NOAA OISST historical,Monthly mean of fixed-reference relative percentiles; not an absolute probability.
2020,12,1,32.793914,132.628975,40,30,40,A,一切,一切 / NetID 1,2020-12-15,2020-12-15,340,22.0359995,21.307528965132576,0.728470534867423,0.0022410607782519833,0.15309090909090908,Low,0.15309090909090908,Low,2020-12,GAM: cyclic Jday + SST anomaly + J-EGG500 IDW depth,historical_oisst_monthly_mean,NOAA OISST historical,Monthly mean of fixed-reference relative percentiles; not an absolute probability.
2020,12,4,32.784353,132.703013,40.3,45,40.3,B,古満目,古満目 / NetID 4,2020-12-15,2020-12-15,340,22.0359995,21.307528965132576,0.728470534867423,0.0021710890243536378,0.14866666666666667,Low,0.14866666666666667,Low,2020-12,GAM: cyclic Jday + SST anomaly + J-EGG500 IDW depth,historical_oisst_monthly_mean,NOAA OISST historical,Monthly mean of fixed-reference relative percentiles; not an absolute probability.
2020,12,13,33.360612,134.043999,17.1,23,17.1,A,羽根,羽根 / NetID 13,2020-12-15,2020-12-15,340,22.3249999,21.307528965132576,1.0174709348674227,0.0014170435616945223,0.10463636363636364,Low,0.10463636363636364,Low,2020-12,GAM: cyclic Jday + SST anomaly + J-EGG500 IDW depth,historical_oisst_monthly_mean,NOAA OISST historical,Monthly mean of fixed-reference relative percentiles; not an absolute probability.
2021,5,16,33.302961,134.204049,83.4,60,83.4,A,三津,三津 / NetID 16,2021-05-15,2021-05-15,150,21.015,21.84003791664586,-0.8250379166458579,0.4063857563176556,0.9431818181818181,Very high,0.9431818181818181,Very high,2021-05,GAM: cyclic Jday + SST anomaly + J-EGG500 IDW depth,historical_oisst_monthly_mean,NOAA OISST historical,Monthly mean of fixed-reference relative percentiles; not an absolute probability.
2021,5,17,33.428671,134.243505,50.7,45,50.7,A,佐喜浜,佐喜浜 / NetID 17,2021-05-15,2021-05-15,150,21.015,21.84003791664586,-0.8250379166458579,0.324416464978091,0.9022727272727273,Very high,0.9022727272727273,Very high,2021-05,GAM: cyclic Jday + SST anomaly + J-EGG500 IDW depth,historical_oisst_monthly_mean,NOAA OISST historical,Monthly mean of fixed-reference relative percentiles; not an absolute probability.
2021,5,19,33.456354,134.256776,49.8,40,49.8,A,東洋,東洋 / NetID 19,2021-05-15,2021-05-15,150,20.814999999999998,21.84003791664586,-1.025037916645859,0.3126667425589029,0.8953030303030303,High,0.8953030303030303,High,2021-05,GAM: cyclic Jday + SST anomaly + J-EGG500 IDW depth,historical_oisst_monthly_mean,NOAA OISST historical,Monthly mean of fixed-reference relative percentiles; not an absolute probability.
2021,5,3,32.812774,132.642032,54.7,44,54.7,A,橘浦,橘浦 / NetID 3,2021-05-15,2021-05-15,150,22.05,21.84003791664586,0.20996208335414224,0.30826732902206533,0.8936363636363637,High,0.8936363636363637,High,2021-05,GAM: cyclic Jday + SST anomaly + J-EGG500 IDW depth,historical_oisst_monthly_mean,NOAA OISST historical,Monthly mean of fixed-reference relative percentiles; not an absolute probability.
2021,5,18,33.455525,134.256103,49.3,44,49.3,A,野根,野根 / NetID 18,2021-05-15,2021-05-15,150,20.814999999999998,21.84003791664586,-1.025037916645859,0.30575925777518315,0.8922727272727273,High,0.8922727272727273,High,2021-05,GAM: cyclic Jday + SST anomaly + J-EGG500 IDW depth,historical_oisst_monthly_mean,NOAA OISST historical,Monthly mean of fixed-reference relative percentiles; not an absolute probability.
2021,5,14,33.311308,134.201197,35.8,30,35.8,A,椎名,椎名 / NetID 14,2021-05-15,2021-05-15,150,21.015,21.84003791664586,-0.8250379166458579,0.29257111439081873,0.8866666666666667,High,0.8866666666666667,High,2021-05,GAM: cyclic Jday + SST anomaly + J-EGG500 IDW depth,historical_oisst_monthly_mean,NOAA OISST historical,Monthly mean of fixed-reference relative percentiles; not an absolute probability.
2021,5,11,32.77052,133.019357,47.4,28,47.4,B,窪津,窪津 / NetID 11,2021-05-15,2021-05-15,150,21.93,21.84003791664586,0.08996208335414124,0.28625006602396436,0.8837878787878788,High,0.8837878787878788,High,2021-05,GAM: cyclic Jday + SST anomaly + J-EGG500 IDW depth,historical_oisst_monthly_mean,NOAA OISST historical,Monthly mean of fixed-reference relative percentiles; not an absolute probability.
2021,5,2,32.802579,132.633563,56,41,56,C,安満地,安満地 / NetID 2,2021-05-15,2021-05-15,150,22.05,21.84003791664586,0.20996208335414224,0.2861202154660886,0.8836363636363637,High,0.8836363636363637,High,2021-05,GAM: cyclic Jday + SST anomaly + J-EGG500 IDW depth,historical_oisst_monthly_mean,NOAA OISST historical,Monthly mean of fixed-reference relative percentiles; not an absolute probability.
2021,5,20,33.593837,134.379416,36.1,33,36.1,A,鞆浦,鞆浦 / NetID 20,2021-05-15,2021-05-15,150,21.155,21.84003791664586,-0.6850379166458591,0.25955906936500917,0.8715151515151515,High,0.8715151515151515,High,2021-05,GAM: cyclic Jday + SST anomaly + J-EGG500 IDW depth,historical_oisst_monthly_mean,NOAA OISST historical,Monthly mean of fixed-reference relative percentiles; not an absolute probability.
2021,5,15,33.269809,134.202371,56.9,47,56.9,A,高岡,高岡 / NetID 15,2021-05-15,2021-05-15,150,21.015,21.84003791664586,-0.8250379166458579,0.23792893054081185,0.861969696969697,High,0.861969696969697,High,2021-05,GAM: cyclic Jday + SST anomaly + J-EGG500 IDW depth,historical_oisst_monthly_mean,NOAA OISST historical,Monthly mean of fixed-reference relative percentiles; not an absolute probability.
2021,5,10,33.35765,133.337593,6.1,19,6.1,A,双子,双子 / NetID 10,2021-05-15,2021-05-15,150,20.739998999999997,21.84003791664586,-1.1000389166458593,0.1631334615342933,0.8125757575757575,High,0.8125757575757575,High,2021-05,GAM: cyclic Jday + SST anomaly + J-EGG500 IDW depth,historical_oisst_monthly_mean,NOAA OISST historical,Monthly mean of fixed-reference relative percentiles; not an absolute probability.
2021,5,8,32.734923,133.029438,42.8,49,42.8,A,伊佐,伊佐 / NetID 8,2021-05-15,2021-05-15,150,23.085,21.84003791664586,1.2449620833541406,0.10593262091940027,0.7492424242424243,Moderate,0.7492424242424243,Moderate,2021-05,GAM: cyclic Jday + SST anomaly + J-EGG500 IDW depth,historical_oisst_monthly_mean,NOAA OISST historical,Monthly mean of fixed-reference relative percentiles; not an absolute probability.
2021,5,12,33.400017,134.011099,23.7,26,23.7,A,奈半利,奈半利 / NetID 12,2021-05-15,2021-05-15,150,21.015,21.84003791664586,-0.8250379166458579,0.1024232137041741,0.745,Moderate,0.745,Moderate,2021-05,GAM: cyclic Jday + SST anomaly + J-EGG500 IDW depth,historical_oisst_monthly_mean,NOAA OISST historical,Monthly mean of fixed-reference relative percentiles; not an absolute probability.
2021,5,1,32.793914,132.628975,40,30,40,A,一切,一切 / NetID 1,2021-05-15,2021-05-15,150,22.05,21.84003791664586,0.20996208335414224,0.06724712671845495,0.6854545454545455,Moderate,0.6854545454545455,Moderate,2021-05,GAM: cyclic Jday + SST anomaly + J-EGG500 IDW depth,historical_oisst_monthly_mean,NOAA OISST historical,Monthly mean of fixed-reference relative percentiles; not an absolute probability.
2021,5,4,32.784353,132.703013,40.3,45,40.3,B,古満目,古満目 / NetID 4,2021-05-15,2021-05-15,150,22.05,21.84003791664586,0.20996208335414224,0.06528019976043428,0.6815151515151515,Moderate,0.6815151515151515,Moderate,2021-05,GAM: cyclic Jday + SST anomaly + J-EGG500 IDW depth,historical_oisst_monthly_mean,NOAA OISST historical,Monthly mean of fixed-reference relative percentiles; not an absolute probability.
2021,5,9,33.159542,133.224963,42,34,42,A,窪川,窪川 / NetID 9,2021-05-15,2021-05-15,150,21.24,21.84003791664586,-0.60003791664586,0.06498397775592563,0.6809090909090909,Moderate,0.6809090909090909,Moderate,2021-05,GAM: cyclic Jday + SST anomaly + J-EGG500 IDW depth,historical_oisst_monthly_mean,NOAA OISST historical,Monthly mean of fixed-reference relative percentiles; not an absolute probability.
2021,5,13,33.360612,134.043999,17.1,23,17.1,A,羽根,羽根 / NetID 13,2021-05-15,2021-05-15,150,21.015,21.84003791664586,-0.8250379166458579,0.0347265282849253,0.5895454545454546,Moderate,0.5895454545454546,Moderate,2021-05,GAM: cyclic Jday + SST anomaly + J-EGG500 IDW depth,historical_oisst_monthly_mean,NOAA OISST historical,Monthly mean of fixed-reference relative percentiles; not an absolute probability.
2021,6,16,33.302961,134.204049,83.4,60,83.4,A,三津,三津 / NetID 16,2021-06-15,2021-06-15,154,21.21,22.462950856535585,-1.252950856535585,0.4209522160215604,0.9487878787878788,Very high,0.9487878787878788,Very high,2021-06,GAM: cyclic Jday + SST anomaly + J-EGG500 IDW depth,historical_oisst_monthly_mean,NOAA OISST historical,Monthly mean of fixed-reference relative percentiles; not an absolute probability.
2021,6,17,33.428671,134.243505,50.7,45,50.7,A,佐喜浜,佐喜浜 / NetID 17,2021-06-15,2021-06-15,154,21.21,22.462950856535585,-1.252950856535585,0.3378595771718316,0.9098484848484849,Very high,0.9098484848484849,Very high,2021-06,GAM: cyclic Jday + SST anomaly + J-EGG500 IDW depth,historical_oisst_monthly_mean,NOAA OISST historical,Monthly mean of fixed-reference relative percentiles; not an absolute probability.
2021,6,19,33.456354,134.256776,49.8,40,49.8,A,東洋,東洋 / NetID 19,2021-06-15,2021-06-15,154,21.239999,22.462950856535585,-1.2229518565355848,0.3353211644267103,0.9086363636363637,Very high,0.9086363636363637,Very high,2021-06,GAM: cyclic Jday + SST anomaly + J-EGG500 IDW depth,historical_oisst_monthly_mean,NOAA OISST historical,Monthly mean of fixed-reference relative percentiles; not an absolute probability.
2021,6,18,33.455525,134.256103,49.3,44,49.3,A,野根,野根 / NetID 18,2021-06-15,2021-06-15,154,21.239999,22.462950856535585,-1.2229518565355848,0.32817444288109016,0.9048484848484848,Very high,0.9048484848484848,Very high,2021-06,GAM: cyclic Jday + SST anomaly + J-EGG500 IDW depth,historical_oisst_monthly_mean,NOAA OISST historical,Monthly mean of fixed-reference relative percentiles; not an absolute probability.
2021,6,3,32.812774,132.642032,54.7,44,54.7,A,橘浦,橘浦 / NetID 3,2021-06-15,2021-06-15,154,22.40999975,22.462950856535585,-0.05295110653558499,0.327906557821637,0.9037121212121212,Very high,0.9037121212121212,Very high,2021-06,GAM: cyclic Jday + SST anomaly + J-EGG500 IDW depth,historical_oisst_monthly_mean,NOAA OISST historical,Monthly mean of fixed-reference relative percentiles; not an absolute probability.
2021,6,11,32.77052,133.019357,47.4,28,47.4,B,窪津,窪津 / NetID 11,2021-06-15,2021-06-15,154,22.39749975,22.462950856535585,-0.06545110653558428,0.30931015052381416,0.8947727272727273,High,0.8947727272727273,High,2021-06,GAM: cyclic Jday + SST anomaly + J-EGG500 IDW depth,historical_oisst_monthly_mean,NOAA OISST historical,Monthly mean of fixed-reference relative percentiles; not an absolute probability.
2021,6,14,33.311308,134.201197,35.8,30,35.8,A,椎名,椎名 / NetID 14,2021-06-15,2021-06-15,154,21.21,22.462950856535585,-1.252950856535585,0.3053436526600229,0.8921212121212121,High,0.8921212121212121,High,2021-06,GAM: cyclic Jday + SST anomaly + J-EGG500 IDW depth,historical_oisst_monthly_mean,NOAA OISST historical,Monthly mean of fixed-reference relative percentiles; not an absolute probability.
2021,6,2,32.802579,132.633563,56,41,56,C,安満地,安満地 / NetID 2,2021-06-15,2021-06-15,154,22.40999975,22.462950856535585,-0.05295110653558499,0.30500682110800315,0.8918181818181818,High,0.8918181818181818,High,2021-06,GAM: cyclic Jday + SST anomaly + J-EGG500 IDW depth,historical_oisst_monthly_mean,NOAA OISST historical,Monthly mean of fixed-reference relative percentiles; not an absolute probability.
2021,6,20,33.593837,134.379416,36.1,33,36.1,A,鞆浦,鞆浦 / NetID 20,2021-06-15,2021-06-15,154,21.580000000000002,22.462950856535585,-0.8829508565355839,0.28021987577267726,0.8803787878787879,High,0.8803787878787879,High,2021-06,GAM: cyclic Jday + SST anomaly + J-EGG500 IDW depth,historical_oisst_monthly_mean,NOAA OISST historical,Monthly mean of fixed-reference relative percentiles; not an absolute probability.
2021,6,15,33.269809,134.202371,56.9,47,56.9,A,高岡,高岡 / NetID 15,2021-06-15,2021-06-15,154,21.21,22.462950856535585,-1.252950856535585,0.24923588970971833,0.8656818181818182,High,0.8656818181818182,High,2021-06,GAM: cyclic Jday + SST anomaly + J-EGG500 IDW depth,historical_oisst_monthly_mean,NOAA OISST historical,Monthly mean of fixed-reference relative percentiles; not an absolute probability.
2021,6,10,33.35765,133.337593,6.1,19,6.1,A,双子,双子 / NetID 10,2021-06-15,2021-06-15,154,21.13499975,22.462950856535585,-1.3279511065355853,0.17697497873493115,0.8212121212121212,High,0.8212121212121212,High,2021-06,GAM: cyclic Jday + SST anomaly + J-EGG500 IDW depth,historical_oisst_monthly_mean,NOAA OISST historical,Monthly mean of fixed-reference relative percentiles; not an absolute probability.
2021,6,8,32.734923,133.029438,42.8,49,42.8,A,伊佐,伊佐 / NetID 8,2021-06-15,2021-06-15,154,23.474999750000002,22.462950856535585,1.0120488934644163,0.11548588873165737,0.7611363636363636,High,0.7611363636363636,High,2021-06,GAM: cyclic Jday + SST anomaly + J-EGG500 IDW depth,historical_oisst_monthly_mean,NOAA OISST historical,Monthly mean of fixed-reference relative percentiles; not an absolute probability.
2021,6,12,33.400017,134.011099,23.7,26,23.7,A,奈半利,奈半利 / NetID 12,2021-06-15,2021-06-15,154,21.21,22.462950856535585,-1.252950856535585,0.1083068318437459,0.7512121212121212,High,0.7512121212121212,High,2021-06,GAM: cyclic Jday + SST anomaly + J-EGG500 IDW depth,historical_oisst_monthly_mean,NOAA OISST historical,Monthly mean of fixed-reference relative percentiles; not an absolute probability.
2021,6,1,32.793914,132.628975,40,30,40,A,一切,一切 / NetID 1,2021-06-15,2021-06-15,154,22.40999975,22.462950856535585,-0.05295110653558499,0.0732825330082046,0.6967424242424243,Moderate,0.6967424242424243,Moderate,2021-06,GAM: cyclic Jday + SST anomaly + J-EGG500 IDW depth,historical_oisst_monthly_mean,NOAA OISST historical,Monthly mean of fixed-reference relative percentiles; not an absolute probability.
2021,6,9,33.159542,133.224963,42,34,42,A,窪川,窪川 / NetID 9,2021-06-15,2021-06-15,154,21.70499975,22.462950856535585,-0.7579511065355851,0.07214142029116977,0.6951515151515152,Moderate,0.6951515151515152,Moderate,2021-06,GAM: cyclic Jday + SST anomaly + J-EGG500 IDW depth,historical_oisst_monthly_mean,NOAA OISST historical,Monthly mean of fixed-reference relative percentiles; not an absolute probability.
2021,6,4,32.784353,132.703013,40.3,45,40.3,B,古満目,古満目 / NetID 4,2021-06-15,2021-06-15,154,22.40999975,22.462950856535585,-0.05295110653558499,0.071153561562841,0.6928030303030304,Moderate,0.6928030303030304,Moderate,2021-06,GAM: cyclic Jday + SST anomaly + J-EGG500 IDW depth,historical_oisst_monthly_mean,NOAA OISST historical,Monthly mean of fixed-reference relative percentiles; not an absolute probability.
2021,6,13,33.360612,134.043999,17.1,23,17.1,A,羽根,羽根 / NetID 13,2021-06-15,2021-06-15,154,21.21,22.462950856535585,-1.252950856535585,0.03689986248393261,0.5981060606060606,Moderate,0.5981060606060606,Moderate,2021-06,GAM: cyclic Jday + SST anomaly + J-EGG500 IDW depth,historical_oisst_monthly_mean,NOAA OISST historical,Monthly mean of fixed-reference relative percentiles; not an absolute probability.
2022,6,16,33.302961,134.204049,83.4,60,83.4,A,三津,三津 / NetID 16,2022-06-15,2022-06-15,166,23.173333066666665,23.36632223983202,-0.19298917316535422,0.4905165969268997,0.9698585858585859,Very high,0.9698585858585859,Very high,2022-06,GAM: cyclic Jday + SST anomaly + J-EGG500 IDW depth,historical_oisst_monthly_mean,NOAA OISST historical,Monthly mean of fixed-reference relative percentiles; not an absolute probability.
2022,6,17,33.428671,134.243505,50.7,45,50.7,A,佐喜浜,佐喜浜 / NetID 17,2022-06-15,2022-06-15,166,23.173333066666665,23.36632223983202,-0.19298917316535422,0.4032543584703434,0.9417878787878788,Very high,0.9417878787878788,Very high,2022-06,GAM: cyclic Jday + SST anomaly + J-EGG500 IDW depth,historical_oisst_monthly_mean,NOAA OISST historical,Monthly mean of fixed-reference relative percentiles; not an absolute probability.
2022,6,19,33.456354,134.256776,49.8,40,49.8,A,東洋,東洋 / NetID 19,2022-06-15,2022-06-15,166,23.136999833333334,23.36632223983202,-0.22932240649868707,0.39737258712493684,0.9394141414141414,Very high,0.9394141414141414,Very high,2022-06,GAM: cyclic Jday + SST anomaly + J-EGG500 IDW depth,historical_oisst_monthly_mean,NOAA OISST historical,Monthly mean of fixed-reference relative percentiles; not an absolute probability.
2022,6,18,33.455525,134.256103,49.3,44,49.3,A,野根,野根 / NetID 18,2022-06-15,2022-06-15,166,23.136999833333334,23.36632223983202,-0.22932240649868707,0.3896679762003867,0.9358484848484848,Very high,0.9358484848484848,Very high,2022-06,GAM: cyclic Jday + SST anomaly + J-EGG500 IDW depth,historical_oisst_monthly_mean,NOAA OISST historical,Monthly mean of fixed-reference relative percentiles; not an absolute probability.
2022,6,14,33.311308,134.201197,35.8,30,35.8,A,椎名,椎名 / NetID 14,2022-06-15,2022-06-15,166,23.173333066666665,23.36632223983202,-0.19298917316535422,0.36794396905406146,0.9252727272727272,Very high,0.9252727272727272,Very high,2022-06,GAM: cyclic Jday + SST anomaly + J-EGG500 IDW depth,historical_oisst_monthly_mean,NOAA OISST historical,Monthly mean of fixed-reference relative percentiles; not an absolute probability.
2022,6,11,32.77052,133.019357,47.4,28,47.4,B,窪津,窪津 / NetID 11,2022-06-15,2022-06-15,166,23.582333,23.36632223983202,0.21601076016797904,0.3401219452509905,0.9103232323232323,Very high,0.9103232323232323,Very high,2022-06,GAM: cyclic Jday + SST anomaly + J-EGG500 IDW depth,historical_oisst_monthly_mean,NOAA OISST historical,Monthly mean of fixed-reference relative percentiles; not an absolute probability.
2022,6,3,32.812774,132.642032,54.7,44,54.7,A,橘浦,橘浦 / NetID 3,2022-06-15,2022-06-15,166,22.935999933333335,23.36632223983202,-0.43032230649868747,0.3328306370566653,0.9065353535353535,Very high,0.9065353535353535,Very high,2022-06,GAM: cyclic Jday + SST anomaly + J-EGG500 IDW depth,historical_oisst_monthly_mean,NOAA OISST historical,Monthly mean of fixed-reference relative percentiles; not an absolute probability.
2022,6,20,33.593837,134.379416,36.1,33,36.1,A,鞆浦,鞆浦 / NetID 20,2022-06-15,2022-06-15,166,22.848333066666665,23.36632223983202,-0.5179891731653541,0.31224048628035705,0.8956464646464647,High,0.8956464646464647,High,2022-06,GAM: cyclic Jday + SST anomaly + J-EGG500 IDW depth,historical_oisst_monthly_mean,NOAA OISST historical,Monthly mean of fixed-reference relative percentiles; not an absolute probability.
2022,6,2,32.802579,132.633563,56,41,56,C,安満地,安満地 / NetID 2,2022-06-15,2022-06-15,166,22.935999933333335,23.36632223983202,-0.43032230649868747,0.30977182752922133,0.8945151515151515,High,0.8945151515151515,High,2022-06,GAM: cyclic Jday + SST anomaly + J-EGG500 IDW depth,historical_oisst_monthly_mean,NOAA OISST historical,Monthly mean of fixed-reference relative percentiles; not an absolute probability.
2022,6,15,33.269809,134.202371,56.9,47,56.9,A,高岡,高岡 / NetID 15,2022-06-15,2022-06-15,166,23.173333066666665,23.36632223983202,-0.19298917316535422,0.3053960303503808,0.8924040404040404,High,0.8924040404040404,High,2022-06,GAM: cyclic Jday + SST anomaly + J-EGG500 IDW depth,historical_oisst_monthly_mean,NOAA OISST historical,Monthly mean of fixed-reference relative percentiles; not an absolute probability.
2022,6,10,33.35765,133.337593,6.1,19,6.1,A,双子,双子 / NetID 10,2022-06-15,2022-06-15,166,23.2839997,23.36632223983202,-0.08232253983202066,0.22762861264301695,0.8551919191919192,High,0.8551919191919192,High,2022-06,GAM: cyclic Jday + SST anomaly + J-EGG500 IDW depth,historical_oisst_monthly_mean,NOAA OISST historical,Monthly mean of fixed-reference relative percentiles; not an absolute probability.
2022,6,12,33.400017,134.011099,23.7,26,23.7,A,奈半利,奈半利 / NetID 12,2022-06-15,2022-06-15,166,23.173333066666665,23.36632223983202,-0.19298917316535422,0.13859026092566087,0.7854949494949495,High,0.7854949494949495,High,2022-06,GAM: cyclic Jday + SST anomaly + J-EGG500 IDW depth,historical_oisst_monthly_mean,NOAA OISST historical,Monthly mean of fixed-reference relative percentiles; not an absolute probability.
2022,6,8,32.734923,133.029438,42.8,49,42.8,A,伊佐,伊佐 / NetID 8,2022-06-15,2022-06-15,166,23.902999766666667,23.36632223983202,0.5366775268346458,0.11598194962241902,0.7612222222222222,High,0.7612222222222222,High,2022-06,GAM: cyclic Jday + SST anomaly + J-EGG500 IDW depth,historical_oisst_monthly_mean,NOAA OISST historical,Monthly mean of fixed-reference relative percentiles; not an absolute probability.
2022,6,9,33.159542,133.224963,42,34,42,A,窪川,窪川 / NetID 9,2022-06-15,2022-06-15,166,23.364999766666667,23.36632223983202,-0.0013224731653541729,0.08887154201342198,0.7235555555555555,Moderate,0.7235555555555555,Moderate,2022-06,GAM: cyclic Jday + SST anomaly + J-EGG500 IDW depth,historical_oisst_monthly_mean,NOAA OISST historical,Monthly mean of fixed-reference relative percentiles; not an absolute probability.
2022,6,1,32.793914,132.628975,40,30,40,A,一切,一切 / NetID 1,2022-06-15,2022-06-15,166,22.935999933333335,23.36632223983202,-0.43032230649868747,0.07490506552444676,0.6998383838383838,Moderate,0.6998383838383838,Moderate,2022-06,GAM: cyclic Jday + SST anomaly + J-EGG500 IDW depth,historical_oisst_monthly_mean,NOAA OISST historical,Monthly mean of fixed-reference relative percentiles; not an absolute probability.
2022,6,4,32.784353,132.703013,40.3,45,40.3,B,古満目,古満目 / NetID 4,2022-06-15,2022-06-15,166,22.935999933333335,23.36632223983202,-0.43032230649868747,0.0727334578609105,0.6955757575757576,Moderate,0.6955757575757576,Moderate,2022-06,GAM: cyclic Jday + SST anomaly + J-EGG500 IDW depth,historical_oisst_monthly_mean,NOAA OISST historical,Monthly mean of fixed-reference relative percentiles; not an absolute probability.
2022,6,13,33.360612,134.043999,17.1,23,17.1,A,羽根,羽根 / NetID 13,2022-06-15,2022-06-15,166,23.173333066666665,23.36632223983202,-0.19298917316535422,0.04830430204697342,0.6412121212121212,Moderate,0.6412121212121212,Moderate,2022-06,GAM: cyclic Jday + SST anomaly + J-EGG500 IDW depth,historical_oisst_monthly_mean,NOAA OISST historical,Monthly mean of fixed-reference relative percentiles; not an absolute probability.
2022,7,16,33.302961,134.204049,83.4,60,83.4,A,三津,三津 / NetID 16,2022-07-15,2022-07-15,197,26.68064483870968,26.26363836824131,0.4170064704683674,0.32126990994579546,0.9005376344086021,Very high,0.9005376344086021,Very high,2022-07,GAM: cyclic Jday + SST anomaly + J-EGG500 IDW depth,historical_oisst_monthly_mean,NOAA OISST historical,Monthly mean of fixed-reference relative percentiles; not an absolute probability.
2022,7,17,33.428671,134.243505,50.7,45,50.7,A,佐喜浜,佐喜浜 / NetID 17,2022-07-15,2022-07-15,197,26.68064483870968,26.26363836824131,0.4170064704683674,0.2506258944225226,0.8649657869012708,High,0.8649657869012708,High,2022-07,GAM: cyclic Jday + SST anomaly + J-EGG500 IDW depth,historical_oisst_monthly_mean,NOAA OISST historical,Monthly mean of fixed-reference relative percentiles; not an absolute probability.
2022,7,19,33.456354,134.256776,49.8,40,49.8,A,東洋,東洋 / NetID 19,2022-07-15,2022-07-15,197,26.495483548387096,26.26363836824131,0.23184518014578637,0.2411699409855212,0.8600488758553275,High,0.8600488758553275,High,2022-07,GAM: cyclic Jday + SST anomaly + J-EGG500 IDW depth,historical_oisst_monthly_mean,NOAA OISST historical,Monthly mean of fixed-reference relative percentiles; not an absolute probability.
2022,7,18,33.455525,134.256103,49.3,44,49.3,A,野根,野根 / NetID 18,2022-07-15,2022-07-15,197,26.495483548387096,26.26363836824131,0.23184518014578637,0.23540792122154375,0.8564222873900293,High,0.8564222873900293,High,2022-07,GAM: cyclic Jday + SST anomaly + J-EGG500 IDW depth,historical_oisst_monthly_mean,NOAA OISST historical,Monthly mean of fixed-reference relative percentiles; not an absolute probability.
2022,7,14,33.311308,134.201197,35.8,30,35.8,A,椎名,椎名 / NetID 14,2022-07-15,2022-07-15,197,26.68064483870968,26.26363836824131,0.4170064704683674,0.22410977817271094,0.8488660801564027,High,0.8488660801564027,High,2022-07,GAM: cyclic Jday + SST anomaly + J-EGG500 IDW depth,historical_oisst_monthly_mean,NOAA OISST historical,Monthly mean of fixed-reference relative percentiles; not an absolute probability.
2022,7,11,32.77052,133.019357,47.4,28,47.4,B,窪津,窪津 / NetID 11,2022-07-15,2022-07-15,197,26.630322225806452,26.26363836824131,0.3666838575651414,0.19002067262454128,0.8271358748778104,High,0.8271358748778104,High,2022-07,GAM: cyclic Jday + SST anomaly + J-EGG500 IDW depth,historical_oisst_monthly_mean,NOAA OISST historical,Monthly mean of fixed-reference relative percentiles; not an absolute probability.
2022,7,20,33.593837,134.379416,36.1,33,36.1,A,鞆浦,鞆浦 / NetID 20,2022-07-15,2022-07-15,197,26.23741906451613,26.26363836824131,-0.02621930372518145,0.1814735754880011,0.8190713587487781,High,0.8190713587487781,High,2022-07,GAM: cyclic Jday + SST anomaly + J-EGG500 IDW depth,historical_oisst_monthly_mean,NOAA OISST historical,Monthly mean of fixed-reference relative percentiles; not an absolute probability.
2022,7,3,32.812774,132.642032,54.7,44,54.7,A,橘浦,橘浦 / NetID 3,2022-07-15,2022-07-15,197,25.78516093548387,26.26363836824131,-0.4784774327574392,0.1806270273672283,0.818572825024438,High,0.818572825024438,High,2022-07,GAM: cyclic Jday + SST anomaly + J-EGG500 IDW depth,historical_oisst_monthly_mean,NOAA OISST historical,Monthly mean of fixed-reference relative percentiles; not an absolute probability.
2022,7,15,33.269809,134.202371,56.9,47,56.9,A,高岡,高岡 / NetID 15,2022-07-15,2022-07-15,197,26.68064483870968,26.26363836824131,0.4170064704683674,0.1797125160062942,0.8178983382209188,High,0.8178983382209188,High,2022-07,GAM: cyclic Jday + SST anomaly + J-EGG500 IDW depth,historical_oisst_monthly_mean,NOAA OISST historical,Monthly mean of fixed-reference relative percentiles; not an absolute probability.
2022,7,2,32.802579,132.633563,56,41,56,C,安満地,安満地 / NetID 2,2022-07-15,2022-07-15,197,25.78516093548387,26.26363836824131,-0.4784774327574392,0.1656680976809952,0.807644183773216,High,0.807644183773216,High,2022-07,GAM: cyclic Jday + SST anomaly + J-EGG500 IDW depth,historical_oisst_monthly_mean,NOAA OISST historical,Monthly mean of fixed-reference relative percentiles; not an absolute probability.
2022,7,10,33.35765,133.337593,6.1,19,6.1,A,双子,双子 / NetID 10,2022-07-15,2022-07-15,197,26.963225483870968,26.26363836824131,0.6995871156296575,0.13182095089548676,0.7749951124144673,High,0.7749951124144673,High,2022-07,GAM: cyclic Jday + SST anomaly + J-EGG500 IDW depth,historical_oisst_monthly_mean,NOAA OISST historical,Monthly mean of fixed-reference relative percentiles; not an absolute probability.
2022,7,12,33.400017,134.011099,23.7,26,23.7,A,奈半利,奈半利 / NetID 12,2022-07-15,2022-07-15,197,26.68064483870968,26.26363836824131,0.4170064704683674,0.07492460408299295,0.6948093841642229,Moderate,0.6948093841642229,Moderate,2022-07,GAM: cyclic Jday + SST anomaly + J-EGG500 IDW depth,historical_oisst_monthly_mean,NOAA OISST historical,Monthly mean of fixed-reference relative percentiles; not an absolute probability.
2022,7,8,32.734923,133.029438,42.8,49,42.8,A,伊佐,伊佐 / NetID 8,2022-07-15,2022-07-15,197,26.82193512903226,26.26363836824131,0.5582967607909478,0.055785267599075115,0.6547605083088954,Moderate,0.6547605083088954,Moderate,2022-07,GAM: cyclic Jday + SST anomaly + J-EGG500 IDW depth,historical_oisst_monthly_mean,NOAA OISST historical,Monthly mean of fixed-reference relative percentiles; not an absolute probability.
2022,7,9,33.159542,133.224963,42,34,42,A,窪川,窪川 / NetID 9,2022-07-15,2022-07-15,197,26.589999677419353,26.26363836824131,0.3263613091780447,0.044328396319286006,0.6200293255131964,Moderate,0.6200293255131964,Moderate,2022-07,GAM: cyclic Jday + SST anomaly + J-EGG500 IDW depth,historical_oisst_monthly_mean,NOAA OISST historical,Monthly mean of fixed-reference relative percentiles; not an absolute probability.
2022,7,1,32.793914,132.628975,40,30,40,A,一切,一切 / NetID 1,2022-07-15,2022-07-15,197,25.78516093548387,26.26363836824131,-0.4784774327574392,0.03494175387117418,0.5792570869990225,Moderate,0.5792570869990225,Moderate,2022-07,GAM: cyclic Jday + SST anomaly + J-EGG500 IDW depth,historical_oisst_monthly_mean,NOAA OISST historical,Monthly mean of fixed-reference relative percentiles; not an absolute probability.
2022,7,4,32.784353,132.703013,40.3,45,40.3,B,古満目,古満目 / NetID 4,2022-07-15,2022-07-15,197,25.78516093548387,26.26363836824131,-0.4784774327574392,0.03388904918545262,0.5739002932551319,Moderate,0.5739002932551319,Moderate,2022-07,GAM: cyclic Jday + SST anomaly + J-EGG500 IDW depth,historical_oisst_monthly_mean,NOAA OISST historical,Monthly mean of fixed-reference relative percentiles; not an absolute probability.
2022,7,13,33.360612,134.043999,17.1,23,17.1,A,羽根,羽根 / NetID 13,2022-07-15,2022-07-15,197,26.68064483870968,26.26363836824131,0.4170064704683674,0.025034747337185928,0.5230596285434995,Moderate,0.5230596285434995,Moderate,2022-07,GAM: cyclic Jday + SST anomaly + J-EGG500 IDW depth,historical_oisst_monthly_mean,NOAA OISST historical,Monthly mean of fixed-reference relative percentiles; not an absolute probability.
2022,8,16,33.302961,134.204049,83.4,60,83.4,A,三津,三津 / NetID 16,2022-08-15,2022-08-15,228,28.887741548387098,27.902151713155565,0.9855898352315325,0.24150222859974058,0.8608211143695015,High,0.8608211143695015,High,2022-08,GAM: cyclic Jday + SST anomaly + J-EGG500 IDW depth,historical_oisst_monthly_mean,NOAA OISST historical,Monthly mean of fixed-reference relative percentiles; not an absolute probability.
2022,8,17,33.428671,134.243505,50.7,45,50.7,A,佐喜浜,佐喜浜 / NetID 17,2022-08-15,2022-08-15,228,28.887741548387098,27.902151713155565,0.9855898352315325,0.18286449602596458,0.8239980449657869,High,0.8239980449657869,High,2022-08,GAM: cyclic Jday + SST anomaly + J-EGG500 IDW depth,historical_oisst_monthly_mean,NOAA OISST historical,Monthly mean of fixed-reference relative percentiles; not an absolute probability.
2022,8,19,33.456354,134.256776,49.8,40,49.8,A,東洋,東洋 / NetID 19,2022-08-15,2022-08-15,228,28.740644774193548,27.902151713155565,0.8384930610379844,0.17647639162082618,0.8185923753665689,High,0.8185923753665689,High,2022-08,GAM: cyclic Jday + SST anomaly + J-EGG500 IDW depth,historical_oisst_monthly_mean,NOAA OISST historical,Monthly mean of fixed-reference relative percentiles; not an absolute probability.
2022,8,18,33.455525,134.256103,49.3,44,49.3,A,野根,野根 / NetID 18,2022-08-15,2022-08-15,228,28.740644774193548,27.902151713155565,0.8384930610379844,0.17184958683330895,0.8151026392961876,High,0.8151026392961876,High,2022-08,GAM: cyclic Jday + SST anomaly + J-EGG500 IDW depth,historical_oisst_monthly_mean,NOAA OISST historical,Monthly mean of fixed-reference relative percentiles; not an absolute probability.
2022,8,14,33.311308,134.201197,35.8,30,35.8,A,椎名,椎名 / NetID 14,2022-08-15,2022-08-15,228,28.887741548387098,27.902151713155565,0.9855898352315325,0.16168867429156186,0.8072825024437927,High,0.8072825024437927,High,2022-08,GAM: cyclic Jday + SST anomaly + J-EGG500 IDW depth,historical_oisst_monthly_mean,NOAA OISST historical,Monthly mean of fixed-reference relative percentiles; not an absolute probability.
2022,8,3,32.812774,132.642032,54.7,44,54.7,A,橘浦,橘浦 / NetID 3,2022-08-15,2022-08-15,228,28.55354793548387,27.902151713155565,0.6513962223283067,0.1395473193574263,0.7859824046920821,High,0.7859824046920821,High,2022-08,GAM: cyclic Jday + SST anomaly + J-EGG500 IDW depth,historical_oisst_monthly_mean,NOAA OISST historical,Monthly mean of fixed-reference relative percentiles; not an absolute probability.
2022,8,11,32.77052,133.019357,47.4,28,47.4,B,窪津,窪津 / NetID 11,2022-08-15,2022-08-15,228,28.95999958064516,27.902151713155565,1.0578478674895972,0.13818387251143405,0.7842913000977517,High,0.7842913000977517,High,2022-08,GAM: cyclic Jday + SST anomaly + J-EGG500 IDW depth,historical_oisst_monthly_mean,NOAA OISST historical,Monthly mean of fixed-reference relative percentiles; not an absolute probability.
2022,8,20,33.593837,134.379416,36.1,33,36.1,A,鞆浦,鞆浦 / NetID 20,2022-08-15,2022-08-15,228,28.527096354838708,27.902151713155565,0.6249446416831455,0.1301993270568349,0.7750830889540568,High,0.7750830889540568,High,2022-08,GAM: cyclic Jday + SST anomaly + J-EGG500 IDW depth,historical_oisst_monthly_mean,NOAA OISST historical,Monthly mean of fixed-reference relative percentiles; not an absolute probability.
2022,8,2,32.802579,132.633563,56,41,56,C,安満地,安満地 / NetID 2,2022-08-15,2022-08-15,228,28.55354793548387,27.902151713155565,0.6513962223283067,0.1273330616288111,0.7723069403714565,High,0.7723069403714565,High,2022-08,GAM: cyclic Jday + SST anomaly + J-EGG500 IDW depth,historical_oisst_monthly_mean,NOAA OISST historical,Monthly mean of fixed-reference relative percentiles; not an absolute probability.
2022,8,15,33.269809,134.202371,56.9,47,56.9,A,高岡,高岡 / NetID 15,2022-08-15,2022-08-15,228,28.887741548387098,27.902151713155565,0.9855898352315325,0.12722877909800145,0.7720234604105571,High,0.7720234604105571,High,2022-08,GAM: cyclic Jday + SST anomaly + J-EGG500 IDW depth,historical_oisst_monthly_mean,NOAA OISST historical,Monthly mean of fixed-reference relative percentiles; not an absolute probability.
2022,8,10,33.35765,133.337593,6.1,19,6.1,A,双子,双子 / NetID 10,2022-08-15,2022-08-15,228,29.12387058064516,27.902151713155565,1.2217188674895973,0.09076424311688427,0.7254154447702835,Moderate,0.7254154447702835,Moderate,2022-08,GAM: cyclic Jday + SST anomaly + J-EGG500 IDW depth,historical_oisst_monthly_mean,NOAA OISST historical,Monthly mean of fixed-reference relative percentiles; not an absolute probability.
2022,8,12,33.400017,134.011099,23.7,26,23.7,A,奈半利,奈半利 / NetID 12,2022-08-15,2022-08-15,228,28.887741548387098,27.902151713155565,0.9855898352315325,0.05070738713081371,0.6441446725317693,Moderate,0.6441446725317693,Moderate,2022-08,GAM: cyclic Jday + SST anomaly + J-EGG500 IDW depth,historical_oisst_monthly_mean,NOAA OISST historical,Monthly mean of fixed-reference relative percentiles; not an absolute probability.
2022,8,8,32.734923,133.029438,42.8,49,42.8,A,伊佐,伊佐 / NetID 8,2022-08-15,2022-08-15,228,29.006451387096774,27.902151713155565,1.10429967394121,0.0374061309509114,0.5984848484848485,Moderate,0.5984848484848485,Moderate,2022-08,GAM: cyclic Jday + SST anomaly + J-EGG500 IDW depth,historical_oisst_monthly_mean,NOAA OISST historical,Monthly mean of fixed-reference relative percentiles; not an absolute probability.
2022,8,9,33.159542,133.224963,42,34,42,A,窪川,窪川 / NetID 9,2022-08-15,2022-08-15,228,28.917741483870966,27.902151713155565,1.0155897707154031,0.030389935458917678,0.5619452590420332,Moderate,0.5619452590420332,Moderate,2022-08,GAM: cyclic Jday + SST anomaly + J-EGG500 IDW depth,historical_oisst_monthly_mean,NOAA OISST historical,Monthly mean of fixed-reference relative percentiles; not an absolute probability.
2022,8,1,32.793914,132.628975,40,30,40,A,一切,一切 / NetID 1,2022-08-15,2022-08-15,228,28.55354793548387,27.902151713155565,0.6513962223283067,0.025652627662230292,0.532434017595308,Moderate,0.532434017595308,Moderate,2022-08,GAM: cyclic Jday + SST anomaly + J-EGG500 IDW depth,historical_oisst_monthly_mean,NOAA OISST historical,Monthly mean of fixed-reference relative percentiles; not an absolute probability.
2022,8,4,32.784353,132.703013,40.3,45,40.3,B,古満目,古満目 / NetID 4,2022-08-15,2022-08-15,228,28.55354793548387,27.902151713155565,0.6513962223283067,0.024870437388440084,0.5271163245356794,Moderate,0.5271163245356794,Moderate,2022-08,GAM: cyclic Jday + SST anomaly + J-EGG500 IDW depth,historical_oisst_monthly_mean,NOAA OISST historical,Monthly mean of fixed-reference relative percentiles; not an absolute probability.
2022,8,13,33.360612,134.043999,17.1,23,17.1,A,羽根,羽根 / NetID 13,2022-08-15,2022-08-15,228,28.887741548387098,27.902151713155565,0.9855898352315325,0.016579941753466446,0.45884652981427176,Low,0.45884652981427176,Low,2022-08,GAM: cyclic Jday + SST anomaly + J-EGG500 IDW depth,historical_oisst_monthly_mean,NOAA OISST historical,Monthly mean of fixed-reference relative percentiles; not an absolute probability.
2022,9,16,33.302961,134.204049,83.4,60,83.4,A,三津,三津 / NetID 16,2022-09-15,2022-09-15,258,28.223999533333334,27.246868919497366,0.9771306138359673,0.12513148675778793,0.7693131313131313,High,0.7693131313131313,High,2022-09,GAM: cyclic Jday + SST anomaly + J-EGG500 IDW depth,historical_oisst_monthly_mean,NOAA OISST historical,Monthly mean of fixed-reference relative percentiles; not an absolute probability.
2022,9,17,33.428671,134.243505,50.7,45,50.7,A,佐喜浜,佐喜浜 / NetID 17,2022-09-15,2022-09-15,258,28.223999533333334,27.246868919497366,0.9771306138359673,0.09135600642828795,0.7244747474747475,Moderate,0.7244747474747475,Moderate,2022-09,GAM: cyclic Jday + SST anomaly + J-EGG500 IDW depth,historical_oisst_monthly_mean,NOAA OISST historical,Monthly mean of fixed-reference relative percentiles; not an absolute probability.
2022,9,19,33.456354,134.256776,49.8,40,49.8,A,東洋,東洋 / NetID 19,2022-09-15,2022-09-15,258,28.111999766666667,27.246868919497366,0.8651308471693006,0.08806789501597129,0.7195252525252526,Moderate,0.7195252525252526,Moderate,2022-09,GAM: cyclic Jday + SST anomaly + J-EGG500 IDW depth,historical_oisst_monthly_mean,NOAA OISST historical,Monthly mean of fixed-reference relative percentiles; not an absolute probability.
2022,9,18,33.455525,134.256103,49.3,44,49.3,A,野根,野根 / NetID 18,2022-09-15,2022-09-15,258,28.111999766666667,27.246868919497366,0.8651308471693006,0.08551659635714874,0.7152323232323232,Moderate,0.7152323232323232,Moderate,2022-09,GAM: cyclic Jday + SST anomaly + J-EGG500 IDW depth,historical_oisst_monthly_mean,NOAA OISST historical,Monthly mean of fixed-reference relative percentiles; not an absolute probability.
2022,9,14,33.311308,134.201197,35.8,30,35.8,A,椎名,椎名 / NetID 14,2022-09-15,2022-09-15,258,28.223999533333334,27.246868919497366,0.9771306138359673,0.07974362788142234,0.7055353535353536,Moderate,0.7055353535353536,Moderate,2022-09,GAM: cyclic Jday + SST anomaly + J-EGG500 IDW depth,historical_oisst_monthly_mean,NOAA OISST historical,Monthly mean of fixed-reference relative percentiles; not an absolute probability.
2022,9,3,32.812774,132.642032,54.7,44,54.7,A,橘浦,橘浦 / NetID 3,2022-09-15,2022-09-15,258,27.840999633333332,27.246868919497366,0.5941307138359674,0.06767916169106482,0.6823939393939393,Moderate,0.6823939393939393,Moderate,2022-09,GAM: cyclic Jday + SST anomaly + J-EGG500 IDW depth,historical_oisst_monthly_mean,NOAA OISST historical,Monthly mean of fixed-reference relative percentiles; not an absolute probability.
2022,9,11,32.77052,133.019357,47.4,28,47.4,B,窪津,窪津 / NetID 11,2022-09-15,2022-09-15,258,28.210999666666666,27.246868919497366,0.9641307471693007,0.06656778646118906,0.6802929292929293,Moderate,0.6802929292929293,Moderate,2022-09,GAM: cyclic Jday + SST anomaly + J-EGG500 IDW depth,historical_oisst_monthly_mean,NOAA OISST historical,Monthly mean of fixed-reference relative percentiles; not an absolute probability.
2022,9,20,33.593837,134.379416,36.1,33,36.1,A,鞆浦,鞆浦 / NetID 20,2022-09-15,2022-09-15,258,28.0306663,27.246868919497366,0.7837973805026338,0.06450924466631658,0.6765151515151515,Moderate,0.6765151515151515,Moderate,2022-09,GAM: cyclic Jday + SST anomaly + J-EGG500 IDW depth,historical_oisst_monthly_mean,NOAA OISST historical,Monthly mean of fixed-reference relative percentiles; not an absolute probability.
2022,9,15,33.269809,134.202371,56.9,47,56.9,A,高岡,高岡 / NetID 15,2022-09-15,2022-09-15,258,28.223999533333334,27.246868919497366,0.9771306138359673,0.061466881132180164,0.6696464646464646,Moderate,0.6696464646464646,Moderate,2022-09,GAM: cyclic Jday + SST anomaly + J-EGG500 IDW depth,historical_oisst_monthly_mean,NOAA OISST historical,Monthly mean of fixed-reference relative percentiles; not an absolute probability.
2022,9,2,32.802579,132.633563,56,41,56,C,安満地,安満地 / NetID 2,2022-09-15,2022-09-15,258,27.840999633333332,27.246868919497366,0.5941307138359674,0.06131265931880407,0.6685757575757576,Moderate,0.6685757575757576,Moderate,2022-09,GAM: cyclic Jday + SST anomaly + J-EGG500 IDW depth,historical_oisst_monthly_mean,NOAA OISST historical,Monthly mean of fixed-reference relative percentiles; not an absolute probability.
2022,9,10,33.35765,133.337593,6.1,19,6.1,A,双子,双子 / NetID 10,2022-09-15,2022-09-15,258,28.370333066666667,27.246868919497366,1.1234641471693005,0.04237955990785443,0.6142626262626263,Moderate,0.6142626262626263,Moderate,2022-09,GAM: cyclic Jday + SST anomaly + J-EGG500 IDW depth,historical_oisst_monthly_mean,NOAA OISST historical,Monthly mean of fixed-reference relative percentiles; not an absolute probability.
2022,9,12,33.400017,134.011099,23.7,26,23.7,A,奈半利,奈半利 / NetID 12,2022-09-15,2022-09-15,258,28.223999533333334,27.246868919497366,0.9771306138359673,0.02343199608880546,0.5143131313131313,Moderate,0.5143131313131313,Moderate,2022-09,GAM: cyclic Jday + SST anomaly + J-EGG500 IDW depth,historical_oisst_monthly_mean,NOAA OISST historical,Monthly mean of fixed-reference relative percentiles; not an absolute probability.
2022,9,8,32.734923,133.029438,42.8,49,42.8,A,伊佐,伊佐 / NetID 8,2022-09-15,2022-09-15,258,28.173666466666667,27.246868919497366,0.9267975471693005,0.016848453017221272,0.4572828282828283,Low,0.4572828282828283,Low,2022-09,GAM: cyclic Jday + SST anomaly + J-EGG500 IDW depth,historical_oisst_monthly_mean,NOAA OISST historical,Monthly mean of fixed-reference relative percentiles; not an absolute probability.
2022,9,9,33.159542,133.224963,42,34,42,A,窪川,窪川 / NetID 9,2022-09-15,2022-09-15,258,28.2829996,27.246868919497366,1.0361306805026338,0.01399350110520144,0.42853535353535355,Low,0.42853535353535355,Low,2022-09,GAM: cyclic Jday + SST anomaly + J-EGG500 IDW depth,historical_oisst_monthly_mean,NOAA OISST historical,Monthly mean of fixed-reference relative percentiles; not an absolute probability.
2022,9,1,32.793914,132.628975,40,30,40,A,一切,一切 / NetID 1,2022-09-15,2022-09-15,258,27.840999633333332,27.246868919497366,0.5941307138359674,0.011655258230607686,0.3992727272727273,Low,0.3992727272727273,Low,2022-09,GAM: cyclic Jday + SST anomaly + J-EGG500 IDW depth,historical_oisst_monthly_mean,NOAA OISST historical,Monthly mean of fixed-reference relative percentiles; not an absolute probability.
2022,9,4,32.784353,132.703013,40.3,45,40.3,B,古満目,古満目 / NetID 4,2022-09-15,2022-09-15,258,27.840999633333332,27.246868919497366,0.5941307138359674,0.011294959845374158,0.39431313131313134,Low,0.39431313131313134,Low,2022-09,GAM: cyclic Jday + SST anomaly + J-EGG500 IDW depth,historical_oisst_monthly_mean,NOAA OISST historical,Monthly mean of fixed-reference relative percentiles; not an absolute probability.
2022,9,13,33.360612,134.043999,17.1,23,17.1,A,羽根,羽根 / NetID 13,2022-09-15,2022-09-15,258,28.223999533333334,27.246868919497366,0.9771306138359673,0.007515344051995993,0.3367777777777778,Low,0.3367777777777778,Low,2022-09,GAM: cyclic Jday + SST anomaly + J-EGG500 IDW depth,historical_oisst_monthly_mean,NOAA OISST historical,Monthly mean of fixed-reference relative percentiles; not an absolute probability.
2022,10,16,33.302961,134.204049,83.4,60,83.4,A,三津,三津 / NetID 16,2022-10-15,2022-10-15,289,25.536128741935485,25.145939730262896,0.3901890116725891,0.05311389298848774,0.6473411534701857,Moderate,0.6473411534701857,Moderate,2022-10,GAM: cyclic Jday + SST anomaly + J-EGG500 IDW depth,historical_oisst_monthly_mean,NOAA OISST historical,Monthly mean of fixed-reference relative percentiles; not an absolute probability.
2022,10,17,33.428671,134.243505,50.7,45,50.7,A,佐喜浜,佐喜浜 / NetID 17,2022-10-15,2022-10-15,289,25.536128741935485,25.145939730262896,0.3901890116725891,0.037906052741476196,0.5940762463343109,Moderate,0.5940762463343109,Moderate,2022-10,GAM: cyclic Jday + SST anomaly + J-EGG500 IDW depth,historical_oisst_monthly_mean,NOAA OISST historical,Monthly mean of fixed-reference relative percentiles; not an absolute probability.
2022,10,19,33.456354,134.256776,49.8,40,49.8,A,東洋,東洋 / NetID 19,2022-10-15,2022-10-15,289,25.516128580645162,25.145939730262896,0.37018885038226657,0.03712062465633737,0.5905474095796677,Moderate,0.5905474095796677,Moderate,2022-10,GAM: cyclic Jday + SST anomaly + J-EGG500 IDW depth,historical_oisst_monthly_mean,NOAA OISST historical,Monthly mean of fixed-reference relative percentiles; not an absolute probability.
2022,10,18,33.455525,134.256103,49.3,44,49.3,A,野根,野根 / NetID 18,2022-10-15,2022-10-15,289,25.516128580645162,25.145939730262896,0.37018885038226657,0.03598537857543569,0.5852394916911046,Moderate,0.5852394916911046,Moderate,2022-10,GAM: cyclic Jday + SST anomaly + J-EGG500 IDW depth,historical_oisst_monthly_mean,NOAA OISST historical,Monthly mean of fixed-reference relative percentiles; not an absolute probability.
2022,10,14,33.311308,134.201197,35.8,30,35.8,A,椎名,椎名 / NetID 14,2022-10-15,2022-10-15,289,25.536128741935485,25.145939730262896,0.3901890116725891,0.03283330859926039,0.5700879765395894,Moderate,0.5700879765395894,Moderate,2022-10,GAM: cyclic Jday + SST anomaly + J-EGG500 IDW depth,historical_oisst_monthly_mean,NOAA OISST historical,Monthly mean of fixed-reference relative percentiles; not an absolute probability.
2022,10,11,32.77052,133.019357,47.4,28,47.4,B,窪津,窪津 / NetID 11,2022-10-15,2022-10-15,289,25.817741774193546,25.145939730262896,0.6718020439306536,0.028256436700735302,0.5461485826001955,Moderate,0.5461485826001955,Moderate,2022-10,GAM: cyclic Jday + SST anomaly + J-EGG500 IDW depth,historical_oisst_monthly_mean,NOAA OISST historical,Monthly mean of fixed-reference relative percentiles; not an absolute probability.
2022,10,3,32.812774,132.642032,54.7,44,54.7,A,橘浦,橘浦 / NetID 3,2022-10-15,2022-10-15,289,25.32451587096774,25.145939730262896,0.17857614070484726,0.028268371918889767,0.5453176930596285,Moderate,0.5453176930596285,Moderate,2022-10,GAM: cyclic Jday + SST anomaly + J-EGG500 IDW depth,historical_oisst_monthly_mean,NOAA OISST historical,Monthly mean of fixed-reference relative percentiles; not an absolute probability.
2022,10,20,33.593837,134.379416,36.1,33,36.1,A,鞆浦,鞆浦 / NetID 20,2022-10-15,2022-10-15,289,25.43806422580645,25.145939730262896,0.2921244955435565,0.026893047066831644,0.5363440860215054,Moderate,0.5363440860215054,Moderate,2022-10,GAM: cyclic Jday + SST anomaly + J-EGG500 IDW depth,historical_oisst_monthly_mean,NOAA OISST historical,Monthly mean of fixed-reference relative percentiles; not an absolute probability.
2022,10,2,32.802579,132.633563,56,41,56,C,安満地,安満地 / NetID 2,2022-10-15,2022-10-15,289,25.32451587096774,25.145939730262896,0.17857614070484726,0.02550162408281294,0.5281622678396872,Moderate,0.5281622678396872,Moderate,2022-10,GAM: cyclic Jday + SST anomaly + J-EGG500 IDW depth,historical_oisst_monthly_mean,NOAA OISST historical,Monthly mean of fixed-reference relative percentiles; not an absolute probability.
2022,10,15,33.269809,134.202371,56.9,47,56.9,A,高岡,高岡 / NetID 15,2022-10-15,2022-10-15,289,25.536128741935485,25.145939730262896,0.3901890116725891,0.025004824345980586,0.5242130987292277,Moderate,0.5242130987292277,Moderate,2022-10,GAM: cyclic Jday + SST anomaly + J-EGG500 IDW depth,historical_oisst_monthly_mean,NOAA OISST historical,Monthly mean of fixed-reference relative percentiles; not an absolute probability.
2022,10,10,33.35765,133.337593,6.1,19,6.1,A,双子,双子 / NetID 10,2022-10-15,2022-10-15,289,25.46741893548387,25.145939730262896,0.3214792052209759,0.01634349475833808,0.45227761485826,Low,0.45227761485826,Low,2022-10,GAM: cyclic Jday + SST anomaly + J-EGG500 IDW depth,historical_oisst_monthly_mean,NOAA OISST historical,Monthly mean of fixed-reference relative percentiles; not an absolute probability.
2022,10,12,33.400017,134.011099,23.7,26,23.7,A,奈半利,奈半利 / NetID 12,2022-10-15,2022-10-15,289,25.536128741935485,25.145939730262896,0.3901890116725891,0.009299323370780032,0.3656304985337243,Low,0.3656304985337243,Low,2022-10,GAM: cyclic Jday + SST anomaly + J-EGG500 IDW depth,historical_oisst_monthly_mean,NOAA OISST historical,Monthly mean of fixed-reference relative percentiles; not an absolute probability.
2022,10,8,32.734923,133.029438,42.8,49,42.8,A,伊佐,伊佐 / NetID 8,2022-10-15,2022-10-15,289,26.00193512903226,25.145939730262896,0.8559953987693635,0.007124462958367017,0.33069403714565004,Low,0.33069403714565004,Low,2022-10,GAM: cyclic Jday + SST anomaly + J-EGG500 IDW depth,historical_oisst_monthly_mean,NOAA OISST historical,Monthly mean of fixed-reference relative percentiles; not an absolute probability.
2022,10,9,33.159542,133.224963,42,34,42,A,窪川,窪川 / NetID 9,2022-10-15,2022-10-15,289,25.668386741935485,25.145939730262896,0.5224470116725891,0.005564110779884282,0.2950537634408602,Low,0.2950537634408602,Low,2022-10,GAM: cyclic Jday + SST anomaly + J-EGG500 IDW depth,historical_oisst_monthly_mean,NOAA OISST historical,Monthly mean of fixed-reference relative percentiles; not an absolute probability.
2022,10,1,32.793914,132.628975,40,30,40,A,一切,一切 / NetID 1,2022-10-15,2022-10-15,289,25.32451587096774,25.145939730262896,0.17857614070484726,0.00469316455084084,0.2698044965786901,Low,0.2698044965786901,Low,2022-10,GAM: cyclic Jday + SST anomaly + J-EGG500 IDW depth,historical_oisst_monthly_mean,NOAA OISST historical,Monthly mean of fixed-reference relative percentiles; not an absolute probability.
2022,10,4,32.784353,132.703013,40.3,45,40.3,B,古満目,古満目 / NetID 4,2022-10-15,2022-10-15,289,25.32451587096774,25.145939730262896,0.17857614070484726,0.004547028016976407,0.2646823069403715,Low,0.2646823069403715,Low,2022-10,GAM: cyclic Jday + SST anomaly + J-EGG500 IDW depth,historical_oisst_monthly_mean,NOAA OISST historical,Monthly mean of fixed-reference relative percentiles; not an absolute probability.
2022,10,13,33.360612,134.043999,17.1,23,17.1,A,羽根,羽根 / NetID 13,2022-10-15,2022-10-15,289,25.536128741935485,25.145939730262896,0.3901890116725891,0.0029522754614593008,0.19328445747800585,Low,0.19328445747800585,Low,2022-10,GAM: cyclic Jday + SST anomaly + J-EGG500 IDW depth,historical_oisst_monthly_mean,NOAA OISST historical,Monthly mean of fixed-reference relative percentiles; not an absolute probability.
2022,11,16,33.302961,134.204049,83.4,60,83.4,A,三津,三津 / NetID 16,2022-11-15,2022-11-15,320,23.2329997,22.907718297224108,0.325281402775891,0.033652668140485335,0.581989898989899,Moderate,0.581989898989899,Moderate,2022-11,GAM: cyclic Jday + SST anomaly + J-EGG500 IDW depth,historical_oisst_monthly_mean,NOAA OISST historical,Monthly mean of fixed-reference relative percentiles; not an absolute probability.
2022,11,17,33.428671,134.243505,50.7,45,50.7,A,佐喜浜,佐喜浜 / NetID 17,2022-11-15,2022-11-15,320,23.2329997,22.907718297224108,0.325281402775891,0.02384795464396924,0.52,Moderate,0.52,Moderate,2022-11,GAM: cyclic Jday + SST anomaly + J-EGG500 IDW depth,historical_oisst_monthly_mean,NOAA OISST historical,Monthly mean of fixed-reference relative percentiles; not an absolute probability.
2022,11,19,33.456354,134.256776,49.8,40,49.8,A,東洋,東洋 / NetID 19,2022-11-15,2022-11-15,320,23.219332833333333,22.907718297224108,0.31161453610922424,0.023391683750331273,0.5167373737373737,Moderate,0.5167373737373737,Moderate,2022-11,GAM: cyclic Jday + SST anomaly + J-EGG500 IDW depth,historical_oisst_monthly_mean,NOAA OISST historical,Monthly mean of fixed-reference relative percentiles; not an absolute probability.
2022,11,18,33.455525,134.256103,49.3,44,49.3,A,野根,野根 / NetID 18,2022-11-15,2022-11-15,320,23.219332833333333,22.907718297224108,0.31161453610922424,0.022664421685092605,0.5117676767676768,Moderate,0.5117676767676768,Moderate,2022-11,GAM: cyclic Jday + SST anomaly + J-EGG500 IDW depth,historical_oisst_monthly_mean,NOAA OISST historical,Monthly mean of fixed-reference relative percentiles; not an absolute probability.
2022,11,14,33.311308,134.201197,35.8,30,35.8,A,椎名,椎名 / NetID 14,2022-11-15,2022-11-15,320,23.2329997,22.907718297224108,0.325281402775891,0.020607919022169803,0.4963535353535353,Low,0.4963535353535353,Low,2022-11,GAM: cyclic Jday + SST anomaly + J-EGG500 IDW depth,historical_oisst_monthly_mean,NOAA OISST historical,Monthly mean of fixed-reference relative percentiles; not an absolute probability.
2022,11,3,32.812774,132.642032,54.7,44,54.7,A,橘浦,橘浦 / NetID 3,2022-11-15,2022-11-15,320,23.101333133333334,22.907718297224108,0.19361483610922411,0.01805916881716673,0.47424242424242424,Low,0.47424242424242424,Low,2022-11,GAM: cyclic Jday + SST anomaly + J-EGG500 IDW depth,historical_oisst_monthly_mean,NOAA OISST historical,Monthly mean of fixed-reference relative percentiles; not an absolute probability.
2022,11,11,32.77052,133.019357,47.4,28,47.4,B,窪津,窪津 / NetID 11,2022-11-15,2022-11-15,320,23.5686664,22.907718297224108,0.6609481027758908,0.018094942020055446,0.4741818181818182,Low,0.4741818181818182,Low,2022-11,GAM: cyclic Jday + SST anomaly + J-EGG500 IDW depth,historical_oisst_monthly_mean,NOAA OISST historical,Monthly mean of fixed-reference relative percentiles; not an absolute probability.
2022,11,20,33.593837,134.379416,36.1,33,36.1,A,鞆浦,鞆浦 / NetID 20,2022-11-15,2022-11-15,320,22.974666366666668,22.907718297224108,0.06694806944255696,0.01631027868131063,0.4578888888888889,Low,0.4578888888888889,Low,2022-11,GAM: cyclic Jday + SST anomaly + J-EGG500 IDW depth,historical_oisst_monthly_mean,NOAA OISST historical,Monthly mean of fixed-reference relative percentiles; not an absolute probability.
2022,11,2,32.802579,132.633563,56,41,56,C,安満地,安満地 / NetID 2,2022-11-15,2022-11-15,320,23.101333133333334,22.907718297224108,0.19361483610922411,0.016271797896863616,0.4572727272727273,Low,0.4572727272727273,Low,2022-11,GAM: cyclic Jday + SST anomaly + J-EGG500 IDW depth,historical_oisst_monthly_mean,NOAA OISST historical,Monthly mean of fixed-reference relative percentiles; not an absolute probability.
2022,11,15,33.269809,134.202371,56.9,47,56.9,A,高岡,高岡 / NetID 15,2022-11-15,2022-11-15,320,23.2329997,22.907718297224108,0.325281402775891,0.01563741515527878,0.4509090909090909,Low,0.4509090909090909,Low,2022-11,GAM: cyclic Jday + SST anomaly + J-EGG500 IDW depth,historical_oisst_monthly_mean,NOAA OISST historical,Monthly mean of fixed-reference relative percentiles; not an absolute probability.
2022,11,10,33.35765,133.337593,6.1,19,6.1,A,双子,双子 / NetID 10,2022-11-15,2022-11-15,320,23.046999766666666,22.907718297224108,0.1392814694425572,0.009978457587634966,0.37771717171717173,Low,0.37771717171717173,Low,2022-11,GAM: cyclic Jday + SST anomaly + J-EGG500 IDW depth,historical_oisst_monthly_mean,NOAA OISST historical,Monthly mean of fixed-reference relative percentiles; not an absolute probability.
2022,11,12,33.400017,134.011099,23.7,26,23.7,A,奈半利,奈半利 / NetID 12,2022-11-15,2022-11-15,320,23.2329997,22.907718297224108,0.325281402775891,0.005773351813558691,0.3068585858585859,Low,0.3068585858585859,Low,2022-11,GAM: cyclic Jday + SST anomaly + J-EGG500 IDW depth,historical_oisst_monthly_mean,NOAA OISST historical,Monthly mean of fixed-reference relative percentiles; not an absolute probability.
2022,11,8,32.734923,133.029438,42.8,49,42.8,A,伊佐,伊佐 / NetID 8,2022-11-15,2022-11-15,320,23.758666366666667,22.907718297224108,0.8509480694425572,0.004550862462280748,0.2712222222222222,Low,0.2712222222222222,Low,2022-11,GAM: cyclic Jday + SST anomaly + J-EGG500 IDW depth,historical_oisst_monthly_mean,NOAA OISST historical,Monthly mean of fixed-reference relative percentiles; not an absolute probability.
2022,11,9,33.159542,133.224963,42,34,42,A,窪川,窪川 / NetID 9,2022-11-15,2022-11-15,320,23.329666333333332,22.907718297224108,0.4219480361092239,0.0034507737093265557,0.2246161616161616,Low,0.2246161616161616,Low,2022-11,GAM: cyclic Jday + SST anomaly + J-EGG500 IDW depth,historical_oisst_monthly_mean,NOAA OISST historical,Monthly mean of fixed-reference relative percentiles; not an absolute probability.
2022,11,1,32.793914,132.628975,40,30,40,A,一切,一切 / NetID 1,2022-11-15,2022-11-15,320,23.101333133333334,22.907718297224108,0.19361483610922411,0.002967259572196272,0.19816161616161615,Low,0.19816161616161615,Low,2022-11,GAM: cyclic Jday + SST anomaly + J-EGG500 IDW depth,historical_oisst_monthly_mean,NOAA OISST historical,Monthly mean of fixed-reference relative percentiles; not an absolute probability.
2022,11,4,32.784353,132.703013,40.3,45,40.3,B,古満目,古満目 / NetID 4,2022-11-15,2022-11-15,320,23.101333133333334,22.907718297224108,0.19361483610922411,0.0028746797330338747,0.1928181818181818,Low,0.1928181818181818,Low,2022-11,GAM: cyclic Jday + SST anomaly + J-EGG500 IDW depth,historical_oisst_monthly_mean,NOAA OISST historical,Monthly mean of fixed-reference relative percentiles; not an absolute probability.
2022,11,13,33.360612,134.043999,17.1,23,17.1,A,羽根,羽根 / NetID 13,2022-11-15,2022-11-15,320,23.2329997,22.907718297224108,0.325281402775891,0.0018274917895560933,0.12643434343434343,Low,0.12643434343434343,Low,2022-11,GAM: cyclic Jday + SST anomaly + J-EGG500 IDW depth,historical_oisst_monthly_mean,NOAA OISST historical,Monthly mean of fixed-reference relative percentiles; not an absolute probability.
2022,12,16,33.302961,134.204049,83.4,60,83.4,A,三津,三津 / NetID 16,2022-12-15,2022-12-15,341,21.873845846153845,21.154580015140574,0.7192658310132707,0.024571124879034685,0.524965034965035,Moderate,0.524965034965035,Moderate,2022-12,GAM: cyclic Jday + SST anomaly + J-EGG500 IDW depth,historical_oisst_monthly_mean,NOAA OISST historical,Monthly mean of fixed-reference relative percentiles; not an absolute probability.
2022,12,19,33.456354,134.256776,49.8,40,49.8,A,東洋,東洋 / NetID 19,2022-12-15,2022-12-15,341,21.985384307692307,21.154580015140574,0.8308042925517322,0.017384039690556033,0.4682051282051282,Low,0.4682051282051282,Low,2022-12,GAM: cyclic Jday + SST anomaly + J-EGG500 IDW depth,historical_oisst_monthly_mean,NOAA OISST historical,Monthly mean of fixed-reference relative percentiles; not an absolute probability.
2022,12,17,33.428671,134.243505,50.7,45,50.7,A,佐喜浜,佐喜浜 / NetID 17,2022-12-15,2022-12-15,341,21.873845846153845,21.154580015140574,0.7192658310132707,0.017364710634261746,0.4678554778554779,Low,0.4678554778554779,Low,2022-12,GAM: cyclic Jday + SST anomaly + J-EGG500 IDW depth,historical_oisst_monthly_mean,NOAA OISST historical,Monthly mean of fixed-reference relative percentiles; not an absolute probability.
2022,12,18,33.455525,134.256103,49.3,44,49.3,A,野根,野根 / NetID 18,2022-12-15,2022-12-15,341,21.985384307692307,21.154580015140574,0.8308042925517322,0.01684030049343375,0.46282051282051284,Low,0.46282051282051284,Low,2022-12,GAM: cyclic Jday + SST anomaly + J-EGG500 IDW depth,historical_oisst_monthly_mean,NOAA OISST historical,Monthly mean of fixed-reference relative percentiles; not an absolute probability.
2022,12,14,33.311308,134.201197,35.8,30,35.8,A,椎名,椎名 / NetID 14,2022-12-15,2022-12-15,341,21.873845846153845,21.154580015140574,0.7192658310132707,0.014991952759708436,0.44344988344988345,Low,0.44344988344988345,Low,2022-12,GAM: cyclic Jday + SST anomaly + J-EGG500 IDW depth,historical_oisst_monthly_mean,NOAA OISST historical,Monthly mean of fixed-reference relative percentiles; not an absolute probability.
2022,12,3,32.812774,132.642032,54.7,44,54.7,A,橘浦,橘浦 / NetID 3,2022-12-15,2022-12-15,341,21.528461461538463,21.154580015140574,0.37388144639788645,0.012607652561393628,0.41496503496503495,Low,0.41496503496503495,Low,2022-12,GAM: cyclic Jday + SST anomaly + J-EGG500 IDW depth,historical_oisst_monthly_mean,NOAA OISST historical,Monthly mean of fixed-reference relative percentiles; not an absolute probability.
2022,12,11,32.77052,133.019357,47.4,28,47.4,B,窪津,窪津 / NetID 11,2022-12-15,2022-12-15,341,21.903846,21.154580015140574,0.7492659848594247,0.012409655931989838,0.41219114219114217,Low,0.41219114219114217,Low,2022-12,GAM: cyclic Jday + SST anomaly + J-EGG500 IDW depth,historical_oisst_monthly_mean,NOAA OISST historical,Monthly mean of fixed-reference relative percentiles; not an absolute probability.
2022,12,20,33.593837,134.379416,36.1,33,36.1,A,鞆浦,鞆浦 / NetID 20,2022-12-15,2022-12-15,341,21.820769,21.154580015140574,0.6661889848594245,0.012278478585267396,0.41072261072261074,Low,0.41072261072261074,Low,2022-12,GAM: cyclic Jday + SST anomaly + J-EGG500 IDW depth,historical_oisst_monthly_mean,NOAA OISST historical,Monthly mean of fixed-reference relative percentiles; not an absolute probability.
2022,12,15,33.269809,134.202371,56.9,47,56.9,A,高岡,高岡 / NetID 15,2022-12-15,2022-12-15,341,21.873845846153845,21.154580015140574,0.7192658310132707,0.011360245537367648,0.3975990675990676,Low,0.3975990675990676,Low,2022-12,GAM: cyclic Jday + SST anomaly + J-EGG500 IDW depth,historical_oisst_monthly_mean,NOAA OISST historical,Monthly mean of fixed-reference relative percentiles; not an absolute probability.
2022,12,2,32.802579,132.633563,56,41,56,C,安満地,安満地 / NetID 2,2022-12-15,2022-12-15,341,21.528461461538463,21.154580015140574,0.37388144639788645,0.011353491215027553,0.3971095571095571,Low,0.3971095571095571,Low,2022-12,GAM: cyclic Jday + SST anomaly + J-EGG500 IDW depth,historical_oisst_monthly_mean,NOAA OISST historical,Monthly mean of fixed-reference relative percentiles; not an absolute probability.
2022,12,10,33.35765,133.337593,6.1,19,6.1,A,双子,双子 / NetID 10,2022-12-15,2022-12-15,341,21.406153692307694,21.154580015140574,0.25157367716711687,0.006883703352750243,0.3277156177156177,Low,0.3277156177156177,Low,2022-12,GAM: cyclic Jday + SST anomaly + J-EGG500 IDW depth,historical_oisst_monthly_mean,NOAA OISST historical,Monthly mean of fixed-reference relative percentiles; not an absolute probability.
2022,12,12,33.400017,134.011099,23.7,26,23.7,A,奈半利,奈半利 / NetID 12,2022-12-15,2022-12-15,341,21.873845846153845,21.154580015140574,0.7192658310132707,0.004182727118381002,0.2579020979020979,Low,0.2579020979020979,Low,2022-12,GAM: cyclic Jday + SST anomaly + J-EGG500 IDW depth,historical_oisst_monthly_mean,NOAA OISST historical,Monthly mean of fixed-reference relative percentiles; not an absolute probability.
2022,12,8,32.734923,133.029438,42.8,49,42.8,A,伊佐,伊佐 / NetID 8,2022-12-15,2022-12-15,341,22.333845846153846,21.154580015140574,1.1792658310132704,0.0032467755714323428,0.21424242424242423,Low,0.21424242424242423,Low,2022-12,GAM: cyclic Jday + SST anomaly + J-EGG500 IDW depth,historical_oisst_monthly_mean,NOAA OISST historical,Monthly mean of fixed-reference relative percentiles; not an absolute probability.
2022,12,9,33.159542,133.224963,42,34,42,A,窪川,窪川 / NetID 9,2022-12-15,2022-12-15,341,21.653845923076922,21.154580015140574,0.49926590793634745,0.002352500348908725,0.16086247086247085,Low,0.16086247086247085,Low,2022-12,GAM: cyclic Jday + SST anomaly + J-EGG500 IDW depth,historical_oisst_monthly_mean,NOAA OISST historical,Monthly mean of fixed-reference relative percentiles; not an absolute probability.
2022,12,1,32.793914,132.628975,40,30,40,A,一切,一切 / NetID 1,2022-12-15,2022-12-15,341,21.528461461538463,21.154580015140574,0.37388144639788645,0.0020618021594512215,0.14088578088578088,Low,0.14088578088578088,Low,2022-12,GAM: cyclic Jday + SST anomaly + J-EGG500 IDW depth,historical_oisst_monthly_mean,NOAA OISST historical,Monthly mean of fixed-reference relative percentiles; not an absolute probability.
2022,12,4,32.784353,132.703013,40.3,45,40.3,B,古満目,古満目 / NetID 4,2022-12-15,2022-12-15,341,21.528461461538463,21.154580015140574,0.37388144639788645,0.0019974154083543735,0.1374125874125874,Low,0.1374125874125874,Low,2022-12,GAM: cyclic Jday + SST anomaly + J-EGG500 IDW depth,historical_oisst_monthly_mean,NOAA OISST historical,Monthly mean of fixed-reference relative percentiles; not an absolute probability.
2022,12,13,33.360612,134.043999,17.1,23,17.1,A,羽根,羽根 / NetID 13,2022-12-15,2022-12-15,341,21.873845846153845,21.154580015140574,0.7192658310132707,0.0013225472202607978,0.10116550116550116,Low,0.10116550116550116,Low,2022-12,GAM: cyclic Jday + SST anomaly + J-EGG500 IDW depth,historical_oisst_monthly_mean,NOAA OISST historical,Monthly mean of fixed-reference relative percentiles; not an absolute probability.
2023,5,16,33.302961,134.204049,83.4,60,83.4,A,三津,三津 / NetID 16,2023-05-15,2023-05-15,146,20.64181790909091,21.88931549403293,-1.2474975849420213,0.3284309222392756,0.9041873278236915,Very high,0.9041873278236915,Very high,2023-05,GAM: cyclic Jday + SST anomaly + J-EGG500 IDW depth,historical_oisst_monthly_mean,NOAA OISST historical,Monthly mean of fixed-reference relative percentiles; not an absolute probability.
2023,5,17,33.428671,134.243505,50.7,45,50.7,A,佐喜浜,佐喜浜 / NetID 17,2023-05-15,2023-05-15,146,20.64181790909091,21.88931549403293,-1.2474975849420213,0.25614685676954907,0.8686776859504133,High,0.8686776859504133,High,2023-05,GAM: cyclic Jday + SST anomaly + J-EGG500 IDW depth,historical_oisst_monthly_mean,NOAA OISST historical,Monthly mean of fixed-reference relative percentiles; not an absolute probability.
2023,5,19,33.456354,134.256776,49.8,40,49.8,A,東洋,東洋 / NetID 19,2023-05-15,2023-05-15,146,20.446363545454545,21.88931549403293,-1.442951948578385,0.24659413299981273,0.8632782369146006,High,0.8632782369146006,High,2023-05,GAM: cyclic Jday + SST anomaly + J-EGG500 IDW depth,historical_oisst_monthly_mean,NOAA OISST historical,Monthly mean of fixed-reference relative percentiles; not an absolute probability.
2023,5,18,33.455525,134.256103,49.3,44,49.3,A,野根,野根 / NetID 18,2023-05-15,2023-05-15,146,20.446363545454545,21.88931549403293,-1.442951948578385,0.24070086721783665,0.8601928374655647,High,0.8601928374655647,High,2023-05,GAM: cyclic Jday + SST anomaly + J-EGG500 IDW depth,historical_oisst_monthly_mean,NOAA OISST historical,Monthly mean of fixed-reference relative percentiles; not an absolute probability.
2023,5,14,33.311308,134.201197,35.8,30,35.8,A,椎名,椎名 / NetID 14,2023-05-15,2023-05-15,146,20.64181790909091,21.88931549403293,-1.2474975849420213,0.2289876900814813,0.8534710743801653,High,0.8534710743801653,High,2023-05,GAM: cyclic Jday + SST anomaly + J-EGG500 IDW depth,historical_oisst_monthly_mean,NOAA OISST historical,Monthly mean of fixed-reference relative percentiles; not an absolute probability.
2023,5,11,32.77052,133.019357,47.4,28,47.4,B,窪津,窪津 / NetID 11,2023-05-15,2023-05-15,146,21.25454509090909,21.88931549403293,-0.6347704031238396,0.21465737458074358,0.8447658402203857,High,0.8447658402203857,High,2023-05,GAM: cyclic Jday + SST anomaly + J-EGG500 IDW depth,historical_oisst_monthly_mean,NOAA OISST historical,Monthly mean of fixed-reference relative percentiles; not an absolute probability.
2023,5,3,32.812774,132.642032,54.7,44,54.7,A,橘浦,橘浦 / NetID 3,2023-05-15,2023-05-15,146,20.33272690909091,21.88931549403293,-1.556588584942022,0.20118336606895978,0.8358677685950413,High,0.8358677685950413,High,2023-05,GAM: cyclic Jday + SST anomaly + J-EGG500 IDW depth,historical_oisst_monthly_mean,NOAA OISST historical,Monthly mean of fixed-reference relative percentiles; not an absolute probability.
2023,5,2,32.802579,132.633563,56,41,56,C,安満地,安満地 / NetID 2,2023-05-15,2023-05-15,146,20.33272690909091,21.88931549403293,-1.556588584942022,0.1848268066306694,0.8245179063360881,High,0.8245179063360881,High,2023-05,GAM: cyclic Jday + SST anomaly + J-EGG500 IDW depth,historical_oisst_monthly_mean,NOAA OISST historical,Monthly mean of fixed-reference relative percentiles; not an absolute probability.
2023,5,15,33.269809,134.202371,56.9,47,56.9,A,高岡,高岡 / NetID 15,2023-05-15,2023-05-15,146,20.64181790909091,21.88931549403293,-1.2474975849420213,0.18350708178517602,0.8240220385674931,High,0.8240220385674931,High,2023-05,GAM: cyclic Jday + SST anomaly + J-EGG500 IDW depth,historical_oisst_monthly_mean,NOAA OISST historical,Monthly mean of fixed-reference relative percentiles; not an absolute probability.
2023,5,20,33.593837,134.379416,36.1,33,36.1,A,鞆浦,鞆浦 / NetID 20,2023-05-15,2023-05-15,146,19.76999981818182,21.88931549403293,-2.1193156758511127,0.17422738623007283,0.816060606060606,High,0.816060606060606,High,2023-05,GAM: cyclic Jday + SST anomaly + J-EGG500 IDW depth,historical_oisst_monthly_mean,NOAA OISST historical,Monthly mean of fixed-reference relative percentiles; not an absolute probability.
2023,5,10,33.35765,133.337593,6.1,19,6.1,A,双子,双子 / NetID 10,2023-05-15,2023-05-15,146,21.21727272727273,21.88931549403293,-0.6720427667602038,0.14039810170596173,0.7861157024793388,High,0.7861157024793388,High,2023-05,GAM: cyclic Jday + SST anomaly + J-EGG500 IDW depth,historical_oisst_monthly_mean,NOAA OISST historical,Monthly mean of fixed-reference relative percentiles; not an absolute probability.
2023,5,12,33.400017,134.011099,23.7,26,23.7,A,奈半利,奈半利 / NetID 12,2023-05-15,2023-05-15,146,20.64181790909091,21.88931549403293,-1.2474975849420213,0.0763089355463488,0.7,Moderate,0.7,Moderate,2023-05,GAM: cyclic Jday + SST anomaly + J-EGG500 IDW depth,historical_oisst_monthly_mean,NOAA OISST historical,Monthly mean of fixed-reference relative percentiles; not an absolute probability.
2023,5,8,32.734923,133.029438,42.8,49,42.8,A,伊佐,伊佐 / NetID 8,2023-05-15,2023-05-15,146,21.261817909090908,21.88931549403293,-0.6274975849420223,0.06211525193833173,0.6709366391184572,Moderate,0.6709366391184572,Moderate,2023-05,GAM: cyclic Jday + SST anomaly + J-EGG500 IDW depth,historical_oisst_monthly_mean,NOAA OISST historical,Monthly mean of fixed-reference relative percentiles; not an absolute probability.
2023,5,9,33.159542,133.224963,42,34,42,A,窪川,窪川 / NetID 9,2023-05-15,2023-05-15,146,21.276363363636364,21.88931549403293,-0.6129521303965672,0.05154844480970531,0.6452341597796143,Moderate,0.6452341597796143,Moderate,2023-05,GAM: cyclic Jday + SST anomaly + J-EGG500 IDW depth,historical_oisst_monthly_mean,NOAA OISST historical,Monthly mean of fixed-reference relative percentiles; not an absolute probability.
2023,5,1,32.793914,132.628975,40,30,40,A,一切,一切 / NetID 1,2023-05-15,2023-05-15,146,20.33272690909091,21.88931549403293,-1.556588584942022,0.03952619183702091,0.60366391184573,Moderate,0.60366391184573,Moderate,2023-05,GAM: cyclic Jday + SST anomaly + J-EGG500 IDW depth,historical_oisst_monthly_mean,NOAA OISST historical,Monthly mean of fixed-reference relative percentiles; not an absolute probability.
2023,5,4,32.784353,132.703013,40.3,45,40.3,B,古満目,古満目 / NetID 4,2023-05-15,2023-05-15,146,20.33272690909091,21.88931549403293,-1.556588584942022,0.0383394789205333,0.5987052341597796,Moderate,0.5987052341597796,Moderate,2023-05,GAM: cyclic Jday + SST anomaly + J-EGG500 IDW depth,historical_oisst_monthly_mean,NOAA OISST historical,Monthly mean of fixed-reference relative percentiles; not an absolute probability.
2023,5,13,33.360612,134.043999,17.1,23,17.1,A,羽根,羽根 / NetID 13,2023-05-15,2023-05-15,146,20.64181790909091,21.88931549403293,-1.2474975849420213,0.025451493513816023,0.5294490358126722,Moderate,0.5294490358126722,Moderate,2023-05,GAM: cyclic Jday + SST anomaly + J-EGG500 IDW depth,historical_oisst_monthly_mean,NOAA OISST historical,Monthly mean of fixed-reference relative percentiles; not an absolute probability.
2023,6,16,33.302961,134.204049,83.4,60,83.4,A,三津,三津 / NetID 16,2023-06-15,2023-06-15,166,22.436333166666667,23.36632223983202,-0.9299890731653538,0.45739033757880077,0.9608080808080808,Very high,0.9608080808080808,Very high,2023-06,GAM: cyclic Jday + SST anomaly + J-EGG500 IDW depth,historical_oisst_monthly_mean,NOAA OISST historical,Monthly mean of fixed-reference relative percentiles; not an absolute probability.
2023,6,19,33.456354,134.256776,49.8,40,49.8,A,東洋,東洋 / NetID 19,2023-06-15,2023-06-15,166,22.518333066666667,23.36632223983202,-0.8479891731653542,0.37108854023598864,0.926979797979798,Very high,0.926979797979798,Very high,2023-06,GAM: cyclic Jday + SST anomaly + J-EGG500 IDW depth,historical_oisst_monthly_mean,NOAA OISST historical,Monthly mean of fixed-reference relative percentiles; not an absolute probability.
2023,6,17,33.428671,134.243505,50.7,45,50.7,A,佐喜浜,佐喜浜 / NetID 17,2023-06-15,2023-06-15,166,22.436333166666667,23.36632223983202,-0.9299890731653538,0.3718021419656709,0.926939393939394,Very high,0.926939393939394,Very high,2023-06,GAM: cyclic Jday + SST anomaly + J-EGG500 IDW depth,historical_oisst_monthly_mean,NOAA OISST historical,Monthly mean of fixed-reference relative percentiles; not an absolute probability.
2023,6,18,33.455525,134.256103,49.3,44,49.3,A,野根,野根 / NetID 18,2023-06-15,2023-06-15,166,22.518333066666667,23.36632223983202,-0.8479891731653542,0.363592929778835,0.923,Very high,0.923,Very high,2023-06,GAM: cyclic Jday + SST anomaly + J-EGG500 IDW depth,historical_oisst_monthly_mean,NOAA OISST historical,Monthly mean of fixed-reference relative percentiles; not an absolute probability.
2023,6,14,33.311308,134.201197,35.8,30,35.8,A,椎名,椎名 / NetID 14,2023-06-15,2023-06-15,166,22.436333166666667,23.36632223983202,-0.9299890731653538,0.33771695687192244,0.9088181818181819,Very high,0.9088181818181819,Very high,2023-06,GAM: cyclic Jday + SST anomaly + J-EGG500 IDW depth,historical_oisst_monthly_mean,NOAA OISST historical,Monthly mean of fixed-reference relative percentiles; not an absolute probability.
2023,6,11,32.77052,133.019357,47.4,28,47.4,B,窪津,窪津 / NetID 11,2023-06-15,2023-06-15,166,22.822999766666666,23.36632223983202,-0.543322473165354,0.3099003359085436,0.8941212121212121,High,0.8941212121212121,High,2023-06,GAM: cyclic Jday + SST anomaly + J-EGG500 IDW depth,historical_oisst_monthly_mean,NOAA OISST historical,Monthly mean of fixed-reference relative percentiles; not an absolute probability.
2023,6,3,32.812774,132.642032,54.7,44,54.7,A,橘浦,橘浦 / NetID 3,2023-06-15,2023-06-15,166,22.320999633333333,23.36632223983202,-1.0453226064986876,0.3086781302589088,0.8940303030303031,High,0.8940303030303031,High,2023-06,GAM: cyclic Jday + SST anomaly + J-EGG500 IDW depth,historical_oisst_monthly_mean,NOAA OISST historical,Monthly mean of fixed-reference relative percentiles; not an absolute probability.
2023,6,20,33.593837,134.379416,36.1,33,36.1,A,鞆浦,鞆浦 / NetID 20,2023-06-15,2023-06-15,166,22.2976664,23.36632223983202,-1.0686558398320205,0.29135633365617664,0.8855353535353535,High,0.8855353535353535,High,2023-06,GAM: cyclic Jday + SST anomaly + J-EGG500 IDW depth,historical_oisst_monthly_mean,NOAA OISST historical,Monthly mean of fixed-reference relative percentiles; not an absolute probability.
2023,6,2,32.802579,132.633563,56,41,56,C,安満地,安満地 / NetID 2,2023-06-15,2023-06-15,166,22.320999633333333,23.36632223983202,-1.0453226064986876,0.2865733796938357,0.8834040404040404,High,0.8834040404040404,High,2023-06,GAM: cyclic Jday + SST anomaly + J-EGG500 IDW depth,historical_oisst_monthly_mean,NOAA OISST historical,Monthly mean of fixed-reference relative percentiles; not an absolute probability.
2023,6,15,33.269809,134.202371,56.9,47,56.9,A,高岡,高岡 / NetID 15,2023-06-15,2023-06-15,166,22.436333166666667,23.36632223983202,-0.9299890731653538,0.2780921091185748,0.8797171717171717,High,0.8797171717171717,High,2023-06,GAM: cyclic Jday + SST anomaly + J-EGG500 IDW depth,historical_oisst_monthly_mean,NOAA OISST historical,Monthly mean of fixed-reference relative percentiles; not an absolute probability.
2023,6,10,33.35765,133.337593,6.1,19,6.1,A,双子,双子 / NetID 10,2023-06-15,2023-06-15,166,22.3846663,23.36632223983202,-0.9816559398320209,0.20018198767837558,0.8383131313131313,High,0.8383131313131313,High,2023-06,GAM: cyclic Jday + SST anomaly + J-EGG500 IDW depth,historical_oisst_monthly_mean,NOAA OISST historical,Monthly mean of fixed-reference relative percentiles; not an absolute probability.
2023,6,12,33.400017,134.011099,23.7,26,23.7,A,奈半利,奈半利 / NetID 12,2023-06-15,2023-06-15,166,22.436333166666667,23.36632223983202,-0.9299890731653538,0.12360575415145326,0.7698585858585858,High,0.7698585858585858,High,2023-06,GAM: cyclic Jday + SST anomaly + J-EGG500 IDW depth,historical_oisst_monthly_mean,NOAA OISST historical,Monthly mean of fixed-reference relative percentiles; not an absolute probability.
2023,6,8,32.734923,133.029438,42.8,49,42.8,A,伊佐,伊佐 / NetID 8,2023-06-15,2023-06-15,166,23.4923331,23.36632223983202,0.12601086016797916,0.10874676392615223,0.7515757575757576,High,0.7515757575757576,High,2023-06,GAM: cyclic Jday + SST anomaly + J-EGG500 IDW depth,historical_oisst_monthly_mean,NOAA OISST historical,Monthly mean of fixed-reference relative percentiles; not an absolute probability.
2023,6,9,33.159542,133.224963,42,34,42,A,窪川,窪川 / NetID 9,2023-06-15,2023-06-15,166,22.491666466666665,23.36632223983202,-0.8746557731653541,0.07674398893487441,0.7037777777777778,Moderate,0.7037777777777778,Moderate,2023-06,GAM: cyclic Jday + SST anomaly + J-EGG500 IDW depth,historical_oisst_monthly_mean,NOAA OISST historical,Monthly mean of fixed-reference relative percentiles; not an absolute probability.
2023,6,1,32.793914,132.628975,40,30,40,A,一切,一切 / NetID 1,2023-06-15,2023-06-15,166,22.320999633333333,23.36632223983202,-1.0453226064986876,0.06756791331378247,0.6852020202020201,Moderate,0.6852020202020201,Moderate,2023-06,GAM: cyclic Jday + SST anomaly + J-EGG500 IDW depth,historical_oisst_monthly_mean,NOAA OISST historical,Monthly mean of fixed-reference relative percentiles; not an absolute probability.
2023,6,4,32.784353,132.703013,40.3,45,40.3,B,古満目,古満目 / NetID 4,2023-06-15,2023-06-15,166,22.320999633333333,23.36632223983202,-1.0453226064986876,0.0655938544517541,0.6811818181818182,Moderate,0.6811818181818182,Moderate,2023-06,GAM: cyclic Jday + SST anomaly + J-EGG500 IDW depth,historical_oisst_monthly_mean,NOAA OISST historical,Monthly mean of fixed-reference relative percentiles; not an absolute probability.
2023,6,13,33.360612,134.043999,17.1,23,17.1,A,羽根,羽根 / NetID 13,2023-06-15,2023-06-15,166,22.436333166666667,23.36632223983202,-0.9299890731653538,0.042609500651645316,0.6218181818181818,Moderate,0.6218181818181818,Moderate,2023-06,GAM: cyclic Jday + SST anomaly + J-EGG500 IDW depth,historical_oisst_monthly_mean,NOAA OISST historical,Monthly mean of fixed-reference relative percentiles; not an absolute probability.
2023,7,16,33.302961,134.204049,83.4,60,83.4,A,三津,三津 / NetID 16,2023-07-15,2023-07-15,196,25.726428214285715,26.15312272183946,-0.4266945075537438,0.29335384400611064,0.8875865800865801,High,0.8875865800865801,High,2023-07,GAM: cyclic Jday + SST anomaly + J-EGG500 IDW depth,historical_oisst_monthly_mean,NOAA OISST historical,Monthly mean of fixed-reference relative percentiles; not an absolute probability.
2023,7,17,33.428671,134.243505,50.7,45,50.7,A,佐喜浜,佐喜浜 / NetID 17,2023-07-15,2023-07-15,196,25.726428214285715,26.15312272183946,-0.4266945075537438,0.22615217613899102,0.8521103896103897,High,0.8521103896103897,High,2023-07,GAM: cyclic Jday + SST anomaly + J-EGG500 IDW depth,historical_oisst_monthly_mean,NOAA OISST historical,Monthly mean of fixed-reference relative percentiles; not an absolute probability.
2023,7,19,33.456354,134.256776,49.8,40,49.8,A,東洋,東洋 / NetID 19,2023-07-15,2023-07-15,196,25.501071142857143,26.15312272183946,-0.6520515789823149,0.21653246346600558,0.845995670995671,High,0.845995670995671,High,2023-07,GAM: cyclic Jday + SST anomaly + J-EGG500 IDW depth,historical_oisst_monthly_mean,NOAA OISST historical,Monthly mean of fixed-reference relative percentiles; not an absolute probability.
2023,7,18,33.455525,134.256103,49.3,44,49.3,A,野根,野根 / NetID 18,2023-07-15,2023-07-15,196,25.501071142857143,26.15312272183946,-0.6520515789823149,0.21115375239497675,0.8426298701298701,High,0.8426298701298701,High,2023-07,GAM: cyclic Jday + SST anomaly + J-EGG500 IDW depth,historical_oisst_monthly_mean,NOAA OISST historical,Monthly mean of fixed-reference relative percentiles; not an absolute probability.
2023,7,14,33.311308,134.201197,35.8,30,35.8,A,椎名,椎名 / NetID 14,2023-07-15,2023-07-15,196,25.726428214285715,26.15312272183946,-0.4266945075537438,0.20129787789276882,0.8364285714285714,High,0.8364285714285714,High,2023-07,GAM: cyclic Jday + SST anomaly + J-EGG500 IDW depth,historical_oisst_monthly_mean,NOAA OISST historical,Monthly mean of fixed-reference relative percentiles; not an absolute probability.
2023,7,3,32.812774,132.642032,54.7,44,54.7,A,橘浦,橘浦 / NetID 3,2023-07-15,2023-07-15,196,25.947856964285712,26.15312272183946,-0.2052657575537436,0.19060858624919336,0.8285389610389611,High,0.8285389610389611,High,2023-07,GAM: cyclic Jday + SST anomaly + J-EGG500 IDW depth,historical_oisst_monthly_mean,NOAA OISST historical,Monthly mean of fixed-reference relative percentiles; not an absolute probability.
2023,7,11,32.77052,133.019357,47.4,28,47.4,B,窪津,窪津 / NetID 11,2023-07-15,2023-07-15,196,26.06785682142857,26.15312272183946,-0.08526590041088587,0.18097088609137324,0.8217099567099567,High,0.8217099567099567,High,2023-07,GAM: cyclic Jday + SST anomaly + J-EGG500 IDW depth,historical_oisst_monthly_mean,NOAA OISST historical,Monthly mean of fixed-reference relative percentiles; not an absolute probability.
2023,7,2,32.802579,132.633563,56,41,56,C,安満地,安満地 / NetID 2,2023-07-15,2023-07-15,196,25.947856964285712,26.15312272183946,-0.2052657575537436,0.17493949978696294,0.8158116883116883,High,0.8158116883116883,High,2023-07,GAM: cyclic Jday + SST anomaly + J-EGG500 IDW depth,historical_oisst_monthly_mean,NOAA OISST historical,Monthly mean of fixed-reference relative percentiles; not an absolute probability.
2023,7,15,33.269809,134.202371,56.9,47,56.9,A,高岡,高岡 / NetID 15,2023-07-15,2023-07-15,196,25.726428214285715,26.15312272183946,-0.4266945075537438,0.160151816625435,0.8040584415584415,High,0.8040584415584415,High,2023-07,GAM: cyclic Jday + SST anomaly + J-EGG500 IDW depth,historical_oisst_monthly_mean,NOAA OISST historical,Monthly mean of fixed-reference relative percentiles; not an absolute probability.
2023,7,20,33.593837,134.379416,36.1,33,36.1,A,鞆浦,鞆浦 / NetID 20,2023-07-15,2023-07-15,196,24.992142607142856,26.15312272183946,-1.160980114696601,0.155207936361398,0.7990800865800866,High,0.7990800865800866,High,2023-07,GAM: cyclic Jday + SST anomaly + J-EGG500 IDW depth,historical_oisst_monthly_mean,NOAA OISST historical,Monthly mean of fixed-reference relative percentiles; not an absolute probability.
2023,7,10,33.35765,133.337593,6.1,19,6.1,A,双子,双子 / NetID 10,2023-07-15,2023-07-15,196,26.038571214285714,26.15312272183946,-0.11455150755374392,0.11689596747217745,0.7598917748917748,High,0.7598917748917748,High,2023-07,GAM: cyclic Jday + SST anomaly + J-EGG500 IDW depth,historical_oisst_monthly_mean,NOAA OISST historical,Monthly mean of fixed-reference relative percentiles; not an absolute probability.
2023,7,12,33.400017,134.011099,23.7,26,23.7,A,奈半利,奈半利 / NetID 12,2023-07-15,2023-07-15,196,25.726428214285715,26.15312272183946,-0.4266945075537438,0.0654738116076262,0.6790584415584415,Moderate,0.6790584415584415,Moderate,2023-07,GAM: cyclic Jday + SST anomaly + J-EGG500 IDW depth,historical_oisst_monthly_mean,NOAA OISST historical,Monthly mean of fixed-reference relative percentiles; not an absolute probability.
2023,7,8,32.734923,133.029438,42.8,49,42.8,A,伊佐,伊佐 / NetID 8,2023-07-15,2023-07-15,196,26.583571214285715,26.15312272183946,0.4304484924462561,0.05529433200971502,0.656060606060606,Moderate,0.656060606060606,Moderate,2023-07,GAM: cyclic Jday + SST anomaly + J-EGG500 IDW depth,historical_oisst_monthly_mean,NOAA OISST historical,Monthly mean of fixed-reference relative percentiles; not an absolute probability.
2023,7,9,33.159542,133.224963,42,34,42,A,窪川,窪川 / NetID 9,2023-07-15,2023-07-15,196,25.810713928571428,26.15312272183946,-0.3424087932680295,0.04011486576100794,0.6061904761904762,Moderate,0.6061904761904762,Moderate,2023-07,GAM: cyclic Jday + SST anomaly + J-EGG500 IDW depth,historical_oisst_monthly_mean,NOAA OISST historical,Monthly mean of fixed-reference relative percentiles; not an absolute probability.
2023,7,1,32.793914,132.628975,40,30,40,A,一切,一切 / NetID 1,2023-07-15,2023-07-15,196,25.947856964285712,26.15312272183946,-0.2052657575537436,0.037095723383222215,0.5923593073593074,Moderate,0.5923593073593074,Moderate,2023-07,GAM: cyclic Jday + SST anomaly + J-EGG500 IDW depth,historical_oisst_monthly_mean,NOAA OISST historical,Monthly mean of fixed-reference relative percentiles; not an absolute probability.
2023,7,4,32.784353,132.703013,40.3,45,40.3,B,古満目,古満目 / NetID 4,2023-07-15,2023-07-15,196,25.947856964285712,26.15312272183946,-0.2052657575537436,0.03597955880848998,0.5871753246753246,Moderate,0.5871753246753246,Moderate,2023-07,GAM: cyclic Jday + SST anomaly + J-EGG500 IDW depth,historical_oisst_monthly_mean,NOAA OISST historical,Monthly mean of fixed-reference relative percentiles; not an absolute probability.
2023,7,13,33.360612,134.043999,17.1,23,17.1,A,羽根,羽根 / NetID 13,2023-07-15,2023-07-15,196,25.726428214285715,26.15312272183946,-0.4266945075537438,0.02166274474805226,0.5018398268398269,Moderate,0.5018398268398269,Moderate,2023-07,GAM: cyclic Jday + SST anomaly + J-EGG500 IDW depth,historical_oisst_monthly_mean,NOAA OISST historical,Monthly mean of fixed-reference relative percentiles; not an absolute probability.
2024,4,16,33.302961,134.204049,83.4,60,83.4,A,三津,三津 / NetID 16,2024-04-15,2024-04-15,118,20.318749750000002,19.766252582078373,0.5524971679216293,0.08207974902879601,0.711780303030303,Moderate,0.711780303030303,Moderate,2024-04,GAM: cyclic Jday + SST anomaly + J-EGG500 IDW depth,historical_oisst_monthly_mean,NOAA OISST historical,Monthly mean of fixed-reference relative percentiles; not an absolute probability.
2024,4,17,33.428671,134.243505,50.7,45,50.7,A,佐喜浜,佐喜浜 / NetID 17,2024-04-15,2024-04-15,118,20.318749750000002,19.766252582078373,0.5524971679216293,0.059047996163475516,0.6671969696969697,Moderate,0.6671969696969697,Moderate,2024-04,GAM: cyclic Jday + SST anomaly + J-EGG500 IDW depth,historical_oisst_monthly_mean,NOAA OISST historical,Monthly mean of fixed-reference relative percentiles; not an absolute probability.
2024,4,19,33.456354,134.256776,49.8,40,49.8,A,東洋,東洋 / NetID 19,2024-04-15,2024-04-15,118,20.02124975,19.766252582078373,0.2549971679216285,0.05529214745257473,0.657689393939394,Moderate,0.657689393939394,Moderate,2024-04,GAM: cyclic Jday + SST anomaly + J-EGG500 IDW depth,historical_oisst_monthly_mean,NOAA OISST historical,Monthly mean of fixed-reference relative percentiles; not an absolute probability.
2024,4,18,33.455525,134.256103,49.3,44,49.3,A,野根,野根 / NetID 18,2024-04-15,2024-04-15,118,20.02124975,19.766252582078373,0.2549971679216285,0.05362919849189654,0.653219696969697,Moderate,0.653219696969697,Moderate,2024-04,GAM: cyclic Jday + SST anomaly + J-EGG500 IDW depth,historical_oisst_monthly_mean,NOAA OISST historical,Monthly mean of fixed-reference relative percentiles; not an absolute probability.
2024,4,14,33.311308,134.201197,35.8,30,35.8,A,椎名,椎名 / NetID 14,2024-04-15,2024-04-15,118,20.318749750000002,19.766252582078373,0.5524971679216293,0.05128288318851,0.6476515151515152,Moderate,0.6476515151515152,Moderate,2024-04,GAM: cyclic Jday + SST anomaly + J-EGG500 IDW depth,historical_oisst_monthly_mean,NOAA OISST historical,Monthly mean of fixed-reference relative percentiles; not an absolute probability.
2024,4,11,32.77052,133.019357,47.4,28,47.4,B,窪津,窪津 / NetID 11,2024-04-15,2024-04-15,118,20.581249624999998,19.766252582078373,0.8149970429216289,0.04460850825176866,0.6271590909090909,Moderate,0.6271590909090909,Moderate,2024-04,GAM: cyclic Jday + SST anomaly + J-EGG500 IDW depth,historical_oisst_monthly_mean,NOAA OISST historical,Monthly mean of fixed-reference relative percentiles; not an absolute probability.
2024,4,3,32.812774,132.642032,54.7,44,54.7,A,橘浦,橘浦 / NetID 3,2024-04-15,2024-04-15,118,19.71499975,19.766252582078373,-0.05125283207837139,0.041646488309034335,0.6158712121212121,Moderate,0.6158712121212121,Moderate,2024-04,GAM: cyclic Jday + SST anomaly + J-EGG500 IDW depth,historical_oisst_monthly_mean,NOAA OISST historical,Monthly mean of fixed-reference relative percentiles; not an absolute probability.
2024,4,15,33.269809,134.202371,56.9,47,56.9,A,高岡,高岡 / NetID 15,2024-04-15,2024-04-15,118,20.318749750000002,19.766252582078373,0.5524971679216293,0.03921730277923803,0.6071590909090909,Moderate,0.6071590909090909,Moderate,2024-04,GAM: cyclic Jday + SST anomaly + J-EGG500 IDW depth,historical_oisst_monthly_mean,NOAA OISST historical,Monthly mean of fixed-reference relative percentiles; not an absolute probability.
2024,4,2,32.802579,132.633563,56,41,56,C,安満地,安満地 / NetID 2,2024-04-15,2024-04-15,118,19.71499975,19.766252582078373,-0.05125283207837139,0.037617102464860414,0.5996212121212121,Moderate,0.5996212121212121,Moderate,2024-04,GAM: cyclic Jday + SST anomaly + J-EGG500 IDW depth,historical_oisst_monthly_mean,NOAA OISST historical,Monthly mean of fixed-reference relative percentiles; not an absolute probability.
2024,4,20,33.593837,134.379416,36.1,33,36.1,A,鞆浦,鞆浦 / NetID 20,2024-04-15,2024-04-15,118,19.29374975,19.766252582078373,-0.47250283207837107,0.03589549673818902,0.5917045454545454,Moderate,0.5917045454545454,Moderate,2024-04,GAM: cyclic Jday + SST anomaly + J-EGG500 IDW depth,historical_oisst_monthly_mean,NOAA OISST historical,Monthly mean of fixed-reference relative percentiles; not an absolute probability.
2024,4,10,33.35765,133.337593,6.1,19,6.1,A,双子,双子 / NetID 10,2024-04-15,2024-04-15,118,20.24249975,19.766252582078373,0.476247167921628,0.025759661966167743,0.5331439393939394,Moderate,0.5331439393939394,Moderate,2024-04,GAM: cyclic Jday + SST anomaly + J-EGG500 IDW depth,historical_oisst_monthly_mean,NOAA OISST historical,Monthly mean of fixed-reference relative percentiles; not an absolute probability.
2024,4,12,33.400017,134.011099,23.7,26,23.7,A,奈半利,奈半利 / NetID 12,2024-04-15,2024-04-15,118,20.318749750000002,19.766252582078373,0.5524971679216293,0.014706997698793002,0.4403030303030303,Low,0.4403030303030303,Low,2024-04,GAM: cyclic Jday + SST anomaly + J-EGG500 IDW depth,historical_oisst_monthly_mean,NOAA OISST historical,Monthly mean of fixed-reference relative percentiles; not an absolute probability.
2024,4,8,32.734923,133.029438,42.8,49,42.8,A,伊佐,伊佐 / NetID 8,2024-04-15,2024-04-15,118,20.751249875,19.766252582078373,0.9849972929216282,0.011491138778379222,0.39825757575757575,Low,0.39825757575757575,Low,2024-04,GAM: cyclic Jday + SST anomaly + J-EGG500 IDW depth,historical_oisst_monthly_mean,NOAA OISST historical,Monthly mean of fixed-reference relative percentiles; not an absolute probability.
2024,4,9,33.159542,133.224963,42,34,42,A,窪川,窪川 / NetID 9,2024-04-15,2024-04-15,118,20.336249625,19.766252582078373,0.5699970429216297,0.008690661785948465,0.3582575757575758,Low,0.3582575757575758,Low,2024-04,GAM: cyclic Jday + SST anomaly + J-EGG500 IDW depth,historical_oisst_monthly_mean,NOAA OISST historical,Monthly mean of fixed-reference relative percentiles; not an absolute probability.
2024,4,1,32.793914,132.628975,40,30,40,A,一切,一切 / NetID 1,2024-04-15,2024-04-15,118,19.71499975,19.766252582078373,-0.05125283207837139,0.006988106361201703,0.3297727272727273,Low,0.3297727272727273,Low,2024-04,GAM: cyclic Jday + SST anomaly + J-EGG500 IDW depth,historical_oisst_monthly_mean,NOAA OISST historical,Monthly mean of fixed-reference relative percentiles; not an absolute probability.
2024,4,4,32.784353,132.703013,40.3,45,40.3,B,古満目,古満目 / NetID 4,2024-04-15,2024-04-15,118,19.71499975,19.766252582078373,-0.05125283207837139,0.006770957389619998,0.32575757575757575,Low,0.32575757575757575,Low,2024-04,GAM: cyclic Jday + SST anomaly + J-EGG500 IDW depth,historical_oisst_monthly_mean,NOAA OISST historical,Monthly mean of fixed-reference relative percentiles; not an absolute probability.
2024,4,13,33.360612,134.043999,17.1,23,17.1,A,羽根,羽根 / NetID 13,2024-04-15,2024-04-15,118,20.318749750000002,19.766252582078373,0.5524971679216293,0.004684873954887298,0.2758333333333333,Low,0.2758333333333333,Low,2024-04,GAM: cyclic Jday + SST anomaly + J-EGG500 IDW depth,historical_oisst_monthly_mean,NOAA OISST historical,Monthly mean of fixed-reference relative percentiles; not an absolute probability.
2024,5,16,33.302961,134.204049,83.4,60,83.4,A,三津,三津 / NetID 16,2024-05-15,2024-05-15,137,21.414838451612905,21.204137346129166,0.21070110548373921,0.2675104512837692,0.8656695992179864,High,0.8656695992179864,High,2024-05,GAM: cyclic Jday + SST anomaly + J-EGG500 IDW depth,historical_oisst_monthly_mean,NOAA OISST historical,Monthly mean of fixed-reference relative percentiles; not an absolute probability.
2024,5,17,33.428671,134.243505,50.7,45,50.7,A,佐喜浜,佐喜浜 / NetID 17,2024-05-15,2024-05-15,137,21.414838451612905,21.204137346129166,0.21070110548373921,0.20764653098625552,0.8259530791788856,High,0.8259530791788856,High,2024-05,GAM: cyclic Jday + SST anomaly + J-EGG500 IDW depth,historical_oisst_monthly_mean,NOAA OISST historical,Monthly mean of fixed-reference relative percentiles; not an absolute probability.
2024,5,19,33.456354,134.256776,49.8,40,49.8,A,東洋,東洋 / NetID 19,2024-05-15,2024-05-15,137,21.12225777419355,21.204137346129166,-0.08187957193561532,0.19845219073924422,0.8175855327468231,High,0.8175855327468231,High,2024-05,GAM: cyclic Jday + SST anomaly + J-EGG500 IDW depth,historical_oisst_monthly_mean,NOAA OISST historical,Monthly mean of fixed-reference relative percentiles; not an absolute probability.
2024,5,18,33.455525,134.256103,49.3,44,49.3,A,野根,野根 / NetID 18,2024-05-15,2024-05-15,137,21.12225777419355,21.204137346129166,-0.08187957193561532,0.1936737250314029,0.8133822091886608,High,0.8133822091886608,High,2024-05,GAM: cyclic Jday + SST anomaly + J-EGG500 IDW depth,historical_oisst_monthly_mean,NOAA OISST historical,Monthly mean of fixed-reference relative percentiles; not an absolute probability.
2024,5,14,33.311308,134.201197,35.8,30,35.8,A,椎名,椎名 / NetID 14,2024-05-15,2024-05-15,137,21.414838451612905,21.204137346129166,0.21070110548373921,0.1854047293041419,0.8084164222873901,High,0.8084164222873901,High,2024-05,GAM: cyclic Jday + SST anomaly + J-EGG500 IDW depth,historical_oisst_monthly_mean,NOAA OISST historical,Monthly mean of fixed-reference relative percentiles; not an absolute probability.
2024,5,11,32.77052,133.019357,47.4,28,47.4,B,窪津,窪津 / NetID 11,2024-05-15,2024-05-15,137,21.97322551612903,21.204137346129166,0.7690881699998681,0.1703251747377193,0.7981133919843597,High,0.7981133919843597,High,2024-05,GAM: cyclic Jday + SST anomaly + J-EGG500 IDW depth,historical_oisst_monthly_mean,NOAA OISST historical,Monthly mean of fixed-reference relative percentiles; not an absolute probability.
2024,5,3,32.812774,132.642032,54.7,44,54.7,A,橘浦,橘浦 / NetID 3,2024-05-15,2024-05-15,137,21.079354741935482,21.204137346129166,-0.12478260419368005,0.15640791768591433,0.7904692082111437,High,0.7904692082111437,High,2024-05,GAM: cyclic Jday + SST anomaly + J-EGG500 IDW depth,historical_oisst_monthly_mean,NOAA OISST historical,Monthly mean of fixed-reference relative percentiles; not an absolute probability.
2024,5,2,32.802579,132.633563,56,41,56,C,安満地,安満地 / NetID 2,2024-05-15,2024-05-15,137,21.079354741935482,21.204137346129166,-0.12478260419368005,0.14332614067556165,0.777683284457478,High,0.777683284457478,High,2024-05,GAM: cyclic Jday + SST anomaly + J-EGG500 IDW depth,historical_oisst_monthly_mean,NOAA OISST historical,Monthly mean of fixed-reference relative percentiles; not an absolute probability.
2024,5,15,33.269809,134.202371,56.9,47,56.9,A,高岡,高岡 / NetID 15,2024-05-15,2024-05-15,137,21.414838451612905,21.204137346129166,0.21070110548373921,0.14837880774141152,0.7762756598240469,High,0.7762756598240469,High,2024-05,GAM: cyclic Jday + SST anomaly + J-EGG500 IDW depth,historical_oisst_monthly_mean,NOAA OISST historical,Monthly mean of fixed-reference relative percentiles; not an absolute probability.
2024,5,20,33.593837,134.379416,36.1,33,36.1,A,鞆浦,鞆浦 / NetID 20,2024-05-15,2024-05-15,137,20.681612483870968,21.204137346129166,-0.5225248622581966,0.14625230888618398,0.7704007820136852,High,0.7704007820136852,High,2024-05,GAM: cyclic Jday + SST anomaly + J-EGG500 IDW depth,historical_oisst_monthly_mean,NOAA OISST historical,Monthly mean of fixed-reference relative percentiles; not an absolute probability.
2024,5,10,33.35765,133.337593,6.1,19,6.1,A,双子,双子 / NetID 10,2024-05-15,2024-05-15,137,21.30838687096774,21.204137346129166,0.10424952483857781,0.10250523075900304,0.7228641251221897,Moderate,0.7228641251221897,Moderate,2024-05,GAM: cyclic Jday + SST anomaly + J-EGG500 IDW depth,historical_oisst_monthly_mean,NOAA OISST historical,Monthly mean of fixed-reference relative percentiles; not an absolute probability.
2024,5,12,33.400017,134.011099,23.7,26,23.7,A,奈半利,奈半利 / NetID 12,2024-05-15,2024-05-15,137,21.414838451612905,21.204137346129166,0.21070110548373921,0.06170401719725677,0.6458553274682307,Moderate,0.6458553274682307,Moderate,2024-05,GAM: cyclic Jday + SST anomaly + J-EGG500 IDW depth,historical_oisst_monthly_mean,NOAA OISST historical,Monthly mean of fixed-reference relative percentiles; not an absolute probability.
2024,5,8,32.734923,133.029438,42.8,49,42.8,A,伊佐,伊佐 / NetID 8,2024-05-15,2024-05-15,137,23.088064225806452,21.204137346129166,1.8839268796772874,0.05880816793780539,0.6410166177908113,Moderate,0.6410166177908113,Moderate,2024-05,GAM: cyclic Jday + SST anomaly + J-EGG500 IDW depth,historical_oisst_monthly_mean,NOAA OISST historical,Monthly mean of fixed-reference relative percentiles; not an absolute probability.
2024,5,9,33.159542,133.224963,42,34,42,A,窪川,窪川 / NetID 9,2024-05-15,2024-05-15,137,21.442902903225807,21.204137346129166,0.23876555709664207,0.037089042005384126,0.5670381231671554,Moderate,0.5670381231671554,Moderate,2024-05,GAM: cyclic Jday + SST anomaly + J-EGG500 IDW depth,historical_oisst_monthly_mean,NOAA OISST historical,Monthly mean of fixed-reference relative percentiles; not an absolute probability.
2024,5,1,32.793914,132.628975,40,30,40,A,一切,一切 / NetID 1,2024-05-15,2024-05-15,137,21.079354741935482,21.204137346129166,-0.12478260419368005,0.030047226836691237,0.5411925708699902,Moderate,0.5411925708699902,Moderate,2024-05,GAM: cyclic Jday + SST anomaly + J-EGG500 IDW depth,historical_oisst_monthly_mean,NOAA OISST historical,Monthly mean of fixed-reference relative percentiles; not an absolute probability.
2024,5,4,32.784353,132.703013,40.3,45,40.3,B,古満目,古満目 / NetID 4,2024-05-15,2024-05-15,137,21.079354741935482,21.204137346129166,-0.12478260419368005,0.02914093360999043,0.5360703812316715,Moderate,0.5360703812316715,Moderate,2024-05,GAM: cyclic Jday + SST anomaly + J-EGG500 IDW depth,historical_oisst_monthly_mean,NOAA OISST historical,Monthly mean of fixed-reference relative percentiles; not an absolute probability.
2024,5,13,33.360612,134.043999,17.1,23,17.1,A,羽根,羽根 / NetID 13,2024-05-15,2024-05-15,137,21.414838451612905,21.204137346129166,0.21070110548373921,0.020612814474114286,0.4710752688172043,Low,0.4710752688172043,Low,2024-05,GAM: cyclic Jday + SST anomaly + J-EGG500 IDW depth,historical_oisst_monthly_mean,NOAA OISST historical,Monthly mean of fixed-reference relative percentiles; not an absolute probability.
2024,6,16,33.302961,134.204049,83.4,60,83.4,A,三津,三津 / NetID 16,2024-06-15,2024-06-15,168,22.983333066666667,23.443751009489777,-0.4604179428231086,0.4770861495328238,0.9653030303030303,Very high,0.9653030303030303,Very high,2024-06,GAM: cyclic Jday + SST anomaly + J-EGG500 IDW depth,historical_oisst_monthly_mean,NOAA OISST historical,Monthly mean of fixed-reference relative percentiles; not an absolute probability.
2024,6,17,33.428671,134.243505,50.7,45,50.7,A,佐喜浜,佐喜浜 / NetID 17,2024-06-15,2024-06-15,168,22.983333066666667,23.443751009489777,-0.4604179428231086,0.3908118306645753,0.9346565656565656,Very high,0.9346565656565656,Very high,2024-06,GAM: cyclic Jday + SST anomaly + J-EGG500 IDW depth,historical_oisst_monthly_mean,NOAA OISST historical,Monthly mean of fixed-reference relative percentiles; not an absolute probability.
2024,6,19,33.456354,134.256776,49.8,40,49.8,A,東洋,東洋 / NetID 19,2024-06-15,2024-06-15,168,22.8356665,23.443751009489777,-0.6080845094897749,0.3802568634411876,0.9302020202020203,Very high,0.9302020202020203,Very high,2024-06,GAM: cyclic Jday + SST anomaly + J-EGG500 IDW depth,historical_oisst_monthly_mean,NOAA OISST historical,Monthly mean of fixed-reference relative percentiles; not an absolute probability.
2024,6,18,33.455525,134.256103,49.3,44,49.3,A,野根,野根 / NetID 18,2024-06-15,2024-06-15,168,22.8356665,23.443751009489777,-0.6080845094897749,0.3727117386521589,0.9271010101010101,Very high,0.9271010101010101,Very high,2024-06,GAM: cyclic Jday + SST anomaly + J-EGG500 IDW depth,historical_oisst_monthly_mean,NOAA OISST historical,Monthly mean of fixed-reference relative percentiles; not an absolute probability.
2024,6,14,33.311308,134.201197,35.8,30,35.8,A,椎名,椎名 / NetID 14,2024-06-15,2024-06-15,168,22.983333066666667,23.443751009489777,-0.4604179428231086,0.3561049984416145,0.9184646464646464,Very high,0.9184646464646464,Very high,2024-06,GAM: cyclic Jday + SST anomaly + J-EGG500 IDW depth,historical_oisst_monthly_mean,NOAA OISST historical,Monthly mean of fixed-reference relative percentiles; not an absolute probability.
2024,6,3,32.812774,132.642032,54.7,44,54.7,A,橘浦,橘浦 / NetID 3,2024-06-15,2024-06-15,168,23.5366663,23.443751009489777,0.0929152905102247,0.35339334537466816,0.9174545454545454,Very high,0.9174545454545454,Very high,2024-06,GAM: cyclic Jday + SST anomaly + J-EGG500 IDW depth,historical_oisst_monthly_mean,NOAA OISST historical,Monthly mean of fixed-reference relative percentiles; not an absolute probability.
2024,6,11,32.77052,133.019357,47.4,28,47.4,B,窪津,窪津 / NetID 11,2024-06-15,2024-06-15,168,23.8769998,23.443751009489777,0.433248790510225,0.3482386799115807,0.9148080808080808,Very high,0.9148080808080808,Very high,2024-06,GAM: cyclic Jday + SST anomaly + J-EGG500 IDW depth,historical_oisst_monthly_mean,NOAA OISST historical,Monthly mean of fixed-reference relative percentiles; not an absolute probability.
2024,6,2,32.802579,132.633563,56,41,56,C,安満地,安満地 / NetID 2,2024-06-15,2024-06-15,168,23.5366663,23.443751009489777,0.0929152905102247,0.3297141004118018,0.9052121212121212,Very high,0.9052121212121212,Very high,2024-06,GAM: cyclic Jday + SST anomaly + J-EGG500 IDW depth,historical_oisst_monthly_mean,NOAA OISST historical,Monthly mean of fixed-reference relative percentiles; not an absolute probability.
2024,6,20,33.593837,134.379416,36.1,33,36.1,A,鞆浦,鞆浦 / NetID 20,2024-06-15,2024-06-15,168,22.607666466666668,23.443751009489777,-0.8360845428231084,0.29951149925462295,0.8895555555555555,High,0.8895555555555555,High,2024-06,GAM: cyclic Jday + SST anomaly + J-EGG500 IDW depth,historical_oisst_monthly_mean,NOAA OISST historical,Monthly mean of fixed-reference relative percentiles; not an absolute probability.
2024,6,15,33.269809,134.202371,56.9,47,56.9,A,高岡,高岡 / NetID 15,2024-06-15,2024-06-15,168,22.983333066666667,23.443751009489777,-0.4604179428231086,0.2948904938815148,0.8875454545454545,High,0.8875454545454545,High,2024-06,GAM: cyclic Jday + SST anomaly + J-EGG500 IDW depth,historical_oisst_monthly_mean,NOAA OISST historical,Monthly mean of fixed-reference relative percentiles; not an absolute probability.
2024,6,10,33.35765,133.337593,6.1,19,6.1,A,双子,双子 / NetID 10,2024-06-15,2024-06-15,168,23.306666433333334,23.443751009489777,-0.13708457615644168,0.22569757296078044,0.853,High,0.853,High,2024-06,GAM: cyclic Jday + SST anomaly + J-EGG500 IDW depth,historical_oisst_monthly_mean,NOAA OISST historical,Monthly mean of fixed-reference relative percentiles; not an absolute probability.
2024,6,8,32.734923,133.029438,42.8,49,42.8,A,伊佐,伊佐 / NetID 8,2024-06-15,2024-06-15,168,24.911332833333333,23.443751009489777,1.467581823843558,0.13443715618270316,0.7808787878787878,High,0.7808787878787878,High,2024-06,GAM: cyclic Jday + SST anomaly + J-EGG500 IDW depth,historical_oisst_monthly_mean,NOAA OISST historical,Monthly mean of fixed-reference relative percentiles; not an absolute probability.
2024,6,12,33.400017,134.011099,23.7,26,23.7,A,奈半利,奈半利 / NetID 12,2024-06-15,2024-06-15,168,22.983333066666667,23.443751009489777,-0.4604179428231086,0.13309565339704899,0.7787474747474747,High,0.7787474747474747,High,2024-06,GAM: cyclic Jday + SST anomaly + J-EGG500 IDW depth,historical_oisst_monthly_mean,NOAA OISST historical,Monthly mean of fixed-reference relative percentiles; not an absolute probability.
2024,6,9,33.159542,133.224963,42,34,42,A,窪川,窪川 / NetID 9,2024-06-15,2024-06-15,168,23.380333266666668,23.443751009489777,-0.06341774282310801,0.08804787400879988,0.7213838383838383,Moderate,0.7213838383838383,Moderate,2024-06,GAM: cyclic Jday + SST anomaly + J-EGG500 IDW depth,historical_oisst_monthly_mean,NOAA OISST historical,Monthly mean of fixed-reference relative percentiles; not an absolute probability.
2024,6,1,32.793914,132.628975,40,30,40,A,一切,一切 / NetID 1,2024-06-15,2024-06-15,168,23.5366663,23.443751009489777,0.0929152905102247,0.08186473056770152,0.7106666666666667,Moderate,0.7106666666666667,Moderate,2024-06,GAM: cyclic Jday + SST anomaly + J-EGG500 IDW depth,historical_oisst_monthly_mean,NOAA OISST historical,Monthly mean of fixed-reference relative percentiles; not an absolute probability.
2024,6,4,32.784353,132.703013,40.3,45,40.3,B,古満目,古満目 / NetID 4,2024-06-15,2024-06-15,168,23.5366663,23.443751009489777,0.0929152905102247,0.07951191196090034,0.7065656565656566,Moderate,0.7065656565656566,Moderate,2024-06,GAM: cyclic Jday + SST anomaly + J-EGG500 IDW depth,historical_oisst_monthly_mean,NOAA OISST historical,Monthly mean of fixed-reference relative percentiles; not an absolute probability.
2024,6,13,33.360612,134.043999,17.1,23,17.1,A,羽根,羽根 / NetID 13,2024-06-15,2024-06-15,168,22.983333066666667,23.443751009489777,-0.4604179428231086,0.046270786350898555,0.6321818181818182,Moderate,0.6321818181818182,Moderate,2024-06,GAM: cyclic Jday + SST anomaly + J-EGG500 IDW depth,historical_oisst_monthly_mean,NOAA OISST historical,Monthly mean of fixed-reference relative percentiles; not an absolute probability.
2024,7,16,33.302961,134.204049,83.4,60,83.4,A,三津,三津 / NetID 16,2024-07-15,2024-07-15,198,26.52032229032258,26.353649758897514,0.16667253142506663,0.30462736323339923,0.8929130009775171,High,0.8929130009775171,High,2024-07,GAM: cyclic Jday + SST anomaly + J-EGG500 IDW depth,historical_oisst_monthly_mean,NOAA OISST historical,Monthly mean of fixed-reference relative percentiles; not an absolute probability.
2024,7,17,33.428671,134.243505,50.7,45,50.7,A,佐喜浜,佐喜浜 / NetID 17,2024-07-15,2024-07-15,198,26.52032229032258,26.353649758897514,0.16667253142506663,0.2356760586200936,0.8573704789833823,High,0.8573704789833823,High,2024-07,GAM: cyclic Jday + SST anomaly + J-EGG500 IDW depth,historical_oisst_monthly_mean,NOAA OISST historical,Monthly mean of fixed-reference relative percentiles; not an absolute probability.
2024,7,19,33.456354,134.256776,49.8,40,49.8,A,東洋,東洋 / NetID 19,2024-07-15,2024-07-15,198,26.38483829032258,26.353649758897514,0.031188531425066633,0.22817911784759032,0.8533137829912023,High,0.8533137829912023,High,2024-07,GAM: cyclic Jday + SST anomaly + J-EGG500 IDW depth,historical_oisst_monthly_mean,NOAA OISST historical,Monthly mean of fixed-reference relative percentiles; not an absolute probability.
2024,7,18,33.455525,134.256103,49.3,44,49.3,A,野根,野根 / NetID 18,2024-07-15,2024-07-15,198,26.38483829032258,26.353649758897514,0.031188531425066633,0.22258265618908935,0.8500097751710655,High,0.8500097751710655,High,2024-07,GAM: cyclic Jday + SST anomaly + J-EGG500 IDW depth,historical_oisst_monthly_mean,NOAA OISST historical,Monthly mean of fixed-reference relative percentiles; not an absolute probability.
2024,7,14,33.311308,134.201197,35.8,30,35.8,A,椎名,椎名 / NetID 14,2024-07-15,2024-07-15,198,26.52032229032258,26.353649758897514,0.16667253142506663,0.21005095162907,0.8428054740957966,High,0.8428054740957966,High,2024-07,GAM: cyclic Jday + SST anomaly + J-EGG500 IDW depth,historical_oisst_monthly_mean,NOAA OISST historical,Monthly mean of fixed-reference relative percentiles; not an absolute probability.
2024,7,11,32.77052,133.019357,47.4,28,47.4,B,窪津,窪津 / NetID 11,2024-07-15,2024-07-15,198,26.51741906451613,26.353649758897514,0.16376930561861502,0.17967859673078423,0.8207429130009775,High,0.8207429130009775,High,2024-07,GAM: cyclic Jday + SST anomaly + J-EGG500 IDW depth,historical_oisst_monthly_mean,NOAA OISST historical,Monthly mean of fixed-reference relative percentiles; not an absolute probability.
2024,7,3,32.812774,132.642032,54.7,44,54.7,A,橘浦,橘浦 / NetID 3,2024-07-15,2024-07-15,198,26.100322387096774,26.353649758897514,-0.25332737180073994,0.18178128103321878,0.8204887585532746,High,0.8204887585532746,High,2024-07,GAM: cyclic Jday + SST anomaly + J-EGG500 IDW depth,historical_oisst_monthly_mean,NOAA OISST historical,Monthly mean of fixed-reference relative percentiles; not an absolute probability.
2024,7,20,33.593837,134.379416,36.1,33,36.1,A,鞆浦,鞆浦 / NetID 20,2024-07-15,2024-07-15,198,26.140322,26.353649758897514,-0.2133277588975138,0.17117668089537913,0.8128934506353861,High,0.8128934506353861,High,2024-07,GAM: cyclic Jday + SST anomaly + J-EGG500 IDW depth,historical_oisst_monthly_mean,NOAA OISST historical,Monthly mean of fixed-reference relative percentiles; not an absolute probability.
2024,7,15,33.269809,134.202371,56.9,47,56.9,A,高岡,高岡 / NetID 15,2024-07-15,2024-07-15,198,26.52032229032258,26.353649758897514,0.16667253142506663,0.1674809135328878,0.8102639296187684,High,0.8102639296187684,High,2024-07,GAM: cyclic Jday + SST anomaly + J-EGG500 IDW depth,historical_oisst_monthly_mean,NOAA OISST historical,Monthly mean of fixed-reference relative percentiles; not an absolute probability.
2024,7,2,32.802579,132.633563,56,41,56,C,安満地,安満地 / NetID 2,2024-07-15,2024-07-15,198,26.100322387096774,26.353649758897514,-0.25332737180073994,0.16669929880878392,0.8086021505376344,High,0.8086021505376344,High,2024-07,GAM: cyclic Jday + SST anomaly + J-EGG500 IDW depth,historical_oisst_monthly_mean,NOAA OISST historical,Monthly mean of fixed-reference relative percentiles; not an absolute probability.
2024,7,10,33.35765,133.337593,6.1,19,6.1,A,双子,双子 / NetID 10,2024-07-15,2024-07-15,198,26.948709322580644,26.353649758897514,0.5950595636831312,0.12528116590310845,0.7702346041055719,High,0.7702346041055719,High,2024-07,GAM: cyclic Jday + SST anomaly + J-EGG500 IDW depth,historical_oisst_monthly_mean,NOAA OISST historical,Monthly mean of fixed-reference relative percentiles; not an absolute probability.
2024,7,12,33.400017,134.011099,23.7,26,23.7,A,奈半利,奈半利 / NetID 12,2024-07-15,2024-07-15,198,26.52032229032258,26.353649758897514,0.16667253142506663,0.06881778274414371,0.6856695992179863,Moderate,0.6856695992179863,Moderate,2024-07,GAM: cyclic Jday + SST anomaly + J-EGG500 IDW depth,historical_oisst_monthly_mean,NOAA OISST historical,Monthly mean of fixed-reference relative percentiles; not an absolute probability.
2024,7,8,32.734923,133.029438,42.8,49,42.8,A,伊佐,伊佐 / NetID 8,2024-07-15,2024-07-15,198,27.379999548387097,26.353649758897514,1.0263497894895826,0.05835013161354102,0.663841642228739,Moderate,0.663841642228739,Moderate,2024-07,GAM: cyclic Jday + SST anomaly + J-EGG500 IDW depth,historical_oisst_monthly_mean,NOAA OISST historical,Monthly mean of fixed-reference relative percentiles; not an absolute probability.
2024,7,9,33.159542,133.224963,42,34,42,A,窪川,窪川 / NetID 9,2024-07-15,2024-07-15,198,26.30774164516129,26.353649758897514,-0.045908113736223805,0.040148927165790355,0.6063636363636363,Moderate,0.6063636363636363,Moderate,2024-07,GAM: cyclic Jday + SST anomaly + J-EGG500 IDW depth,historical_oisst_monthly_mean,NOAA OISST historical,Monthly mean of fixed-reference relative percentiles; not an absolute probability.
2024,7,1,32.793914,132.628975,40,30,40,A,一切,一切 / NetID 1,2024-07-15,2024-07-15,198,26.100322387096774,26.353649758897514,-0.25332737180073994,0.03509367386206208,0.5826490713587488,Moderate,0.5826490713587488,Moderate,2024-07,GAM: cyclic Jday + SST anomaly + J-EGG500 IDW depth,historical_oisst_monthly_mean,NOAA OISST historical,Monthly mean of fixed-reference relative percentiles; not an absolute probability.
2024,7,4,32.784353,132.703013,40.3,45,40.3,B,古満目,古満目 / NetID 4,2024-07-15,2024-07-15,198,26.100322387096774,26.353649758897514,-0.25332737180073994,0.03403577028452385,0.5774291300097751,Moderate,0.5774291300097751,Moderate,2024-07,GAM: cyclic Jday + SST anomaly + J-EGG500 IDW depth,historical_oisst_monthly_mean,NOAA OISST historical,Monthly mean of fixed-reference relative percentiles; not an absolute probability.
2024,7,13,33.360612,134.043999,17.1,23,17.1,A,羽根,羽根 / NetID 13,2024-07-15,2024-07-15,198,26.52032229032258,26.353649758897514,0.16667253142506663,0.02282311176342726,0.511544477028348,Moderate,0.511544477028348,Moderate,2024-07,GAM: cyclic Jday + SST anomaly + J-EGG500 IDW depth,historical_oisst_monthly_mean,NOAA OISST historical,Monthly mean of fixed-reference relative percentiles; not an absolute probability.
2024,8,16,33.302961,134.204049,83.4,60,83.4,A,三津,三津 / NetID 16,2024-08-15,2024-08-15,229,29.75032212903226,27.90451870883718,1.8458034201950781,0.26752887027917355,0.8735386119257087,High,0.8735386119257087,High,2024-08,GAM: cyclic Jday + SST anomaly + J-EGG500 IDW depth,historical_oisst_monthly_mean,NOAA OISST historical,Monthly mean of fixed-reference relative percentiles; not an absolute probability.
2024,8,17,33.428671,134.243505,50.7,45,50.7,A,佐喜浜,佐喜浜 / NetID 17,2024-08-15,2024-08-15,229,29.75032212903226,27.90451870883718,1.8458034201950781,0.204339454532304,0.8393841642228739,High,0.8393841642228739,High,2024-08,GAM: cyclic Jday + SST anomaly + J-EGG500 IDW depth,historical_oisst_monthly_mean,NOAA OISST historical,Monthly mean of fixed-reference relative percentiles; not an absolute probability.
2024,8,19,33.456354,134.256776,49.8,40,49.8,A,東洋,東洋 / NetID 19,2024-08-15,2024-08-15,229,29.471289677419353,27.90451870883718,1.5667709685821751,0.19322206786018675,0.8315053763440861,High,0.8315053763440861,High,2024-08,GAM: cyclic Jday + SST anomaly + J-EGG500 IDW depth,historical_oisst_monthly_mean,NOAA OISST historical,Monthly mean of fixed-reference relative percentiles; not an absolute probability.
2024,8,18,33.455525,134.256103,49.3,44,49.3,A,野根,野根 / NetID 18,2024-08-15,2024-08-15,229,29.471289677419353,27.90451870883718,1.5667709685821751,0.18825568226978573,0.827820136852395,High,0.827820136852395,High,2024-08,GAM: cyclic Jday + SST anomaly + J-EGG500 IDW depth,historical_oisst_monthly_mean,NOAA OISST historical,Monthly mean of fixed-reference relative percentiles; not an absolute probability.
2024,8,14,33.311308,134.201197,35.8,30,35.8,A,椎名,椎名 / NetID 14,2024-08-15,2024-08-15,229,29.75032212903226,27.90451870883718,1.8458034201950781,0.18125005225089572,0.8226490713587488,High,0.8226490713587488,High,2024-08,GAM: cyclic Jday + SST anomaly + J-EGG500 IDW depth,historical_oisst_monthly_mean,NOAA OISST historical,Monthly mean of fixed-reference relative percentiles; not an absolute probability.
2024,8,11,32.77052,133.019357,47.4,28,47.4,B,窪津,窪津 / NetID 11,2024-08-15,2024-08-15,229,29.88903193548387,27.90451870883718,1.9845132266466914,0.1575830581202097,0.8028347996089932,High,0.8028347996089932,High,2024-08,GAM: cyclic Jday + SST anomaly + J-EGG500 IDW depth,historical_oisst_monthly_mean,NOAA OISST historical,Monthly mean of fixed-reference relative percentiles; not an absolute probability.
2024,8,3,32.812774,132.642032,54.7,44,54.7,A,橘浦,橘浦 / NetID 3,2024-08-15,2024-08-15,229,29.338064225806452,27.90451870883718,1.4335455169692717,0.1551483694941499,0.8013978494623656,High,0.8013978494623656,High,2024-08,GAM: cyclic Jday + SST anomaly + J-EGG500 IDW depth,historical_oisst_monthly_mean,NOAA OISST historical,Monthly mean of fixed-reference relative percentiles; not an absolute probability.
2024,8,15,33.269809,134.202371,56.9,47,56.9,A,高岡,高岡 / NetID 15,2024-08-15,2024-08-15,229,29.75032212903226,27.90451870883718,1.8458034201950781,0.14336318289008843,0.7894623655913978,High,0.7894623655913978,High,2024-08,GAM: cyclic Jday + SST anomaly + J-EGG500 IDW depth,historical_oisst_monthly_mean,NOAA OISST historical,Monthly mean of fixed-reference relative percentiles; not an absolute probability.
2024,8,2,32.802579,132.633563,56,41,56,C,安満地,安満地 / NetID 2,2024-08-15,2024-08-15,229,29.338064225806452,27.90451870883718,1.4335455169692717,0.14180750748176227,0.7879765395894428,High,0.7879765395894428,High,2024-08,GAM: cyclic Jday + SST anomaly + J-EGG500 IDW depth,historical_oisst_monthly_mean,NOAA OISST historical,Monthly mean of fixed-reference relative percentiles; not an absolute probability.
2024,8,20,33.593837,134.379416,36.1,33,36.1,A,鞆浦,鞆浦 / NetID 20,2024-08-15,2024-08-15,229,28.96354793548387,27.90451870883718,1.0590292266466914,0.1364682249492478,0.7821700879765396,High,0.7821700879765396,High,2024-08,GAM: cyclic Jday + SST anomaly + J-EGG500 IDW depth,historical_oisst_monthly_mean,NOAA OISST historical,Monthly mean of fixed-reference relative percentiles; not an absolute probability.
2024,8,10,33.35765,133.337593,6.1,19,6.1,A,双子,双子 / NetID 10,2024-08-15,2024-08-15,229,30.03451548387097,27.90451870883718,2.1299967750337876,0.10396631793028062,0.7434897360703813,Moderate,0.7434897360703813,Moderate,2024-08,GAM: cyclic Jday + SST anomaly + J-EGG500 IDW depth,historical_oisst_monthly_mean,NOAA OISST historical,Monthly mean of fixed-reference relative percentiles; not an absolute probability.
2024,8,12,33.400017,134.011099,23.7,26,23.7,A,奈半利,奈半利 / NetID 12,2024-08-15,2024-08-15,229,29.75032212903226,27.90451870883718,1.8458034201950781,0.05780905534049091,0.6618181818181819,Moderate,0.6618181818181819,Moderate,2024-08,GAM: cyclic Jday + SST anomaly + J-EGG500 IDW depth,historical_oisst_monthly_mean,NOAA OISST historical,Monthly mean of fixed-reference relative percentiles; not an absolute probability.
2024,8,8,32.734923,133.029438,42.8,49,42.8,A,伊佐,伊佐 / NetID 8,2024-08-15,2024-08-15,229,30.111935032258064,27.90451870883718,2.207416323420885,0.045069280835680355,0.6242130987292278,Moderate,0.6242130987292278,Moderate,2024-08,GAM: cyclic Jday + SST anomaly + J-EGG500 IDW depth,historical_oisst_monthly_mean,NOAA OISST historical,Monthly mean of fixed-reference relative percentiles; not an absolute probability.
2024,8,9,33.159542,133.224963,42,34,42,A,窪川,窪川 / NetID 9,2024-08-15,2024-08-15,229,29.775160903225807,27.90451870883718,1.8706421943886264,0.034786603809525744,0.5851612903225807,Moderate,0.5851612903225807,Moderate,2024-08,GAM: cyclic Jday + SST anomaly + J-EGG500 IDW depth,historical_oisst_monthly_mean,NOAA OISST historical,Monthly mean of fixed-reference relative percentiles; not an absolute probability.
2024,8,1,32.793914,132.628975,40,30,40,A,一切,一切 / NetID 1,2024-08-15,2024-08-15,229,29.338064225806452,27.90451870883718,1.4335455169692717,0.028979792527844207,0.5533822091886608,Moderate,0.5533822091886608,Moderate,2024-08,GAM: cyclic Jday + SST anomaly + J-EGG500 IDW depth,historical_oisst_monthly_mean,NOAA OISST historical,Monthly mean of fixed-reference relative percentiles; not an absolute probability.
2024,8,4,32.784353,132.703013,40.3,45,40.3,B,古満目,古満目 / NetID 4,2024-08-15,2024-08-15,229,29.338064225806452,27.90451870883718,1.4335455169692717,0.028099290209921177,0.5478103616813295,Moderate,0.5478103616813295,Moderate,2024-08,GAM: cyclic Jday + SST anomaly + J-EGG500 IDW depth,historical_oisst_monthly_mean,NOAA OISST historical,Monthly mean of fixed-reference relative percentiles; not an absolute probability.
2024,8,13,33.360612,134.043999,17.1,23,17.1,A,羽根,羽根 / NetID 13,2024-08-15,2024-08-15,229,29.75032212903226,27.90451870883718,1.8458034201950781,0.0190020553830724,0.4805083088954057,Low,0.4805083088954057,Low,2024-08,GAM: cyclic Jday + SST anomaly + J-EGG500 IDW depth,historical_oisst_monthly_mean,NOAA OISST historical,Monthly mean of fixed-reference relative percentiles; not an absolute probability.
2024,9,16,33.302961,134.204049,83.4,60,83.4,A,三津,三津 / NetID 16,2024-09-15,2024-09-15,260,28.615999833333333,27.19251395293327,1.423485880400063,0.1308409995772429,0.7746868686868686,High,0.7746868686868686,High,2024-09,GAM: cyclic Jday + SST anomaly + J-EGG500 IDW depth,historical_oisst_monthly_mean,NOAA OISST historical,Monthly mean of fixed-reference relative percentiles; not an absolute probability.
2024,9,17,33.428671,134.243505,50.7,45,50.7,A,佐喜浜,佐喜浜 / NetID 17,2024-09-15,2024-09-15,260,28.615999833333333,27.19251395293327,1.423485880400063,0.09568061095387394,0.7311919191919192,Moderate,0.7311919191919192,Moderate,2024-09,GAM: cyclic Jday + SST anomaly + J-EGG500 IDW depth,historical_oisst_monthly_mean,NOAA OISST historical,Monthly mean of fixed-reference relative percentiles; not an absolute probability.
2024,9,19,33.456354,134.256776,49.8,40,49.8,A,東洋,東洋 / NetID 19,2024-09-15,2024-09-15,260,28.509666033333332,27.19251395293327,1.3171520804000632,0.09247819330211364,0.7266262626262626,Moderate,0.7266262626262626,Moderate,2024-09,GAM: cyclic Jday + SST anomaly + J-EGG500 IDW depth,historical_oisst_monthly_mean,NOAA OISST historical,Monthly mean of fixed-reference relative percentiles; not an absolute probability.
2024,9,18,33.455525,134.256103,49.3,44,49.3,A,野根,野根 / NetID 18,2024-09-15,2024-09-15,260,28.509666033333332,27.19251395293327,1.3171520804000632,0.08981164037112219,0.7220707070707071,Moderate,0.7220707070707071,Moderate,2024-09,GAM: cyclic Jday + SST anomaly + J-EGG500 IDW depth,historical_oisst_monthly_mean,NOAA OISST historical,Monthly mean of fixed-reference relative percentiles; not an absolute probability.
2024,9,14,33.311308,134.201197,35.8,30,35.8,A,椎名,椎名 / NetID 14,2024-09-15,2024-09-15,260,28.615999833333333,27.19251395293327,1.423485880400063,0.08356498421653206,0.7117979797979798,Moderate,0.7117979797979798,Moderate,2024-09,GAM: cyclic Jday + SST anomaly + J-EGG500 IDW depth,historical_oisst_monthly_mean,NOAA OISST historical,Monthly mean of fixed-reference relative percentiles; not an absolute probability.
2024,9,3,32.812774,132.642032,54.7,44,54.7,A,橘浦,橘浦 / NetID 3,2024-09-15,2024-09-15,260,28.2429996,27.19251395293327,1.05048564706673,0.07078466818956616,0.6888888888888889,Moderate,0.6888888888888889,Moderate,2024-09,GAM: cyclic Jday + SST anomaly + J-EGG500 IDW depth,historical_oisst_monthly_mean,NOAA OISST historical,Monthly mean of fixed-reference relative percentiles; not an absolute probability.
2024,9,11,32.77052,133.019357,47.4,28,47.4,B,窪津,窪津 / NetID 11,2024-09-15,2024-09-15,260,28.662666299999998,27.19251395293327,1.4701523470667297,0.07014985681027502,0.688050505050505,Moderate,0.688050505050505,Moderate,2024-09,GAM: cyclic Jday + SST anomaly + J-EGG500 IDW depth,historical_oisst_monthly_mean,NOAA OISST historical,Monthly mean of fixed-reference relative percentiles; not an absolute probability.
2024,9,20,33.593837,134.379416,36.1,33,36.1,A,鞆浦,鞆浦 / NetID 20,2024-09-15,2024-09-15,260,28.4479997,27.19251395293327,1.2554857470667298,0.06823025474823984,0.6833737373737374,Moderate,0.6833737373737374,Moderate,2024-09,GAM: cyclic Jday + SST anomaly + J-EGG500 IDW depth,historical_oisst_monthly_mean,NOAA OISST historical,Monthly mean of fixed-reference relative percentiles; not an absolute probability.
2024,9,15,33.269809,134.202371,56.9,47,56.9,A,高岡,高岡 / NetID 15,2024-09-15,2024-09-15,260,28.615999833333333,27.19251395293327,1.423485880400063,0.06446841765146072,0.6753737373737374,Moderate,0.6753737373737374,Moderate,2024-09,GAM: cyclic Jday + SST anomaly + J-EGG500 IDW depth,historical_oisst_monthly_mean,NOAA OISST historical,Monthly mean of fixed-reference relative percentiles; not an absolute probability.
2024,9,2,32.802579,132.633563,56,41,56,C,安満地,安満地 / NetID 2,2024-09-15,2024-09-15,260,28.2429996,27.19251395293327,1.05048564706673,0.064140493663097,0.6752929292929293,Moderate,0.6752929292929293,Moderate,2024-09,GAM: cyclic Jday + SST anomaly + J-EGG500 IDW depth,historical_oisst_monthly_mean,NOAA OISST historical,Monthly mean of fixed-reference relative percentiles; not an absolute probability.
2024,9,10,33.35765,133.337593,6.1,19,6.1,A,双子,双子 / NetID 10,2024-09-15,2024-09-15,260,28.928999533333332,27.19251395293327,1.7364855804000636,0.04588543792596863,0.6254949494949494,Moderate,0.6254949494949494,Moderate,2024-09,GAM: cyclic Jday + SST anomaly + J-EGG500 IDW depth,historical_oisst_monthly_mean,NOAA OISST historical,Monthly mean of fixed-reference relative percentiles; not an absolute probability.
2024,9,12,33.400017,134.011099,23.7,26,23.7,A,奈半利,奈半利 / NetID 12,2024-09-15,2024-09-15,260,28.615999833333333,27.19251395293327,1.423485880400063,0.024620112015321563,0.5226969696969697,Moderate,0.5226969696969697,Moderate,2024-09,GAM: cyclic Jday + SST anomaly + J-EGG500 IDW depth,historical_oisst_monthly_mean,NOAA OISST historical,Monthly mean of fixed-reference relative percentiles; not an absolute probability.
2024,9,8,32.734923,133.029438,42.8,49,42.8,A,伊佐,伊佐 / NetID 8,2024-09-15,2024-09-15,260,28.56966613333333,27.19251395293327,1.3771521804000628,0.017401287840885005,0.46583838383838383,Low,0.46583838383838383,Low,2024-09,GAM: cyclic Jday + SST anomaly + J-EGG500 IDW depth,historical_oisst_monthly_mean,NOAA OISST historical,Monthly mean of fixed-reference relative percentiles; not an absolute probability.
2024,9,9,33.159542,133.224963,42,34,42,A,窪川,窪川 / NetID 9,2024-09-15,2024-09-15,260,28.77966633333333,27.19251395293327,1.587152380400063,0.015049283377145546,0.4401515151515151,Low,0.4401515151515151,Low,2024-09,GAM: cyclic Jday + SST anomaly + J-EGG500 IDW depth,historical_oisst_monthly_mean,NOAA OISST historical,Monthly mean of fixed-reference relative percentiles; not an absolute probability.
2024,9,1,32.793914,132.628975,40,30,40,A,一切,一切 / NetID 1,2024-09-15,2024-09-15,260,28.2429996,27.19251395293327,1.05048564706673,0.012213498847458527,0.407969696969697,Low,0.407969696969697,Low,2024-09,GAM: cyclic Jday + SST anomaly + J-EGG500 IDW depth,historical_oisst_monthly_mean,NOAA OISST historical,Monthly mean of fixed-reference relative percentiles; not an absolute probability.
2024,9,4,32.784353,132.703013,40.3,45,40.3,B,古満目,古満目 / NetID 4,2024-09-15,2024-09-15,260,28.2429996,27.19251395293327,1.05048564706673,0.011836084162593056,0.4027979797979798,Low,0.4027979797979798,Low,2024-09,GAM: cyclic Jday + SST anomaly + J-EGG500 IDW depth,historical_oisst_monthly_mean,NOAA OISST historical,Monthly mean of fixed-reference relative percentiles; not an absolute probability.
2024,9,13,33.360612,134.043999,17.1,23,17.1,A,羽根,羽根 / NetID 13,2024-09-15,2024-09-15,260,28.615999833333333,27.19251395293327,1.423485880400063,0.007902226241436737,0.3425252525252525,Low,0.3425252525252525,Low,2024-09,GAM: cyclic Jday + SST anomaly + J-EGG500 IDW depth,historical_oisst_monthly_mean,NOAA OISST historical,Monthly mean of fixed-reference relative percentiles; not an absolute probability.
2024,10,16,33.302961,134.204049,83.4,60,83.4,A,三津,三津 / NetID 16,2024-10-15,2024-10-15,290,26.292902838709676,25.07286543698646,1.220037401723214,0.05839106290607208,0.6651026392961877,Moderate,0.6651026392961877,Moderate,2024-10,GAM: cyclic Jday + SST anomaly + J-EGG500 IDW depth,historical_oisst_monthly_mean,NOAA OISST historical,Monthly mean of fixed-reference relative percentiles; not an absolute probability.
2024,10,17,33.428671,134.243505,50.7,45,50.7,A,佐喜浜,佐喜浜 / NetID 17,2024-10-15,2024-10-15,290,26.292902838709676,25.07286543698646,1.220037401723214,0.041697915067870274,0.6171945259042033,Moderate,0.6171945259042033,Moderate,2024-10,GAM: cyclic Jday + SST anomaly + J-EGG500 IDW depth,historical_oisst_monthly_mean,NOAA OISST historical,Monthly mean of fixed-reference relative percentiles; not an absolute probability.
2024,10,19,33.456354,134.256776,49.8,40,49.8,A,東洋,東洋 / NetID 19,2024-10-15,2024-10-15,290,26.07032229032258,25.07286543698646,0.9974568533361176,0.03944874379619488,0.6081524926686217,Moderate,0.6081524926686217,Moderate,2024-10,GAM: cyclic Jday + SST anomaly + J-EGG500 IDW depth,historical_oisst_monthly_mean,NOAA OISST historical,Monthly mean of fixed-reference relative percentiles; not an absolute probability.
2024,10,18,33.455525,134.256103,49.3,44,49.3,A,野根,野根 / NetID 18,2024-10-15,2024-10-15,290,26.07032229032258,25.07286543698646,0.9974568533361176,0.03824235539774147,0.6031867057673509,Moderate,0.6031867057673509,Moderate,2024-10,GAM: cyclic Jday + SST anomaly + J-EGG500 IDW depth,historical_oisst_monthly_mean,NOAA OISST historical,Monthly mean of fixed-reference relative percentiles; not an absolute probability.
2024,10,14,33.311308,134.201197,35.8,30,35.8,A,椎名,椎名 / NetID 14,2024-10-15,2024-10-15,290,26.292902838709676,25.07286543698646,1.220037401723214,0.036124880594469874,0.5938220918866081,Moderate,0.5938220918866081,Moderate,2024-10,GAM: cyclic Jday + SST anomaly + J-EGG500 IDW depth,historical_oisst_monthly_mean,NOAA OISST historical,Monthly mean of fixed-reference relative percentiles; not an absolute probability.
2024,10,11,32.77052,133.019357,47.4,28,47.4,B,窪津,窪津 / NetID 11,2024-10-15,2024-10-15,290,26.4654835483871,25.07286543698646,1.3926181114006335,0.03085752851045585,0.5652297165200391,Moderate,0.5652297165200391,Moderate,2024-10,GAM: cyclic Jday + SST anomaly + J-EGG500 IDW depth,historical_oisst_monthly_mean,NOAA OISST historical,Monthly mean of fixed-reference relative percentiles; not an absolute probability.
2024,10,3,32.812774,132.642032,54.7,44,54.7,A,橘浦,橘浦 / NetID 3,2024-10-15,2024-10-15,290,25.94612880645161,25.07286543698646,0.8732633694651496,0.030536651926451514,0.5635777126099707,Moderate,0.5635777126099707,Moderate,2024-10,GAM: cyclic Jday + SST anomaly + J-EGG500 IDW depth,historical_oisst_monthly_mean,NOAA OISST historical,Monthly mean of fixed-reference relative percentiles; not an absolute probability.
2024,10,20,33.593837,134.379416,36.1,33,36.1,A,鞆浦,鞆浦 / NetID 20,2024-10-15,2024-10-15,290,25.847418967741934,25.07286543698646,0.7745535307554723,0.027810411264884,0.5466862170087976,Moderate,0.5466862170087976,Moderate,2024-10,GAM: cyclic Jday + SST anomaly + J-EGG500 IDW depth,historical_oisst_monthly_mean,NOAA OISST historical,Monthly mean of fixed-reference relative percentiles; not an absolute probability.
2024,10,15,33.269809,134.202371,56.9,47,56.9,A,高岡,高岡 / NetID 15,2024-10-15,2024-10-15,290,26.292902838709676,25.07286543698646,1.220037401723214,0.027519788688379943,0.5449266862170088,Moderate,0.5449266862170088,Moderate,2024-10,GAM: cyclic Jday + SST anomaly + J-EGG500 IDW depth,historical_oisst_monthly_mean,NOAA OISST historical,Monthly mean of fixed-reference relative percentiles; not an absolute probability.
2024,10,2,32.802579,132.633563,56,41,56,C,安満地,安満地 / NetID 2,2024-10-15,2024-10-15,290,25.94612880645161,25.07286543698646,0.8732633694651496,0.027550031007739423,0.5448289345063538,Moderate,0.5448289345063538,Moderate,2024-10,GAM: cyclic Jday + SST anomaly + J-EGG500 IDW depth,historical_oisst_monthly_mean,NOAA OISST historical,Monthly mean of fixed-reference relative percentiles; not an absolute probability.
2024,10,10,33.35765,133.337593,6.1,19,6.1,A,双子,双子 / NetID 10,2024-10-15,2024-10-15,290,26.24516087096774,25.07286543698646,1.1722954339812786,0.01812466864931745,0.4741348973607038,Low,0.4741348973607038,Low,2024-10,GAM: cyclic Jday + SST anomaly + J-EGG500 IDW depth,historical_oisst_monthly_mean,NOAA OISST historical,Monthly mean of fixed-reference relative percentiles; not an absolute probability.
2024,10,12,33.400017,134.011099,23.7,26,23.7,A,奈半利,奈半利 / NetID 12,2024-10-15,2024-10-15,290,26.292902838709676,25.07286543698646,1.220037401723214,0.010240490191097908,0.38141739980449657,Low,0.38141739980449657,Low,2024-10,GAM: cyclic Jday + SST anomaly + J-EGG500 IDW depth,historical_oisst_monthly_mean,NOAA OISST historical,Monthly mean of fixed-reference relative percentiles; not an absolute probability.
2024,10,8,32.734923,133.029438,42.8,49,42.8,A,伊佐,伊佐 / NetID 8,2024-10-15,2024-10-15,290,26.864515741935485,25.07286543698646,1.7916503049490204,0.008125271956445803,0.34929618768328446,Low,0.34929618768328446,Low,2024-10,GAM: cyclic Jday + SST anomaly + J-EGG500 IDW depth,historical_oisst_monthly_mean,NOAA OISST historical,Monthly mean of fixed-reference relative percentiles; not an absolute probability.
2024,10,9,33.159542,133.224963,42,34,42,A,窪川,窪川 / NetID 9,2024-10-15,2024-10-15,290,26.248386612903225,25.07286543698646,1.1755211759167623,0.0059795023272420185,0.3106451612903226,Low,0.3106451612903226,Low,2024-10,GAM: cyclic Jday + SST anomaly + J-EGG500 IDW depth,historical_oisst_monthly_mean,NOAA OISST historical,Monthly mean of fixed-reference relative percentiles; not an absolute probability.
2024,10,1,32.793914,132.628975,40,30,40,A,一切,一切 / NetID 1,2024-10-15,2024-10-15,290,25.94612880645161,25.07286543698646,0.8732633694651496,0.005072940207031889,0.2872434017595308,Low,0.2872434017595308,Low,2024-10,GAM: cyclic Jday + SST anomaly + J-EGG500 IDW depth,historical_oisst_monthly_mean,NOAA OISST historical,Monthly mean of fixed-reference relative percentiles; not an absolute probability.
2024,10,4,32.784353,132.703013,40.3,45,40.3,B,古満目,古満目 / NetID 4,2024-10-15,2024-10-15,290,25.94612880645161,25.07286543698646,0.8732633694651496,0.004914996271571062,0.28252199413489737,Low,0.28252199413489737,Low,2024-10,GAM: cyclic Jday + SST anomaly + J-EGG500 IDW depth,historical_oisst_monthly_mean,NOAA OISST historical,Monthly mean of fixed-reference relative percentiles; not an absolute probability.
2024,10,13,33.360612,134.043999,17.1,23,17.1,A,羽根,羽根 / NetID 13,2024-10-15,2024-10-15,290,26.292902838709676,25.07286543698646,1.220037401723214,0.003251786981538682,0.2140175953079179,Low,0.2140175953079179,Low,2024-10,GAM: cyclic Jday + SST anomaly + J-EGG500 IDW depth,historical_oisst_monthly_mean,NOAA OISST historical,Monthly mean of fixed-reference relative percentiles; not an absolute probability.
2024,11,16,33.302961,134.204049,83.4,60,83.4,A,三津,三津 / NetID 16,2024-11-15,2024-11-15,311,24.349090727272728,23.616314859445307,0.7327758678274214,0.03986339604383233,0.6112396694214876,Moderate,0.6112396694214876,Moderate,2024-11,GAM: cyclic Jday + SST anomaly + J-EGG500 IDW depth,historical_oisst_monthly_mean,NOAA OISST historical,Monthly mean of fixed-reference relative percentiles; not an absolute probability.
2024,11,17,33.428671,134.243505,50.7,45,50.7,A,佐喜浜,佐喜浜 / NetID 17,2024-11-15,2024-11-15,311,24.349090727272728,23.616314859445307,0.7327758678274214,0.028302668618805423,0.5507162534435261,Moderate,0.5507162534435261,Moderate,2024-11,GAM: cyclic Jday + SST anomaly + J-EGG500 IDW depth,historical_oisst_monthly_mean,NOAA OISST historical,Monthly mean of fixed-reference relative percentiles; not an absolute probability.
2024,11,19,33.456354,134.256776,49.8,40,49.8,A,東洋,東洋 / NetID 19,2024-11-15,2024-11-15,311,24.159999818181817,23.616314859445307,0.5436849587365128,0.026925336403084494,0.5411019283746556,Moderate,0.5411019283746556,Moderate,2024-11,GAM: cyclic Jday + SST anomaly + J-EGG500 IDW depth,historical_oisst_monthly_mean,NOAA OISST historical,Monthly mean of fixed-reference relative percentiles; not an absolute probability.
2024,11,18,33.455525,134.256103,49.3,44,49.3,A,野根,野根 / NetID 18,2024-11-15,2024-11-15,311,24.159999818181817,23.616314859445307,0.5436849587365128,0.026091188870897657,0.5355096418732782,Moderate,0.5355096418732782,Moderate,2024-11,GAM: cyclic Jday + SST anomaly + J-EGG500 IDW depth,historical_oisst_monthly_mean,NOAA OISST historical,Monthly mean of fixed-reference relative percentiles; not an absolute probability.
2024,11,14,33.311308,134.201197,35.8,30,35.8,A,椎名,椎名 / NetID 14,2024-11-15,2024-11-15,311,24.349090727272728,23.616314859445307,0.7327758678274214,0.024472722204771386,0.5242699724517906,Moderate,0.5242699724517906,Moderate,2024-11,GAM: cyclic Jday + SST anomaly + J-EGG500 IDW depth,historical_oisst_monthly_mean,NOAA OISST historical,Monthly mean of fixed-reference relative percentiles; not an absolute probability.
2024,11,3,32.812774,132.642032,54.7,44,54.7,A,橘浦,橘浦 / NetID 3,2024-11-15,2024-11-15,311,24.72272690909091,23.616314859445307,1.1064120496456036,0.023445353663971335,0.5174380165289256,Moderate,0.5174380165289256,Moderate,2024-11,GAM: cyclic Jday + SST anomaly + J-EGG500 IDW depth,historical_oisst_monthly_mean,NOAA OISST historical,Monthly mean of fixed-reference relative percentiles; not an absolute probability.
2024,11,11,32.77052,133.019357,47.4,28,47.4,B,窪津,窪津 / NetID 11,2024-11-15,2024-11-15,311,24.96272709090909,23.616314859445307,1.3464122314637856,0.02251551294799294,0.5107438016528926,Moderate,0.5107438016528926,Moderate,2024-11,GAM: cyclic Jday + SST anomaly + J-EGG500 IDW depth,historical_oisst_monthly_mean,NOAA OISST historical,Monthly mean of fixed-reference relative percentiles; not an absolute probability.
2024,11,2,32.802579,132.633563,56,41,56,C,安満地,安満地 / NetID 2,2024-11-15,2024-11-15,311,24.72272690909091,23.616314859445307,1.1064120496456036,0.021136440317270536,0.49988980716253445,Low,0.49988980716253445,Low,2024-11,GAM: cyclic Jday + SST anomaly + J-EGG500 IDW depth,historical_oisst_monthly_mean,NOAA OISST historical,Monthly mean of fixed-reference relative percentiles; not an absolute probability.
2024,11,20,33.593837,134.379416,36.1,33,36.1,A,鞆浦,鞆浦 / NetID 20,2024-11-15,2024-11-15,311,23.930909,23.616314859445307,0.3145941405546944,0.018899800950437633,0.4815151515151515,Low,0.4815151515151515,Low,2024-11,GAM: cyclic Jday + SST anomaly + J-EGG500 IDW depth,historical_oisst_monthly_mean,NOAA OISST historical,Monthly mean of fixed-reference relative percentiles; not an absolute probability.
2024,11,15,33.269809,134.202371,56.9,47,56.9,A,高岡,高岡 / NetID 15,2024-11-15,2024-11-15,311,24.349090727272728,23.616314859445307,0.7327758678274214,0.01858791325465122,0.4793112947658402,Low,0.4793112947658402,Low,2024-11,GAM: cyclic Jday + SST anomaly + J-EGG500 IDW depth,historical_oisst_monthly_mean,NOAA OISST historical,Monthly mean of fixed-reference relative percentiles; not an absolute probability.
2024,11,10,33.35765,133.337593,6.1,19,6.1,A,双子,双子 / NetID 10,2024-11-15,2024-11-15,311,24.449090727272726,23.616314859445307,0.8327758678274219,0.012527523441917113,0.4131404958677686,Low,0.4131404958677686,Low,2024-11,GAM: cyclic Jday + SST anomaly + J-EGG500 IDW depth,historical_oisst_monthly_mean,NOAA OISST historical,Monthly mean of fixed-reference relative percentiles; not an absolute probability.
2024,11,12,33.400017,134.011099,23.7,26,23.7,A,奈半利,奈半利 / NetID 12,2024-11-15,2024-11-15,311,24.349090727272728,23.616314859445307,0.7327758678274214,0.006875809174000039,0.32826446280991733,Low,0.32826446280991733,Low,2024-11,GAM: cyclic Jday + SST anomaly + J-EGG500 IDW depth,historical_oisst_monthly_mean,NOAA OISST historical,Monthly mean of fixed-reference relative percentiles; not an absolute probability.
2024,11,8,32.734923,133.029438,42.8,49,42.8,A,伊佐,伊佐 / NetID 8,2024-11-15,2024-11-15,311,25.673636181818182,23.616314859445307,2.0573213223728763,0.006241914518733472,0.3162809917355372,Low,0.3162809917355372,Low,2024-11,GAM: cyclic Jday + SST anomaly + J-EGG500 IDW depth,historical_oisst_monthly_mean,NOAA OISST historical,Monthly mean of fixed-reference relative percentiles; not an absolute probability.
2024,11,9,33.159542,133.224963,42,34,42,A,窪川,窪川 / NetID 9,2024-11-15,2024-11-15,311,24.52181809090909,23.616314859445307,0.9055032314637856,0.004159965974889856,0.2577961432506887,Low,0.2577961432506887,Low,2024-11,GAM: cyclic Jday + SST anomaly + J-EGG500 IDW depth,historical_oisst_monthly_mean,NOAA OISST historical,Monthly mean of fixed-reference relative percentiles; not an absolute probability.
2024,11,1,32.793914,132.628975,40,30,40,A,一切,一切 / NetID 1,2024-11-15,2024-11-15,311,24.72272690909091,23.616314859445307,1.1064120496456036,0.0038701055498055518,0.24677685950413222,Low,0.24677685950413222,Low,2024-11,GAM: cyclic Jday + SST anomaly + J-EGG500 IDW depth,historical_oisst_monthly_mean,NOAA OISST historical,Monthly mean of fixed-reference relative percentiles; not an absolute probability.
2024,11,4,32.784353,132.703013,40.3,45,40.3,B,古満目,古満目 / NetID 4,2024-11-15,2024-11-15,311,24.72272690909091,23.616314859445307,1.1064120496456036,0.003749463155152848,0.240633608815427,Low,0.240633608815427,Low,2024-11,GAM: cyclic Jday + SST anomaly + J-EGG500 IDW depth,historical_oisst_monthly_mean,NOAA OISST historical,Monthly mean of fixed-reference relative percentiles; not an absolute probability.
2024,11,13,33.360612,134.043999,17.1,23,17.1,A,羽根,羽根 / NetID 13,2024-11-15,2024-11-15,311,24.349090727272728,23.616314859445307,0.7327758678274214,0.0021781303500402276,0.14928374655647383,Low,0.14928374655647383,Low,2024-11,GAM: cyclic Jday + SST anomaly + J-EGG500 IDW depth,historical_oisst_monthly_mean,NOAA OISST historical,Monthly mean of fixed-reference relative percentiles; not an absolute probability.
2026,5,16,33.302961,134.204049,83.4,60,83.4,A,三津,三津 / NetID 16,2026-05-15,2026-05-15,132,21.929545227272726,20.785570419306683,1.1439748079660423,0.22398417109307245,0.8434297520661157,High,0.8434297520661157,High,2026-05,GAM: cyclic Jday + SST anomaly + J-EGG500 IDW depth,historical_oisst_monthly_mean,NOAA OISST historical,Monthly mean of fixed-reference relative percentiles; not an absolute probability.
2026,5,17,33.428671,134.243505,50.7,45,50.7,A,佐喜浜,佐喜浜 / NetID 17,2026-05-15,2026-05-15,132,21.929545227272726,20.785570419306683,1.1439748079660423,0.17049243684464335,0.8023140495867769,High,0.8023140495867769,High,2026-05,GAM: cyclic Jday + SST anomaly + J-EGG500 IDW depth,historical_oisst_monthly_mean,NOAA OISST historical,Monthly mean of fixed-reference relative percentiles; not an absolute probability.
2026,5,19,33.456354,134.256776,49.8,40,49.8,A,東洋,東洋 / NetID 19,2026-05-15,2026-05-15,132,21.82454531818182,20.785570419306683,1.0389748988751337,0.16537759677008568,0.7980853994490358,High,0.7980853994490358,High,2026-05,GAM: cyclic Jday + SST anomaly + J-EGG500 IDW depth,historical_oisst_monthly_mean,NOAA OISST historical,Monthly mean of fixed-reference relative percentiles; not an absolute probability.
2026,5,18,33.455525,134.256103,49.3,44,49.3,A,野根,野根 / NetID 18,2026-05-15,2026-05-15,132,21.82454531818182,20.785570419306683,1.0389748988751337,0.16112348587662,0.7946143250688705,High,0.7946143250688705,High,2026-05,GAM: cyclic Jday + SST anomaly + J-EGG500 IDW depth,historical_oisst_monthly_mean,NOAA OISST historical,Monthly mean of fixed-reference relative percentiles; not an absolute probability.
2026,5,14,33.311308,134.201197,35.8,30,35.8,A,椎名,椎名 / NetID 14,2026-05-15,2026-05-15,132,21.929545227272726,20.785570419306683,1.1439748079660423,0.15110074120592737,0.7856060606060606,High,0.7856060606060606,High,2026-05,GAM: cyclic Jday + SST anomaly + J-EGG500 IDW depth,historical_oisst_monthly_mean,NOAA OISST historical,Monthly mean of fixed-reference relative percentiles; not an absolute probability.
2026,5,11,32.77052,133.019357,47.4,28,47.4,B,窪津,窪津 / NetID 11,2026-05-15,2026-05-15,132,22.112272545454545,20.785570419306683,1.3267021261478609,0.13147147382447602,0.7660192837465565,High,0.7660192837465565,High,2026-05,GAM: cyclic Jday + SST anomaly + J-EGG500 IDW depth,historical_oisst_monthly_mean,NOAA OISST historical,Monthly mean of fixed-reference relative percentiles; not an absolute probability.
2026,5,3,32.812774,132.642032,54.7,44,54.7,A,橘浦,橘浦 / NetID 3,2026-05-15,2026-05-15,132,21.631818045454544,20.785570419306683,0.8462476261478608,0.13197066379270098,0.7654820936639118,High,0.7654820936639118,High,2026-05,GAM: cyclic Jday + SST anomaly + J-EGG500 IDW depth,historical_oisst_monthly_mean,NOAA OISST historical,Monthly mean of fixed-reference relative percentiles; not an absolute probability.
2026,5,2,32.802579,132.633563,56,41,56,C,安満地,安満地 / NetID 2,2026-05-15,2026-05-15,132,21.631818045454544,20.785570419306683,0.8462476261478608,0.12062845879565494,0.7524517906336088,High,0.7524517906336088,High,2026-05,GAM: cyclic Jday + SST anomaly + J-EGG500 IDW depth,historical_oisst_monthly_mean,NOAA OISST historical,Monthly mean of fixed-reference relative percentiles; not an absolute probability.
2026,5,15,33.269809,134.202371,56.9,47,56.9,A,高岡,高岡 / NetID 15,2026-05-15,2026-05-15,132,21.929545227272726,20.785570419306683,1.1439748079660423,0.11940975955054543,0.7514462809917355,High,0.7514462809917355,High,2026-05,GAM: cyclic Jday + SST anomaly + J-EGG500 IDW depth,historical_oisst_monthly_mean,NOAA OISST historical,Monthly mean of fixed-reference relative percentiles; not an absolute probability.
2026,5,20,33.593837,134.379416,36.1,33,36.1,A,鞆浦,鞆浦 / NetID 20,2026-05-15,2026-05-15,132,20.831817954545453,20.785570419306683,0.0462475352387699,0.10804786638522748,0.7387741046831956,Moderate,0.7387741046831956,Moderate,2026-05,GAM: cyclic Jday + SST anomaly + J-EGG500 IDW depth,historical_oisst_monthly_mean,NOAA OISST historical,Monthly mean of fixed-reference relative percentiles; not an absolute probability.
2026,5,10,33.35765,133.337593,6.1,19,6.1,A,双子,双子 / NetID 10,2026-05-15,2026-05-15,132,21.502726954545455,20.785570419306683,0.7171565352387699,0.07736161383990162,0.6892148760330579,Moderate,0.6892148760330579,Moderate,2026-05,GAM: cyclic Jday + SST anomaly + J-EGG500 IDW depth,historical_oisst_monthly_mean,NOAA OISST historical,Monthly mean of fixed-reference relative percentiles; not an absolute probability.
2026,5,12,33.400017,134.011099,23.7,26,23.7,A,奈半利,奈半利 / NetID 12,2026-05-15,2026-05-15,132,21.929545227272726,20.785570419306683,1.1439748079660423,0.04816241445273791,0.6161707988980716,Moderate,0.6161707988980716,Moderate,2026-05,GAM: cyclic Jday + SST anomaly + J-EGG500 IDW depth,historical_oisst_monthly_mean,NOAA OISST historical,Monthly mean of fixed-reference relative percentiles; not an absolute probability.
2026,5,8,32.734923,133.029438,42.8,49,42.8,A,伊佐,伊佐 / NetID 8,2026-05-15,2026-05-15,132,23.077272545454544,20.785570419306683,2.291702126147861,0.04203580360955235,0.5967493112947658,Moderate,0.5967493112947658,Moderate,2026-05,GAM: cyclic Jday + SST anomaly + J-EGG500 IDW depth,historical_oisst_monthly_mean,NOAA OISST historical,Monthly mean of fixed-reference relative percentiles; not an absolute probability.
2026,5,9,33.159542,133.224963,42,34,42,A,窪川,窪川 / NetID 9,2026-05-15,2026-05-15,132,21.60590890909091,20.785570419306683,0.8203384897842247,0.02720707345522815,0.5248760330578512,Moderate,0.5248760330578512,Moderate,2026-05,GAM: cyclic Jday + SST anomaly + J-EGG500 IDW depth,historical_oisst_monthly_mean,NOAA OISST historical,Monthly mean of fixed-reference relative percentiles; not an absolute probability.
2026,5,1,32.793914,132.628975,40,30,40,A,一切,一切 / NetID 1,2026-05-15,2026-05-15,132,21.631818045454544,20.785570419306683,0.8462476261478608,0.024733022515180805,0.5078374655647383,Moderate,0.5078374655647383,Moderate,2026-05,GAM: cyclic Jday + SST anomaly + J-EGG500 IDW depth,historical_oisst_monthly_mean,NOAA OISST historical,Monthly mean of fixed-reference relative percentiles; not an absolute probability.
2026,5,4,32.784353,132.703013,40.3,45,40.3,B,古満目,古満目 / NetID 4,2026-05-15,2026-05-15,132,21.631818045454544,20.785570419306683,0.8462476261478608,0.023982665445923805,0.5025482093663912,Moderate,0.5025482093663912,Moderate,2026-05,GAM: cyclic Jday + SST anomaly + J-EGG500 IDW depth,historical_oisst_monthly_mean,NOAA OISST historical,Monthly mean of fixed-reference relative percentiles; not an absolute probability.
2026,5,13,33.360612,134.043999,17.1,23,17.1,A,羽根,羽根 / NetID 13,2026-05-15,2026-05-15,132,21.929545227272726,20.785570419306683,1.1439748079660423,0.015849761519833763,0.4351515151515152,Low,0.4351515151515152,Low,2026-05,GAM: cyclic Jday + SST anomaly + J-EGG500 IDW depth,historical_oisst_monthly_mean,NOAA OISST historical,Monthly mean of fixed-reference relative percentiles; not an absolute probability.
